image_path,true_label,true_class,pred_prob_kusurlu,pred_label,pred_class,sonuc_tipi
/content/drive/MyDrive/DERİNMODEL/01_veri_seti/islenmis_veri/test/kusurlu/Class1_Test_0002.PNG,1,kusurlu,0.81086403,1,kusurlu,dogru_kusurlu
/content/drive/MyDrive/DERİNMODEL/01_veri_seti/islenmis_veri/test/kusurlu/Class1_Test_0010.PNG,1,kusurlu,0.46405843,0,kusursuz,kacan_kusurlu
/content/drive/MyDrive/DERİNMODEL/01_veri_seti/islenmis_veri/test/kusurlu/Class1_Test_0021.PNG,1,kusurlu,0.70280504,1,kusurlu,dogru_kusurlu
/content/drive/MyDrive/DERİNMODEL/01_veri_seti/islenmis_veri/test/kusurlu/Class1_Test_0027.PNG,1,kusurlu,0.79991007,1,kusurlu,dogru_kusurlu
/content/drive/MyDrive/DERİNMODEL/01_veri_seti/islenmis_veri/test/kusurlu/Class1_Test_0032.PNG,1,kusurlu,0.9041517,1,kusurlu,dogru_kusurlu
/content/drive/MyDrive/DERİNMODEL/01_veri_seti/islenmis_veri/test/kusurlu/Class1_Test_0035.PNG,1,kusurlu,0.7975959,1,kusurlu,dogru_kusurlu
/content/drive/MyDrive/DERİNMODEL/01_veri_seti/islenmis_veri/test/kusurlu/Class1_Test_0041.PNG,1,kusurlu,0.5480042,0,kusursuz,kacan_kusurlu
/content/drive/MyDrive/DERİNMODEL/01_veri_seti/islenmis_veri/test/kusurlu/Class1_Test_0043.PNG,1,kusurlu,0.67821455,1,kusurlu,dogru_kusurlu
/content/drive/MyDrive/DERİNMODEL/01_veri_seti/islenmis_veri/test/kusurlu/Class1_Test_0048.PNG,1,kusurlu,0.85798013,1,kusurlu,dogru_kusurlu
/content/drive/MyDrive/DERİNMODEL/01_veri_seti/islenmis_veri/test/kusurlu/Class1_Test_0060.PNG,1,kusurlu,0.45851496,0,kusursuz,kacan_kusurlu
/content/drive/MyDrive/DERİNMODEL/01_veri_seti/islenmis_veri/test/kusurlu/Class1_Test_0065.PNG,1,kusurlu,0.7839885,1,kusurlu,dogru_kusurlu
/content/drive/MyDrive/DERİNMODEL/01_veri_seti/islenmis_veri/test/kusurlu/Class1_Test_0078.PNG,1,kusurlu,0.74987876,1,kusurlu,dogru_kusurlu
/content/drive/MyDrive/DERİNMODEL/01_veri_seti/islenmis_veri/test/kusurlu/Class1_Test_0082.PNG,1,kusurlu,0.51106876,0,kusursuz,kacan_kusurlu
/content/drive/MyDrive/DERİNMODEL/01_veri_seti/islenmis_veri/test/kusurlu/Class1_Test_0089.PNG,1,kusurlu,0.7479153,1,kusurlu,dogru_kusurlu
/content/drive/MyDrive/DERİNMODEL/01_veri_seti/islenmis_veri/test/kusurlu/Class1_Test_0112.PNG,1,kusurlu,0.7550795,1,kusurlu,dogru_kusurlu
/content/drive/MyDrive/DERİNMODEL/01_veri_seti/islenmis_veri/test/kusurlu/Class1_Test_0121.PNG,1,kusurlu,0.28822055,0,kusursuz,kacan_kusurlu
/content/drive/MyDrive/DERİNMODEL/01_veri_seti/islenmis_veri/test/kusurlu/Class1_Test_0126.PNG,1,kusurlu,0.36789867,0,kusursuz,kacan_kusurlu
/content/drive/MyDrive/DERİNMODEL/01_veri_seti/islenmis_veri/test/kusurlu/Class1_Test_0141.PNG,1,kusurlu,0.75263745,1,kusurlu,dogru_kusurlu
/content/drive/MyDrive/DERİNMODEL/01_veri_seti/islenmis_veri/test/kusurlu/Class1_Test_0146.PNG,1,kusurlu,0.5553443,0,kusursuz,kacan_kusurlu
/content/drive/MyDrive/DERİNMODEL/01_veri_seti/islenmis_veri/test/kusurlu/Class1_Test_0176.PNG,1,kusurlu,0.53134155,0,kusursuz,kacan_kusurlu
/content/drive/MyDrive/DERİNMODEL/01_veri_seti/islenmis_veri/test/kusurlu/Class1_Test_0180.PNG,1,kusurlu,0.31928587,0,kusursuz,kacan_kusurlu
/content/drive/MyDrive/DERİNMODEL/01_veri_seti/islenmis_veri/test/kusurlu/Class1_Test_0188.PNG,1,kusurlu,0.6761647,1,kusurlu,dogru_kusurlu
/content/drive/MyDrive/DERİNMODEL/01_veri_seti/islenmis_veri/test/kusurlu/Class1_Test_0194.PNG,1,kusurlu,0.7150268,1,kusurlu,dogru_kusurlu
/content/drive/MyDrive/DERİNMODEL/01_veri_seti/islenmis_veri/test/kusurlu/Class1_Test_0203.PNG,1,kusurlu,0.6640034,1,kusurlu,dogru_kusurlu
/content/drive/MyDrive/DERİNMODEL/01_veri_seti/islenmis_veri/test/kusurlu/Class1_Test_0204.PNG,1,kusurlu,0.605845,1,kusurlu,dogru_kusurlu
/content/drive/MyDrive/DERİNMODEL/01_veri_seti/islenmis_veri/test/kusurlu/Class1_Test_0224.PNG,1,kusurlu,0.8155078,1,kusurlu,dogru_kusurlu
/content/drive/MyDrive/DERİNMODEL/01_veri_seti/islenmis_veri/test/kusurlu/Class1_Test_0232.PNG,1,kusurlu,0.59784377,0,kusursuz,kacan_kusurlu
/content/drive/MyDrive/DERİNMODEL/01_veri_seti/islenmis_veri/test/kusurlu/Class1_Test_0234.PNG,1,kusurlu,0.6135465,1,kusurlu,dogru_kusurlu
/content/drive/MyDrive/DERİNMODEL/01_veri_seti/islenmis_veri/test/kusurlu/Class1_Test_0240.PNG,1,kusurlu,0.5207604,0,kusursuz,kacan_kusurlu
/content/drive/MyDrive/DERİNMODEL/01_veri_seti/islenmis_veri/test/kusurlu/Class1_Test_0253.PNG,1,kusurlu,0.90562904,1,kusurlu,dogru_kusurlu
/content/drive/MyDrive/DERİNMODEL/01_veri_seti/islenmis_veri/test/kusurlu/Class1_Test_0268.PNG,1,kusurlu,0.8636403,1,kusurlu,dogru_kusurlu
/content/drive/MyDrive/DERİNMODEL/01_veri_seti/islenmis_veri/test/kusurlu/Class1_Test_0272.PNG,1,kusurlu,0.9674037,1,kusurlu,dogru_kusurlu
/content/drive/MyDrive/DERİNMODEL/01_veri_seti/islenmis_veri/test/kusurlu/Class1_Test_0274.PNG,1,kusurlu,0.8486814,1,kusurlu,dogru_kusurlu
/content/drive/MyDrive/DERİNMODEL/01_veri_seti/islenmis_veri/test/kusurlu/Class1_Test_0283.PNG,1,kusurlu,0.3463402,0,kusursuz,kacan_kusurlu
/content/drive/MyDrive/DERİNMODEL/01_veri_seti/islenmis_veri/test/kusurlu/Class1_Test_0305.PNG,1,kusurlu,0.86803716,1,kusurlu,dogru_kusurlu
/content/drive/MyDrive/DERİNMODEL/01_veri_seti/islenmis_veri/test/kusurlu/Class1_Test_0345.PNG,1,kusurlu,0.88131654,1,kusurlu,dogru_kusurlu
/content/drive/MyDrive/DERİNMODEL/01_veri_seti/islenmis_veri/test/kusurlu/Class1_Test_0354.PNG,1,kusurlu,0.7708372,1,kusurlu,dogru_kusurlu
/content/drive/MyDrive/DERİNMODEL/01_veri_seti/islenmis_veri/test/kusurlu/Class1_Test_0356.PNG,1,kusurlu,0.7080127,1,kusurlu,dogru_kusurlu
/content/drive/MyDrive/DERİNMODEL/01_veri_seti/islenmis_veri/test/kusurlu/Class1_Test_0358.PNG,1,kusurlu,0.5433342,0,kusursuz,kacan_kusurlu
/content/drive/MyDrive/DERİNMODEL/01_veri_seti/islenmis_veri/test/kusurlu/Class1_Test_0360.PNG,1,kusurlu,0.68109417,1,kusurlu,dogru_kusurlu
/content/drive/MyDrive/DERİNMODEL/01_veri_seti/islenmis_veri/test/kusurlu/Class1_Test_0361.PNG,1,kusurlu,0.61817193,1,kusurlu,dogru_kusurlu
/content/drive/MyDrive/DERİNMODEL/01_veri_seti/islenmis_veri/test/kusurlu/Class1_Test_0367.PNG,1,kusurlu,0.6300382,1,kusurlu,dogru_kusurlu
/content/drive/MyDrive/DERİNMODEL/01_veri_seti/islenmis_veri/test/kusurlu/Class1_Test_0376.PNG,1,kusurlu,0.7420967,1,kusurlu,dogru_kusurlu
/content/drive/MyDrive/DERİNMODEL/01_veri_seti/islenmis_veri/test/kusurlu/Class1_Test_0378.PNG,1,kusurlu,0.94322616,1,kusurlu,dogru_kusurlu
/content/drive/MyDrive/DERİNMODEL/01_veri_seti/islenmis_veri/test/kusurlu/Class1_Test_0380.PNG,1,kusurlu,0.9219674,1,kusurlu,dogru_kusurlu
/content/drive/MyDrive/DERİNMODEL/01_veri_seti/islenmis_veri/test/kusurlu/Class1_Test_0381.PNG,1,kusurlu,0.8670441,1,kusurlu,dogru_kusurlu
/content/drive/MyDrive/DERİNMODEL/01_veri_seti/islenmis_veri/test/kusurlu/Class1_Test_0386.PNG,1,kusurlu,0.9159885,1,kusurlu,dogru_kusurlu
/content/drive/MyDrive/DERİNMODEL/01_veri_seti/islenmis_veri/test/kusurlu/Class1_Test_0420.PNG,1,kusurlu,0.64546174,1,kusurlu,dogru_kusurlu
/content/drive/MyDrive/DERİNMODEL/01_veri_seti/islenmis_veri/test/kusurlu/Class1_Test_0421.PNG,1,kusurlu,0.76476556,1,kusurlu,dogru_kusurlu
/content/drive/MyDrive/DERİNMODEL/01_veri_seti/islenmis_veri/test/kusurlu/Class1_Test_0430.PNG,1,kusurlu,0.31615344,0,kusursuz,kacan_kusurlu
/content/drive/MyDrive/DERİNMODEL/01_veri_seti/islenmis_veri/test/kusurlu/Class1_Test_0432.PNG,1,kusurlu,0.8160361,1,kusurlu,dogru_kusurlu
/content/drive/MyDrive/DERİNMODEL/01_veri_seti/islenmis_veri/test/kusurlu/Class1_Test_0439.PNG,1,kusurlu,0.6769307,1,kusurlu,dogru_kusurlu
/content/drive/MyDrive/DERİNMODEL/01_veri_seti/islenmis_veri/test/kusurlu/Class1_Test_0462.PNG,1,kusurlu,0.8376289,1,kusurlu,dogru_kusurlu
/content/drive/MyDrive/DERİNMODEL/01_veri_seti/islenmis_veri/test/kusurlu/Class1_Test_0467.PNG,1,kusurlu,0.7993039,1,kusurlu,dogru_kusurlu
/content/drive/MyDrive/DERİNMODEL/01_veri_seti/islenmis_veri/test/kusurlu/Class1_Test_0480.PNG,1,kusurlu,0.71587336,1,kusurlu,dogru_kusurlu
/content/drive/MyDrive/DERİNMODEL/01_veri_seti/islenmis_veri/test/kusurlu/Class1_Test_0482.PNG,1,kusurlu,0.7405878,1,kusurlu,dogru_kusurlu
/content/drive/MyDrive/DERİNMODEL/01_veri_seti/islenmis_veri/test/kusurlu/Class1_Test_0483.PNG,1,kusurlu,0.677067,1,kusurlu,dogru_kusurlu
/content/drive/MyDrive/DERİNMODEL/01_veri_seti/islenmis_veri/test/kusurlu/Class1_Test_0499.PNG,1,kusurlu,0.7512411,1,kusurlu,dogru_kusurlu
/content/drive/MyDrive/DERİNMODEL/01_veri_seti/islenmis_veri/test/kusurlu/Class1_Test_0504.PNG,1,kusurlu,0.81944096,1,kusurlu,dogru_kusurlu
/content/drive/MyDrive/DERİNMODEL/01_veri_seti/islenmis_veri/test/kusurlu/Class1_Test_0508.PNG,1,kusurlu,0.7360874,1,kusurlu,dogru_kusurlu
/content/drive/MyDrive/DERİNMODEL/01_veri_seti/islenmis_veri/test/kusurlu/Class1_Test_0509.PNG,1,kusurlu,0.72788686,1,kusurlu,dogru_kusurlu
/content/drive/MyDrive/DERİNMODEL/01_veri_seti/islenmis_veri/test/kusurlu/Class1_Test_0511.PNG,1,kusurlu,0.7362007,1,kusurlu,dogru_kusurlu
/content/drive/MyDrive/DERİNMODEL/01_veri_seti/islenmis_veri/test/kusurlu/Class1_Test_0519.PNG,1,kusurlu,0.82505304,1,kusurlu,dogru_kusurlu
/content/drive/MyDrive/DERİNMODEL/01_veri_seti/islenmis_veri/test/kusurlu/Class1_Test_0528.PNG,1,kusurlu,0.5652883,0,kusursuz,kacan_kusurlu
/content/drive/MyDrive/DERİNMODEL/01_veri_seti/islenmis_veri/test/kusurlu/Class1_Test_0530.PNG,1,kusurlu,0.7939385,1,kusurlu,dogru_kusurlu
/content/drive/MyDrive/DERİNMODEL/01_veri_seti/islenmis_veri/test/kusurlu/Class1_Test_0538.PNG,1,kusurlu,0.9469485,1,kusurlu,dogru_kusurlu
/content/drive/MyDrive/DERİNMODEL/01_veri_seti/islenmis_veri/test/kusurlu/Class1_Test_0548.PNG,1,kusurlu,0.6612443,1,kusurlu,dogru_kusurlu
/content/drive/MyDrive/DERİNMODEL/01_veri_seti/islenmis_veri/test/kusurlu/Class1_Test_0554.PNG,1,kusurlu,0.74003583,1,kusurlu,dogru_kusurlu
/content/drive/MyDrive/DERİNMODEL/01_veri_seti/islenmis_veri/test/kusurlu/Class1_Test_0556.PNG,1,kusurlu,0.6767201,1,kusurlu,dogru_kusurlu
/content/drive/MyDrive/DERİNMODEL/01_veri_seti/islenmis_veri/test/kusurlu/Class1_Test_0564.PNG,1,kusurlu,0.78167385,1,kusurlu,dogru_kusurlu
/content/drive/MyDrive/DERİNMODEL/01_veri_seti/islenmis_veri/test/kusurlu/Class1_Test_0568.PNG,1,kusurlu,0.65666544,1,kusurlu,dogru_kusurlu
/content/drive/MyDrive/DERİNMODEL/01_veri_seti/islenmis_veri/test/kusurlu/Class2_Test_0003.PNG,1,kusurlu,0.20969146,0,kusursuz,kacan_kusurlu
/content/drive/MyDrive/DERİNMODEL/01_veri_seti/islenmis_veri/test/kusurlu/Class2_Test_0007.PNG,1,kusurlu,0.82545686,1,kusurlu,dogru_kusurlu
/content/drive/MyDrive/DERİNMODEL/01_veri_seti/islenmis_veri/test/kusurlu/Class2_Test_0009.PNG,1,kusurlu,0.663019,1,kusurlu,dogru_kusurlu
/content/drive/MyDrive/DERİNMODEL/01_veri_seti/islenmis_veri/test/kusurlu/Class2_Test_0013.PNG,1,kusurlu,0.99127465,1,kusurlu,dogru_kusurlu
/content/drive/MyDrive/DERİNMODEL/01_veri_seti/islenmis_veri/test/kusurlu/Class2_Test_0014.PNG,1,kusurlu,0.510511,0,kusursuz,kacan_kusurlu
/content/drive/MyDrive/DERİNMODEL/01_veri_seti/islenmis_veri/test/kusurlu/Class2_Test_0017.PNG,1,kusurlu,0.9931074,1,kusurlu,dogru_kusurlu
/content/drive/MyDrive/DERİNMODEL/01_veri_seti/islenmis_veri/test/kusurlu/Class2_Test_0033.PNG,1,kusurlu,0.22062413,0,kusursuz,kacan_kusurlu
/content/drive/MyDrive/DERİNMODEL/01_veri_seti/islenmis_veri/test/kusurlu/Class2_Test_0039.PNG,1,kusurlu,0.6998631,1,kusurlu,dogru_kusurlu
/content/drive/MyDrive/DERİNMODEL/01_veri_seti/islenmis_veri/test/kusurlu/Class2_Test_0045.PNG,1,kusurlu,0.9681761,1,kusurlu,dogru_kusurlu
/content/drive/MyDrive/DERİNMODEL/01_veri_seti/islenmis_veri/test/kusurlu/Class2_Test_0057.PNG,1,kusurlu,0.9910734,1,kusurlu,dogru_kusurlu
/content/drive/MyDrive/DERİNMODEL/01_veri_seti/islenmis_veri/test/kusurlu/Class2_Test_0063.PNG,1,kusurlu,0.80086863,1,kusurlu,dogru_kusurlu
/content/drive/MyDrive/DERİNMODEL/01_veri_seti/islenmis_veri/test/kusurlu/Class2_Test_0070.PNG,1,kusurlu,0.33019927,0,kusursuz,kacan_kusurlu
/content/drive/MyDrive/DERİNMODEL/01_veri_seti/islenmis_veri/test/kusurlu/Class2_Test_0076.PNG,1,kusurlu,0.3679397,0,kusursuz,kacan_kusurlu
/content/drive/MyDrive/DERİNMODEL/01_veri_seti/islenmis_veri/test/kusurlu/Class2_Test_0083.PNG,1,kusurlu,0.26246318,0,kusursuz,kacan_kusurlu
/content/drive/MyDrive/DERİNMODEL/01_veri_seti/islenmis_veri/test/kusurlu/Class2_Test_0106.PNG,1,kusurlu,0.51578796,0,kusursuz,kacan_kusurlu
/content/drive/MyDrive/DERİNMODEL/01_veri_seti/islenmis_veri/test/kusurlu/Class2_Test_0120.PNG,1,kusurlu,0.34135044,0,kusursuz,kacan_kusurlu
/content/drive/MyDrive/DERİNMODEL/01_veri_seti/islenmis_veri/test/kusurlu/Class2_Test_0121.PNG,1,kusurlu,0.95540035,1,kusurlu,dogru_kusurlu
/content/drive/MyDrive/DERİNMODEL/01_veri_seti/islenmis_veri/test/kusurlu/Class2_Test_0124.PNG,1,kusurlu,0.9928877,1,kusurlu,dogru_kusurlu
/content/drive/MyDrive/DERİNMODEL/01_veri_seti/islenmis_veri/test/kusurlu/Class2_Test_0128.PNG,1,kusurlu,0.31023437,0,kusursuz,kacan_kusurlu
/content/drive/MyDrive/DERİNMODEL/01_veri_seti/islenmis_veri/test/kusurlu/Class2_Test_0133.PNG,1,kusurlu,0.9582134,1,kusurlu,dogru_kusurlu
/content/drive/MyDrive/DERİNMODEL/01_veri_seti/islenmis_veri/test/kusurlu/Class2_Test_0137.PNG,1,kusurlu,0.491138,0,kusursuz,kacan_kusurlu
/content/drive/MyDrive/DERİNMODEL/01_veri_seti/islenmis_veri/test/kusurlu/Class2_Test_0143.PNG,1,kusurlu,0.6638092,1,kusurlu,dogru_kusurlu
/content/drive/MyDrive/DERİNMODEL/01_veri_seti/islenmis_veri/test/kusurlu/Class2_Test_0145.PNG,1,kusurlu,0.9994142,1,kusurlu,dogru_kusurlu
/content/drive/MyDrive/DERİNMODEL/01_veri_seti/islenmis_veri/test/kusurlu/Class2_Test_0146.PNG,1,kusurlu,0.9883435,1,kusurlu,dogru_kusurlu
/content/drive/MyDrive/DERİNMODEL/01_veri_seti/islenmis_veri/test/kusurlu/Class2_Test_0148.PNG,1,kusurlu,0.17970857,0,kusursuz,kacan_kusurlu
/content/drive/MyDrive/DERİNMODEL/01_veri_seti/islenmis_veri/test/kusurlu/Class2_Test_0159.PNG,1,kusurlu,0.95818067,1,kusurlu,dogru_kusurlu
/content/drive/MyDrive/DERİNMODEL/01_veri_seti/islenmis_veri/test/kusurlu/Class2_Test_0164.PNG,1,kusurlu,0.45225704,0,kusursuz,kacan_kusurlu
/content/drive/MyDrive/DERİNMODEL/01_veri_seti/islenmis_veri/test/kusurlu/Class2_Test_0169.PNG,1,kusurlu,0.80323756,1,kusurlu,dogru_kusurlu
/content/drive/MyDrive/DERİNMODEL/01_veri_seti/islenmis_veri/test/kusurlu/Class2_Test_0179.PNG,1,kusurlu,0.5606398,0,kusursuz,kacan_kusurlu
/content/drive/MyDrive/DERİNMODEL/01_veri_seti/islenmis_veri/test/kusurlu/Class2_Test_0181.PNG,1,kusurlu,0.18203059,0,kusursuz,kacan_kusurlu
/content/drive/MyDrive/DERİNMODEL/01_veri_seti/islenmis_veri/test/kusurlu/Class2_Test_0197.PNG,1,kusurlu,0.90589845,1,kusurlu,dogru_kusurlu
/content/drive/MyDrive/DERİNMODEL/01_veri_seti/islenmis_veri/test/kusurlu/Class2_Test_0198.PNG,1,kusurlu,0.38627848,0,kusursuz,kacan_kusurlu
/content/drive/MyDrive/DERİNMODEL/01_veri_seti/islenmis_veri/test/kusurlu/Class2_Test_0202.PNG,1,kusurlu,0.52975404,0,kusursuz,kacan_kusurlu
/content/drive/MyDrive/DERİNMODEL/01_veri_seti/islenmis_veri/test/kusurlu/Class2_Test_0203.PNG,1,kusurlu,0.88917816,1,kusurlu,dogru_kusurlu
/content/drive/MyDrive/DERİNMODEL/01_veri_seti/islenmis_veri/test/kusurlu/Class2_Test_0206.PNG,1,kusurlu,0.9976548,1,kusurlu,dogru_kusurlu
/content/drive/MyDrive/DERİNMODEL/01_veri_seti/islenmis_veri/test/kusurlu/Class2_Test_0207.PNG,1,kusurlu,0.9988918,1,kusurlu,dogru_kusurlu
/content/drive/MyDrive/DERİNMODEL/01_veri_seti/islenmis_veri/test/kusurlu/Class2_Test_0210.PNG,1,kusurlu,0.97256935,1,kusurlu,dogru_kusurlu
/content/drive/MyDrive/DERİNMODEL/01_veri_seti/islenmis_veri/test/kusurlu/Class2_Test_0218.PNG,1,kusurlu,0.8524805,1,kusurlu,dogru_kusurlu
/content/drive/MyDrive/DERİNMODEL/01_veri_seti/islenmis_veri/test/kusurlu/Class2_Test_0224.PNG,1,kusurlu,0.94181913,1,kusurlu,dogru_kusurlu
/content/drive/MyDrive/DERİNMODEL/01_veri_seti/islenmis_veri/test/kusurlu/Class2_Test_0230.PNG,1,kusurlu,0.6132775,1,kusurlu,dogru_kusurlu
/content/drive/MyDrive/DERİNMODEL/01_veri_seti/islenmis_veri/test/kusurlu/Class2_Test_0236.PNG,1,kusurlu,0.4229639,0,kusursuz,kacan_kusurlu
/content/drive/MyDrive/DERİNMODEL/01_veri_seti/islenmis_veri/test/kusurlu/Class2_Test_0238.PNG,1,kusurlu,0.98216736,1,kusurlu,dogru_kusurlu
/content/drive/MyDrive/DERİNMODEL/01_veri_seti/islenmis_veri/test/kusurlu/Class2_Test_0248.PNG,1,kusurlu,0.48219055,0,kusursuz,kacan_kusurlu
/content/drive/MyDrive/DERİNMODEL/01_veri_seti/islenmis_veri/test/kusurlu/Class2_Test_0251.PNG,1,kusurlu,0.9794654,1,kusurlu,dogru_kusurlu
/content/drive/MyDrive/DERİNMODEL/01_veri_seti/islenmis_veri/test/kusurlu/Class2_Test_0258.PNG,1,kusurlu,0.6582491,1,kusurlu,dogru_kusurlu
/content/drive/MyDrive/DERİNMODEL/01_veri_seti/islenmis_veri/test/kusurlu/Class2_Test_0279.PNG,1,kusurlu,0.32730788,0,kusursuz,kacan_kusurlu
/content/drive/MyDrive/DERİNMODEL/01_veri_seti/islenmis_veri/test/kusurlu/Class2_Test_0288.PNG,1,kusurlu,0.7619034,1,kusurlu,dogru_kusurlu
/content/drive/MyDrive/DERİNMODEL/01_veri_seti/islenmis_veri/test/kusurlu/Class2_Test_0290.PNG,1,kusurlu,0.98622394,1,kusurlu,dogru_kusurlu
/content/drive/MyDrive/DERİNMODEL/01_veri_seti/islenmis_veri/test/kusurlu/Class2_Test_0295.PNG,1,kusurlu,0.9852379,1,kusurlu,dogru_kusurlu
/content/drive/MyDrive/DERİNMODEL/01_veri_seti/islenmis_veri/test/kusurlu/Class2_Test_0296.PNG,1,kusurlu,0.42746463,0,kusursuz,kacan_kusurlu
/content/drive/MyDrive/DERİNMODEL/01_veri_seti/islenmis_veri/test/kusurlu/Class2_Test_0313.PNG,1,kusurlu,0.8421261,1,kusurlu,dogru_kusurlu
/content/drive/MyDrive/DERİNMODEL/01_veri_seti/islenmis_veri/test/kusurlu/Class2_Test_0319.PNG,1,kusurlu,0.99763274,1,kusurlu,dogru_kusurlu
/content/drive/MyDrive/DERİNMODEL/01_veri_seti/islenmis_veri/test/kusurlu/Class2_Test_0320.PNG,1,kusurlu,0.7560666,1,kusurlu,dogru_kusurlu
/content/drive/MyDrive/DERİNMODEL/01_veri_seti/islenmis_veri/test/kusurlu/Class2_Test_0339.PNG,1,kusurlu,0.9951792,1,kusurlu,dogru_kusurlu
/content/drive/MyDrive/DERİNMODEL/01_veri_seti/islenmis_veri/test/kusurlu/Class2_Test_0356.PNG,1,kusurlu,0.9373785,1,kusurlu,dogru_kusurlu
/content/drive/MyDrive/DERİNMODEL/01_veri_seti/islenmis_veri/test/kusurlu/Class2_Test_0369.PNG,1,kusurlu,0.19566377,0,kusursuz,kacan_kusurlu
/content/drive/MyDrive/DERİNMODEL/01_veri_seti/islenmis_veri/test/kusurlu/Class2_Test_0377.PNG,1,kusurlu,0.5941178,0,kusursuz,kacan_kusurlu
/content/drive/MyDrive/DERİNMODEL/01_veri_seti/islenmis_veri/test/kusurlu/Class2_Test_0397.PNG,1,kusurlu,0.20421647,0,kusursuz,kacan_kusurlu
/content/drive/MyDrive/DERİNMODEL/01_veri_seti/islenmis_veri/test/kusurlu/Class2_Test_0401.PNG,1,kusurlu,0.47464383,0,kusursuz,kacan_kusurlu
/content/drive/MyDrive/DERİNMODEL/01_veri_seti/islenmis_veri/test/kusurlu/Class2_Test_0411.PNG,1,kusurlu,0.636598,1,kusurlu,dogru_kusurlu
/content/drive/MyDrive/DERİNMODEL/01_veri_seti/islenmis_veri/test/kusurlu/Class2_Test_0423.PNG,1,kusurlu,0.9818781,1,kusurlu,dogru_kusurlu
/content/drive/MyDrive/DERİNMODEL/01_veri_seti/islenmis_veri/test/kusurlu/Class2_Test_0428.PNG,1,kusurlu,0.9336237,1,kusurlu,dogru_kusurlu
/content/drive/MyDrive/DERİNMODEL/01_veri_seti/islenmis_veri/test/kusurlu/Class2_Test_0429.PNG,1,kusurlu,0.60408247,1,kusurlu,dogru_kusurlu
/content/drive/MyDrive/DERİNMODEL/01_veri_seti/islenmis_veri/test/kusurlu/Class2_Test_0436.PNG,1,kusurlu,0.91005653,1,kusurlu,dogru_kusurlu
/content/drive/MyDrive/DERİNMODEL/01_veri_seti/islenmis_veri/test/kusurlu/Class2_Test_0438.PNG,1,kusurlu,0.9110094,1,kusurlu,dogru_kusurlu
/content/drive/MyDrive/DERİNMODEL/01_veri_seti/islenmis_veri/test/kusurlu/Class2_Test_0447.PNG,1,kusurlu,0.29724395,0,kusursuz,kacan_kusurlu
/content/drive/MyDrive/DERİNMODEL/01_veri_seti/islenmis_veri/test/kusurlu/Class2_Test_0449.PNG,1,kusurlu,0.96346253,1,kusurlu,dogru_kusurlu
/content/drive/MyDrive/DERİNMODEL/01_veri_seti/islenmis_veri/test/kusurlu/Class2_Test_0458.PNG,1,kusurlu,0.50388026,0,kusursuz,kacan_kusurlu
/content/drive/MyDrive/DERİNMODEL/01_veri_seti/islenmis_veri/test/kusurlu/Class2_Test_0461.PNG,1,kusurlu,0.9554122,1,kusurlu,dogru_kusurlu
/content/drive/MyDrive/DERİNMODEL/01_veri_seti/islenmis_veri/test/kusurlu/Class2_Test_0467.PNG,1,kusurlu,0.9610742,1,kusurlu,dogru_kusurlu
/content/drive/MyDrive/DERİNMODEL/01_veri_seti/islenmis_veri/test/kusurlu/Class2_Test_0468.PNG,1,kusurlu,0.974686,1,kusurlu,dogru_kusurlu
/content/drive/MyDrive/DERİNMODEL/01_veri_seti/islenmis_veri/test/kusurlu/Class2_Test_0470.PNG,1,kusurlu,0.6241269,1,kusurlu,dogru_kusurlu
/content/drive/MyDrive/DERİNMODEL/01_veri_seti/islenmis_veri/test/kusurlu/Class2_Test_0475.PNG,1,kusurlu,0.3898715,0,kusursuz,kacan_kusurlu
/content/drive/MyDrive/DERİNMODEL/01_veri_seti/islenmis_veri/test/kusurlu/Class2_Test_0483.PNG,1,kusurlu,0.8600055,1,kusurlu,dogru_kusurlu
/content/drive/MyDrive/DERİNMODEL/01_veri_seti/islenmis_veri/test/kusurlu/Class2_Test_0488.PNG,1,kusurlu,0.14818354,0,kusursuz,kacan_kusurlu
/content/drive/MyDrive/DERİNMODEL/01_veri_seti/islenmis_veri/test/kusurlu/Class2_Test_0490.PNG,1,kusurlu,0.99691725,1,kusurlu,dogru_kusurlu
/content/drive/MyDrive/DERİNMODEL/01_veri_seti/islenmis_veri/test/kusurlu/Class2_Test_0503.PNG,1,kusurlu,0.48095813,0,kusursuz,kacan_kusurlu
/content/drive/MyDrive/DERİNMODEL/01_veri_seti/islenmis_veri/test/kusurlu/Class2_Test_0514.PNG,1,kusurlu,0.83356875,1,kusurlu,dogru_kusurlu
/content/drive/MyDrive/DERİNMODEL/01_veri_seti/islenmis_veri/test/kusurlu/Class2_Test_0515.PNG,1,kusurlu,0.98376703,1,kusurlu,dogru_kusurlu
/content/drive/MyDrive/DERİNMODEL/01_veri_seti/islenmis_veri/test/kusurlu/Class2_Test_0519.PNG,1,kusurlu,0.95769054,1,kusurlu,dogru_kusurlu
/content/drive/MyDrive/DERİNMODEL/01_veri_seti/islenmis_veri/test/kusurlu/Class2_Test_0529.PNG,1,kusurlu,0.45961002,0,kusursuz,kacan_kusurlu
/content/drive/MyDrive/DERİNMODEL/01_veri_seti/islenmis_veri/test/kusurlu/Class2_Test_0538.PNG,1,kusurlu,0.9190889,1,kusurlu,dogru_kusurlu
/content/drive/MyDrive/DERİNMODEL/01_veri_seti/islenmis_veri/test/kusurlu/Class2_Test_0574.PNG,1,kusurlu,0.9730939,1,kusurlu,dogru_kusurlu
/content/drive/MyDrive/DERİNMODEL/01_veri_seti/islenmis_veri/test/kusurlu/Class2_Test_0575.PNG,1,kusurlu,0.9532718,1,kusurlu,dogru_kusurlu
/content/drive/MyDrive/DERİNMODEL/01_veri_seti/islenmis_veri/test/kusurlu/Class3_Test_0007.PNG,1,kusurlu,0.546088,0,kusursuz,kacan_kusurlu
/content/drive/MyDrive/DERİNMODEL/01_veri_seti/islenmis_veri/test/kusurlu/Class3_Test_0034.PNG,1,kusurlu,0.4232084,0,kusursuz,kacan_kusurlu
/content/drive/MyDrive/DERİNMODEL/01_veri_seti/islenmis_veri/test/kusurlu/Class3_Test_0060.PNG,1,kusurlu,0.41783702,0,kusursuz,kacan_kusurlu
/content/drive/MyDrive/DERİNMODEL/01_veri_seti/islenmis_veri/test/kusurlu/Class3_Test_0064.PNG,1,kusurlu,0.7133287,1,kusurlu,dogru_kusurlu
/content/drive/MyDrive/DERİNMODEL/01_veri_seti/islenmis_veri/test/kusurlu/Class3_Test_0068.PNG,1,kusurlu,0.37046087,0,kusursuz,kacan_kusurlu
/content/drive/MyDrive/DERİNMODEL/01_veri_seti/islenmis_veri/test/kusurlu/Class3_Test_0097.PNG,1,kusurlu,0.5169719,0,kusursuz,kacan_kusurlu
/content/drive/MyDrive/DERİNMODEL/01_veri_seti/islenmis_veri/test/kusurlu/Class3_Test_0102.PNG,1,kusurlu,0.44495195,0,kusursuz,kacan_kusurlu
/content/drive/MyDrive/DERİNMODEL/01_veri_seti/islenmis_veri/test/kusurlu/Class3_Test_0111.PNG,1,kusurlu,0.6714464,1,kusurlu,dogru_kusurlu
/content/drive/MyDrive/DERİNMODEL/01_veri_seti/islenmis_veri/test/kusurlu/Class3_Test_0113.PNG,1,kusurlu,0.40749007,0,kusursuz,kacan_kusurlu
/content/drive/MyDrive/DERİNMODEL/01_veri_seti/islenmis_veri/test/kusurlu/Class3_Test_0114.PNG,1,kusurlu,0.607895,1,kusurlu,dogru_kusurlu
/content/drive/MyDrive/DERİNMODEL/01_veri_seti/islenmis_veri/test/kusurlu/Class3_Test_0115.PNG,1,kusurlu,0.6138092,1,kusurlu,dogru_kusurlu
/content/drive/MyDrive/DERİNMODEL/01_veri_seti/islenmis_veri/test/kusurlu/Class3_Test_0116.PNG,1,kusurlu,0.33994037,0,kusursuz,kacan_kusurlu
/content/drive/MyDrive/DERİNMODEL/01_veri_seti/islenmis_veri/test/kusurlu/Class3_Test_0119.PNG,1,kusurlu,0.3622101,0,kusursuz,kacan_kusurlu
/content/drive/MyDrive/DERİNMODEL/01_veri_seti/islenmis_veri/test/kusurlu/Class3_Test_0129.PNG,1,kusurlu,0.5450602,0,kusursuz,kacan_kusurlu
/content/drive/MyDrive/DERİNMODEL/01_veri_seti/islenmis_veri/test/kusurlu/Class3_Test_0134.PNG,1,kusurlu,0.44130784,0,kusursuz,kacan_kusurlu
/content/drive/MyDrive/DERİNMODEL/01_veri_seti/islenmis_veri/test/kusurlu/Class3_Test_0135.PNG,1,kusurlu,0.46567026,0,kusursuz,kacan_kusurlu
/content/drive/MyDrive/DERİNMODEL/01_veri_seti/islenmis_veri/test/kusurlu/Class3_Test_0137.PNG,1,kusurlu,0.37823024,0,kusursuz,kacan_kusurlu
/content/drive/MyDrive/DERİNMODEL/01_veri_seti/islenmis_veri/test/kusurlu/Class3_Test_0138.PNG,1,kusurlu,0.5231881,0,kusursuz,kacan_kusurlu
/content/drive/MyDrive/DERİNMODEL/01_veri_seti/islenmis_veri/test/kusurlu/Class3_Test_0151.PNG,1,kusurlu,0.33567655,0,kusursuz,kacan_kusurlu
/content/drive/MyDrive/DERİNMODEL/01_veri_seti/islenmis_veri/test/kusurlu/Class3_Test_0157.PNG,1,kusurlu,0.3580637,0,kusursuz,kacan_kusurlu
/content/drive/MyDrive/DERİNMODEL/01_veri_seti/islenmis_veri/test/kusurlu/Class3_Test_0160.PNG,1,kusurlu,0.4998521,0,kusursuz,kacan_kusurlu
/content/drive/MyDrive/DERİNMODEL/01_veri_seti/islenmis_veri/test/kusurlu/Class3_Test_0168.PNG,1,kusurlu,0.46682152,0,kusursuz,kacan_kusurlu
/content/drive/MyDrive/DERİNMODEL/01_veri_seti/islenmis_veri/test/kusurlu/Class3_Test_0171.PNG,1,kusurlu,0.6038417,1,kusurlu,dogru_kusurlu
/content/drive/MyDrive/DERİNMODEL/01_veri_seti/islenmis_veri/test/kusurlu/Class3_Test_0178.PNG,1,kusurlu,0.50344867,0,kusursuz,kacan_kusurlu
/content/drive/MyDrive/DERİNMODEL/01_veri_seti/islenmis_veri/test/kusurlu/Class3_Test_0182.PNG,1,kusurlu,0.61030537,1,kusurlu,dogru_kusurlu
/content/drive/MyDrive/DERİNMODEL/01_veri_seti/islenmis_veri/test/kusurlu/Class3_Test_0188.PNG,1,kusurlu,0.35533795,0,kusursuz,kacan_kusurlu
/content/drive/MyDrive/DERİNMODEL/01_veri_seti/islenmis_veri/test/kusurlu/Class3_Test_0204.PNG,1,kusurlu,0.3979951,0,kusursuz,kacan_kusurlu
/content/drive/MyDrive/DERİNMODEL/01_veri_seti/islenmis_veri/test/kusurlu/Class3_Test_0227.PNG,1,kusurlu,0.58820486,0,kusursuz,kacan_kusurlu
/content/drive/MyDrive/DERİNMODEL/01_veri_seti/islenmis_veri/test/kusurlu/Class3_Test_0231.PNG,1,kusurlu,0.4967705,0,kusursuz,kacan_kusurlu
/content/drive/MyDrive/DERİNMODEL/01_veri_seti/islenmis_veri/test/kusurlu/Class3_Test_0232.PNG,1,kusurlu,0.53595644,0,kusursuz,kacan_kusurlu
/content/drive/MyDrive/DERİNMODEL/01_veri_seti/islenmis_veri/test/kusurlu/Class3_Test_0240.PNG,1,kusurlu,0.5775483,0,kusursuz,kacan_kusurlu
/content/drive/MyDrive/DERİNMODEL/01_veri_seti/islenmis_veri/test/kusurlu/Class3_Test_0242.PNG,1,kusurlu,0.48432344,0,kusursuz,kacan_kusurlu
/content/drive/MyDrive/DERİNMODEL/01_veri_seti/islenmis_veri/test/kusurlu/Class3_Test_0243.PNG,1,kusurlu,0.37430838,0,kusursuz,kacan_kusurlu
/content/drive/MyDrive/DERİNMODEL/01_veri_seti/islenmis_veri/test/kusurlu/Class3_Test_0246.PNG,1,kusurlu,0.45487332,0,kusursuz,kacan_kusurlu
/content/drive/MyDrive/DERİNMODEL/01_veri_seti/islenmis_veri/test/kusurlu/Class3_Test_0248.PNG,1,kusurlu,0.4350087,0,kusursuz,kacan_kusurlu
/content/drive/MyDrive/DERİNMODEL/01_veri_seti/islenmis_veri/test/kusurlu/Class3_Test_0254.PNG,1,kusurlu,0.5447628,0,kusursuz,kacan_kusurlu
/content/drive/MyDrive/DERİNMODEL/01_veri_seti/islenmis_veri/test/kusurlu/Class3_Test_0257.PNG,1,kusurlu,0.4611638,0,kusursuz,kacan_kusurlu
/content/drive/MyDrive/DERİNMODEL/01_veri_seti/islenmis_veri/test/kusurlu/Class3_Test_0261.PNG,1,kusurlu,0.57150716,0,kusursuz,kacan_kusurlu
/content/drive/MyDrive/DERİNMODEL/01_veri_seti/islenmis_veri/test/kusurlu/Class3_Test_0267.PNG,1,kusurlu,0.46455812,0,kusursuz,kacan_kusurlu
/content/drive/MyDrive/DERİNMODEL/01_veri_seti/islenmis_veri/test/kusurlu/Class3_Test_0270.PNG,1,kusurlu,0.29937452,0,kusursuz,kacan_kusurlu
/content/drive/MyDrive/DERİNMODEL/01_veri_seti/islenmis_veri/test/kusurlu/Class3_Test_0271.PNG,1,kusurlu,0.5189783,0,kusursuz,kacan_kusurlu
/content/drive/MyDrive/DERİNMODEL/01_veri_seti/islenmis_veri/test/kusurlu/Class3_Test_0282.PNG,1,kusurlu,0.56541973,0,kusursuz,kacan_kusurlu
/content/drive/MyDrive/DERİNMODEL/01_veri_seti/islenmis_veri/test/kusurlu/Class3_Test_0286.PNG,1,kusurlu,0.37992704,0,kusursuz,kacan_kusurlu
/content/drive/MyDrive/DERİNMODEL/01_veri_seti/islenmis_veri/test/kusurlu/Class3_Test_0292.PNG,1,kusurlu,0.60479385,1,kusurlu,dogru_kusurlu
/content/drive/MyDrive/DERİNMODEL/01_veri_seti/islenmis_veri/test/kusurlu/Class3_Test_0299.PNG,1,kusurlu,0.46859345,0,kusursuz,kacan_kusurlu
/content/drive/MyDrive/DERİNMODEL/01_veri_seti/islenmis_veri/test/kusurlu/Class3_Test_0307.PNG,1,kusurlu,0.4281981,0,kusursuz,kacan_kusurlu
/content/drive/MyDrive/DERİNMODEL/01_veri_seti/islenmis_veri/test/kusurlu/Class3_Test_0308.PNG,1,kusurlu,0.5435604,0,kusursuz,kacan_kusurlu
/content/drive/MyDrive/DERİNMODEL/01_veri_seti/islenmis_veri/test/kusurlu/Class3_Test_0311.PNG,1,kusurlu,0.44784606,0,kusursuz,kacan_kusurlu
/content/drive/MyDrive/DERİNMODEL/01_veri_seti/islenmis_veri/test/kusurlu/Class3_Test_0316.PNG,1,kusurlu,0.48215634,0,kusursuz,kacan_kusurlu
/content/drive/MyDrive/DERİNMODEL/01_veri_seti/islenmis_veri/test/kusurlu/Class3_Test_0320.PNG,1,kusurlu,0.47220704,0,kusursuz,kacan_kusurlu
/content/drive/MyDrive/DERİNMODEL/01_veri_seti/islenmis_veri/test/kusurlu/Class3_Test_0323.PNG,1,kusurlu,0.51081574,0,kusursuz,kacan_kusurlu
/content/drive/MyDrive/DERİNMODEL/01_veri_seti/islenmis_veri/test/kusurlu/Class3_Test_0330.PNG,1,kusurlu,0.35061222,0,kusursuz,kacan_kusurlu
/content/drive/MyDrive/DERİNMODEL/01_veri_seti/islenmis_veri/test/kusurlu/Class3_Test_0341.PNG,1,kusurlu,0.45217448,0,kusursuz,kacan_kusurlu
/content/drive/MyDrive/DERİNMODEL/01_veri_seti/islenmis_veri/test/kusurlu/Class3_Test_0342.PNG,1,kusurlu,0.34258798,0,kusursuz,kacan_kusurlu
/content/drive/MyDrive/DERİNMODEL/01_veri_seti/islenmis_veri/test/kusurlu/Class3_Test_0343.PNG,1,kusurlu,0.57817936,0,kusursuz,kacan_kusurlu
/content/drive/MyDrive/DERİNMODEL/01_veri_seti/islenmis_veri/test/kusurlu/Class3_Test_0352.PNG,1,kusurlu,0.398217,0,kusursuz,kacan_kusurlu
/content/drive/MyDrive/DERİNMODEL/01_veri_seti/islenmis_veri/test/kusurlu/Class3_Test_0367.PNG,1,kusurlu,0.3770172,0,kusursuz,kacan_kusurlu
/content/drive/MyDrive/DERİNMODEL/01_veri_seti/islenmis_veri/test/kusurlu/Class3_Test_0385.PNG,1,kusurlu,0.44247106,0,kusursuz,kacan_kusurlu
/content/drive/MyDrive/DERİNMODEL/01_veri_seti/islenmis_veri/test/kusurlu/Class3_Test_0393.PNG,1,kusurlu,0.6177907,1,kusurlu,dogru_kusurlu
/content/drive/MyDrive/DERİNMODEL/01_veri_seti/islenmis_veri/test/kusurlu/Class3_Test_0395.PNG,1,kusurlu,0.31546205,0,kusursuz,kacan_kusurlu
/content/drive/MyDrive/DERİNMODEL/01_veri_seti/islenmis_veri/test/kusurlu/Class3_Test_0400.PNG,1,kusurlu,0.61304665,1,kusurlu,dogru_kusurlu
/content/drive/MyDrive/DERİNMODEL/01_veri_seti/islenmis_veri/test/kusurlu/Class3_Test_0421.PNG,1,kusurlu,0.35070217,0,kusursuz,kacan_kusurlu
/content/drive/MyDrive/DERİNMODEL/01_veri_seti/islenmis_veri/test/kusurlu/Class3_Test_0423.PNG,1,kusurlu,0.3274061,0,kusursuz,kacan_kusurlu
/content/drive/MyDrive/DERİNMODEL/01_veri_seti/islenmis_veri/test/kusurlu/Class3_Test_0441.PNG,1,kusurlu,0.6407981,1,kusurlu,dogru_kusurlu
/content/drive/MyDrive/DERİNMODEL/01_veri_seti/islenmis_veri/test/kusurlu/Class3_Test_0460.PNG,1,kusurlu,0.49038246,0,kusursuz,kacan_kusurlu
/content/drive/MyDrive/DERİNMODEL/01_veri_seti/islenmis_veri/test/kusurlu/Class3_Test_0462.PNG,1,kusurlu,0.45359328,0,kusursuz,kacan_kusurlu
/content/drive/MyDrive/DERİNMODEL/01_veri_seti/islenmis_veri/test/kusurlu/Class3_Test_0477.PNG,1,kusurlu,0.59416026,0,kusursuz,kacan_kusurlu
/content/drive/MyDrive/DERİNMODEL/01_veri_seti/islenmis_veri/test/kusurlu/Class3_Test_0478.PNG,1,kusurlu,0.60319525,1,kusurlu,dogru_kusurlu
/content/drive/MyDrive/DERİNMODEL/01_veri_seti/islenmis_veri/test/kusurlu/Class3_Test_0480.PNG,1,kusurlu,0.46952438,0,kusursuz,kacan_kusurlu
/content/drive/MyDrive/DERİNMODEL/01_veri_seti/islenmis_veri/test/kusurlu/Class3_Test_0483.PNG,1,kusurlu,0.63093495,1,kusurlu,dogru_kusurlu
/content/drive/MyDrive/DERİNMODEL/01_veri_seti/islenmis_veri/test/kusurlu/Class3_Test_0486.PNG,1,kusurlu,0.4700287,0,kusursuz,kacan_kusurlu
/content/drive/MyDrive/DERİNMODEL/01_veri_seti/islenmis_veri/test/kusurlu/Class3_Test_0496.PNG,1,kusurlu,0.41911364,0,kusursuz,kacan_kusurlu
/content/drive/MyDrive/DERİNMODEL/01_veri_seti/islenmis_veri/test/kusurlu/Class3_Test_0499.PNG,1,kusurlu,0.43992603,0,kusursuz,kacan_kusurlu
/content/drive/MyDrive/DERİNMODEL/01_veri_seti/islenmis_veri/test/kusurlu/Class3_Test_0509.PNG,1,kusurlu,0.45173305,0,kusursuz,kacan_kusurlu
/content/drive/MyDrive/DERİNMODEL/01_veri_seti/islenmis_veri/test/kusurlu/Class3_Test_0519.PNG,1,kusurlu,0.46686262,0,kusursuz,kacan_kusurlu
/content/drive/MyDrive/DERİNMODEL/01_veri_seti/islenmis_veri/test/kusurlu/Class3_Test_0521.PNG,1,kusurlu,0.31369022,0,kusursuz,kacan_kusurlu
/content/drive/MyDrive/DERİNMODEL/01_veri_seti/islenmis_veri/test/kusurlu/Class3_Test_0533.PNG,1,kusurlu,0.47977462,0,kusursuz,kacan_kusurlu
/content/drive/MyDrive/DERİNMODEL/01_veri_seti/islenmis_veri/test/kusurlu/Class3_Test_0538.PNG,1,kusurlu,0.41122216,0,kusursuz,kacan_kusurlu
/content/drive/MyDrive/DERİNMODEL/01_veri_seti/islenmis_veri/test/kusurlu/Class3_Test_0546.PNG,1,kusurlu,0.5475815,0,kusursuz,kacan_kusurlu
/content/drive/MyDrive/DERİNMODEL/01_veri_seti/islenmis_veri/test/kusurlu/Class3_Test_0547.PNG,1,kusurlu,0.47828707,0,kusursuz,kacan_kusurlu
/content/drive/MyDrive/DERİNMODEL/01_veri_seti/islenmis_veri/test/kusurlu/Class3_Test_0551.PNG,1,kusurlu,0.42939985,0,kusursuz,kacan_kusurlu
/content/drive/MyDrive/DERİNMODEL/01_veri_seti/islenmis_veri/test/kusurlu/Class3_Test_0554.PNG,1,kusurlu,0.6608909,1,kusurlu,dogru_kusurlu
/content/drive/MyDrive/DERİNMODEL/01_veri_seti/islenmis_veri/test/kusurlu/Class3_Test_0560.PNG,1,kusurlu,0.5145838,0,kusursuz,kacan_kusurlu
/content/drive/MyDrive/DERİNMODEL/01_veri_seti/islenmis_veri/test/kusurlu/Class3_Test_0571.PNG,1,kusurlu,0.42643997,0,kusursuz,kacan_kusurlu
/content/drive/MyDrive/DERİNMODEL/01_veri_seti/islenmis_veri/test/kusurlu/Class4_Test_0022.PNG,1,kusurlu,0.7558823,1,kusurlu,dogru_kusurlu
/content/drive/MyDrive/DERİNMODEL/01_veri_seti/islenmis_veri/test/kusurlu/Class4_Test_0028.PNG,1,kusurlu,0.5137699,0,kusursuz,kacan_kusurlu
/content/drive/MyDrive/DERİNMODEL/01_veri_seti/islenmis_veri/test/kusurlu/Class4_Test_0049.PNG,1,kusurlu,0.55381346,0,kusursuz,kacan_kusurlu
/content/drive/MyDrive/DERİNMODEL/01_veri_seti/islenmis_veri/test/kusurlu/Class4_Test_0050.PNG,1,kusurlu,0.5007026,0,kusursuz,kacan_kusurlu
/content/drive/MyDrive/DERİNMODEL/01_veri_seti/islenmis_veri/test/kusurlu/Class4_Test_0052.PNG,1,kusurlu,0.40277484,0,kusursuz,kacan_kusurlu
/content/drive/MyDrive/DERİNMODEL/01_veri_seti/islenmis_veri/test/kusurlu/Class4_Test_0055.PNG,1,kusurlu,0.70712894,1,kusurlu,dogru_kusurlu
/content/drive/MyDrive/DERİNMODEL/01_veri_seti/islenmis_veri/test/kusurlu/Class4_Test_0080.PNG,1,kusurlu,0.38180205,0,kusursuz,kacan_kusurlu
/content/drive/MyDrive/DERİNMODEL/01_veri_seti/islenmis_veri/test/kusurlu/Class4_Test_0081.PNG,1,kusurlu,0.5668623,0,kusursuz,kacan_kusurlu
/content/drive/MyDrive/DERİNMODEL/01_veri_seti/islenmis_veri/test/kusurlu/Class4_Test_0095.PNG,1,kusurlu,0.47878438,0,kusursuz,kacan_kusurlu
/content/drive/MyDrive/DERİNMODEL/01_veri_seti/islenmis_veri/test/kusurlu/Class4_Test_0134.PNG,1,kusurlu,0.7455358,1,kusurlu,dogru_kusurlu
/content/drive/MyDrive/DERİNMODEL/01_veri_seti/islenmis_veri/test/kusurlu/Class4_Test_0143.PNG,1,kusurlu,0.5600503,0,kusursuz,kacan_kusurlu
/content/drive/MyDrive/DERİNMODEL/01_veri_seti/islenmis_veri/test/kusurlu/Class4_Test_0153.PNG,1,kusurlu,0.6733007,1,kusurlu,dogru_kusurlu
/content/drive/MyDrive/DERİNMODEL/01_veri_seti/islenmis_veri/test/kusurlu/Class4_Test_0165.PNG,1,kusurlu,0.5248405,0,kusursuz,kacan_kusurlu
/content/drive/MyDrive/DERİNMODEL/01_veri_seti/islenmis_veri/test/kusurlu/Class4_Test_0181.PNG,1,kusurlu,0.51937217,0,kusursuz,kacan_kusurlu
/content/drive/MyDrive/DERİNMODEL/01_veri_seti/islenmis_veri/test/kusurlu/Class4_Test_0197.PNG,1,kusurlu,0.57803077,0,kusursuz,kacan_kusurlu
/content/drive/MyDrive/DERİNMODEL/01_veri_seti/islenmis_veri/test/kusurlu/Class4_Test_0200.PNG,1,kusurlu,0.62721455,1,kusurlu,dogru_kusurlu
/content/drive/MyDrive/DERİNMODEL/01_veri_seti/islenmis_veri/test/kusurlu/Class4_Test_0211.PNG,1,kusurlu,0.79145694,1,kusurlu,dogru_kusurlu
/content/drive/MyDrive/DERİNMODEL/01_veri_seti/islenmis_veri/test/kusurlu/Class4_Test_0217.PNG,1,kusurlu,0.91093665,1,kusurlu,dogru_kusurlu
/content/drive/MyDrive/DERİNMODEL/01_veri_seti/islenmis_veri/test/kusurlu/Class4_Test_0243.PNG,1,kusurlu,0.48796204,0,kusursuz,kacan_kusurlu
/content/drive/MyDrive/DERİNMODEL/01_veri_seti/islenmis_veri/test/kusurlu/Class4_Test_0244.PNG,1,kusurlu,0.77352315,1,kusurlu,dogru_kusurlu
/content/drive/MyDrive/DERİNMODEL/01_veri_seti/islenmis_veri/test/kusurlu/Class4_Test_0257.PNG,1,kusurlu,0.69722146,1,kusurlu,dogru_kusurlu
/content/drive/MyDrive/DERİNMODEL/01_veri_seti/islenmis_veri/test/kusurlu/Class4_Test_0268.PNG,1,kusurlu,0.7124464,1,kusurlu,dogru_kusurlu
/content/drive/MyDrive/DERİNMODEL/01_veri_seti/islenmis_veri/test/kusurlu/Class4_Test_0274.PNG,1,kusurlu,0.5430218,0,kusursuz,kacan_kusurlu
/content/drive/MyDrive/DERİNMODEL/01_veri_seti/islenmis_veri/test/kusurlu/Class4_Test_0285.PNG,1,kusurlu,0.46716687,0,kusursuz,kacan_kusurlu
/content/drive/MyDrive/DERİNMODEL/01_veri_seti/islenmis_veri/test/kusurlu/Class4_Test_0298.PNG,1,kusurlu,0.48842037,0,kusursuz,kacan_kusurlu
/content/drive/MyDrive/DERİNMODEL/01_veri_seti/islenmis_veri/test/kusurlu/Class4_Test_0317.PNG,1,kusurlu,0.602675,1,kusurlu,dogru_kusurlu
/content/drive/MyDrive/DERİNMODEL/01_veri_seti/islenmis_veri/test/kusurlu/Class4_Test_0327.PNG,1,kusurlu,0.6588734,1,kusurlu,dogru_kusurlu
/content/drive/MyDrive/DERİNMODEL/01_veri_seti/islenmis_veri/test/kusurlu/Class4_Test_0328.PNG,1,kusurlu,0.5161901,0,kusursuz,kacan_kusurlu
/content/drive/MyDrive/DERİNMODEL/01_veri_seti/islenmis_veri/test/kusurlu/Class4_Test_0329.PNG,1,kusurlu,0.41117886,0,kusursuz,kacan_kusurlu
/content/drive/MyDrive/DERİNMODEL/01_veri_seti/islenmis_veri/test/kusurlu/Class4_Test_0333.PNG,1,kusurlu,0.45901492,0,kusursuz,kacan_kusurlu
/content/drive/MyDrive/DERİNMODEL/01_veri_seti/islenmis_veri/test/kusurlu/Class4_Test_0334.PNG,1,kusurlu,0.46111262,0,kusursuz,kacan_kusurlu
/content/drive/MyDrive/DERİNMODEL/01_veri_seti/islenmis_veri/test/kusurlu/Class4_Test_0339.PNG,1,kusurlu,0.50109327,0,kusursuz,kacan_kusurlu
/content/drive/MyDrive/DERİNMODEL/01_veri_seti/islenmis_veri/test/kusurlu/Class4_Test_0355.PNG,1,kusurlu,0.6979103,1,kusurlu,dogru_kusurlu
/content/drive/MyDrive/DERİNMODEL/01_veri_seti/islenmis_veri/test/kusurlu/Class4_Test_0357.PNG,1,kusurlu,0.559446,0,kusursuz,kacan_kusurlu
/content/drive/MyDrive/DERİNMODEL/01_veri_seti/islenmis_veri/test/kusurlu/Class4_Test_0360.PNG,1,kusurlu,0.6069806,1,kusurlu,dogru_kusurlu
/content/drive/MyDrive/DERİNMODEL/01_veri_seti/islenmis_veri/test/kusurlu/Class4_Test_0364.PNG,1,kusurlu,0.5869165,0,kusursuz,kacan_kusurlu
/content/drive/MyDrive/DERİNMODEL/01_veri_seti/islenmis_veri/test/kusurlu/Class4_Test_0372.PNG,1,kusurlu,0.7179478,1,kusurlu,dogru_kusurlu
/content/drive/MyDrive/DERİNMODEL/01_veri_seti/islenmis_veri/test/kusurlu/Class4_Test_0381.PNG,1,kusurlu,0.73370236,1,kusurlu,dogru_kusurlu
/content/drive/MyDrive/DERİNMODEL/01_veri_seti/islenmis_veri/test/kusurlu/Class4_Test_0385.PNG,1,kusurlu,0.4424934,0,kusursuz,kacan_kusurlu
/content/drive/MyDrive/DERİNMODEL/01_veri_seti/islenmis_veri/test/kusurlu/Class4_Test_0392.PNG,1,kusurlu,0.7520368,1,kusurlu,dogru_kusurlu
/content/drive/MyDrive/DERİNMODEL/01_veri_seti/islenmis_veri/test/kusurlu/Class4_Test_0394.PNG,1,kusurlu,0.507616,0,kusursuz,kacan_kusurlu
/content/drive/MyDrive/DERİNMODEL/01_veri_seti/islenmis_veri/test/kusurlu/Class4_Test_0401.PNG,1,kusurlu,0.56187534,0,kusursuz,kacan_kusurlu
/content/drive/MyDrive/DERİNMODEL/01_veri_seti/islenmis_veri/test/kusurlu/Class4_Test_0406.PNG,1,kusurlu,0.6682575,1,kusurlu,dogru_kusurlu
/content/drive/MyDrive/DERİNMODEL/01_veri_seti/islenmis_veri/test/kusurlu/Class4_Test_0420.PNG,1,kusurlu,0.6876387,1,kusurlu,dogru_kusurlu
/content/drive/MyDrive/DERİNMODEL/01_veri_seti/islenmis_veri/test/kusurlu/Class4_Test_0422.PNG,1,kusurlu,0.48091587,0,kusursuz,kacan_kusurlu
/content/drive/MyDrive/DERİNMODEL/01_veri_seti/islenmis_veri/test/kusurlu/Class4_Test_0456.PNG,1,kusurlu,0.46801546,0,kusursuz,kacan_kusurlu
/content/drive/MyDrive/DERİNMODEL/01_veri_seti/islenmis_veri/test/kusurlu/Class4_Test_0459.PNG,1,kusurlu,0.59801614,0,kusursuz,kacan_kusurlu
/content/drive/MyDrive/DERİNMODEL/01_veri_seti/islenmis_veri/test/kusurlu/Class4_Test_0462.PNG,1,kusurlu,0.54331917,0,kusursuz,kacan_kusurlu
/content/drive/MyDrive/DERİNMODEL/01_veri_seti/islenmis_veri/test/kusurlu/Class4_Test_0463.PNG,1,kusurlu,0.6276195,1,kusurlu,dogru_kusurlu
/content/drive/MyDrive/DERİNMODEL/01_veri_seti/islenmis_veri/test/kusurlu/Class4_Test_0468.PNG,1,kusurlu,0.88464636,1,kusurlu,dogru_kusurlu
/content/drive/MyDrive/DERİNMODEL/01_veri_seti/islenmis_veri/test/kusurlu/Class4_Test_0469.PNG,1,kusurlu,0.3835059,0,kusursuz,kacan_kusurlu
/content/drive/MyDrive/DERİNMODEL/01_veri_seti/islenmis_veri/test/kusurlu/Class4_Test_0474.PNG,1,kusurlu,0.58898497,0,kusursuz,kacan_kusurlu
/content/drive/MyDrive/DERİNMODEL/01_veri_seti/islenmis_veri/test/kusurlu/Class4_Test_0479.PNG,1,kusurlu,0.5354566,0,kusursuz,kacan_kusurlu
/content/drive/MyDrive/DERİNMODEL/01_veri_seti/islenmis_veri/test/kusurlu/Class4_Test_0487.PNG,1,kusurlu,0.4499123,0,kusursuz,kacan_kusurlu
/content/drive/MyDrive/DERİNMODEL/01_veri_seti/islenmis_veri/test/kusurlu/Class4_Test_0490.PNG,1,kusurlu,0.81519663,1,kusurlu,dogru_kusurlu
/content/drive/MyDrive/DERİNMODEL/01_veri_seti/islenmis_veri/test/kusurlu/Class4_Test_0493.PNG,1,kusurlu,0.80477726,1,kusurlu,dogru_kusurlu
/content/drive/MyDrive/DERİNMODEL/01_veri_seti/islenmis_veri/test/kusurlu/Class4_Test_0501.PNG,1,kusurlu,0.73432416,1,kusurlu,dogru_kusurlu
/content/drive/MyDrive/DERİNMODEL/01_veri_seti/islenmis_veri/test/kusurlu/Class4_Test_0510.PNG,1,kusurlu,0.654444,1,kusurlu,dogru_kusurlu
/content/drive/MyDrive/DERİNMODEL/01_veri_seti/islenmis_veri/test/kusurlu/Class4_Test_0512.PNG,1,kusurlu,0.46053347,0,kusursuz,kacan_kusurlu
/content/drive/MyDrive/DERİNMODEL/01_veri_seti/islenmis_veri/test/kusurlu/Class4_Test_0514.PNG,1,kusurlu,0.5181718,0,kusursuz,kacan_kusurlu
/content/drive/MyDrive/DERİNMODEL/01_veri_seti/islenmis_veri/test/kusurlu/Class4_Test_0523.PNG,1,kusurlu,0.7034463,1,kusurlu,dogru_kusurlu
/content/drive/MyDrive/DERİNMODEL/01_veri_seti/islenmis_veri/test/kusurlu/Class4_Test_0526.PNG,1,kusurlu,0.53891474,0,kusursuz,kacan_kusurlu
/content/drive/MyDrive/DERİNMODEL/01_veri_seti/islenmis_veri/test/kusurlu/Class4_Test_0534.PNG,1,kusurlu,0.6933769,1,kusurlu,dogru_kusurlu
/content/drive/MyDrive/DERİNMODEL/01_veri_seti/islenmis_veri/test/kusurlu/Class4_Test_0536.PNG,1,kusurlu,0.5731885,0,kusursuz,kacan_kusurlu
/content/drive/MyDrive/DERİNMODEL/01_veri_seti/islenmis_veri/test/kusurlu/Class4_Test_0537.PNG,1,kusurlu,0.5236549,0,kusursuz,kacan_kusurlu
/content/drive/MyDrive/DERİNMODEL/01_veri_seti/islenmis_veri/test/kusurlu/Class4_Test_0548.PNG,1,kusurlu,0.69428164,1,kusurlu,dogru_kusurlu
/content/drive/MyDrive/DERİNMODEL/01_veri_seti/islenmis_veri/test/kusurlu/Class4_Test_0554.PNG,1,kusurlu,0.5002706,0,kusursuz,kacan_kusurlu
/content/drive/MyDrive/DERİNMODEL/01_veri_seti/islenmis_veri/test/kusurlu/Class4_Test_0571.PNG,1,kusurlu,0.6910757,1,kusurlu,dogru_kusurlu
/content/drive/MyDrive/DERİNMODEL/01_veri_seti/islenmis_veri/test/kusurlu/Class5_Test_0001.PNG,1,kusurlu,0.7040091,1,kusurlu,dogru_kusurlu
/content/drive/MyDrive/DERİNMODEL/01_veri_seti/islenmis_veri/test/kusurlu/Class5_Test_0008.PNG,1,kusurlu,0.3986088,0,kusursuz,kacan_kusurlu
/content/drive/MyDrive/DERİNMODEL/01_veri_seti/islenmis_veri/test/kusurlu/Class5_Test_0014.PNG,1,kusurlu,0.83259535,1,kusurlu,dogru_kusurlu
/content/drive/MyDrive/DERİNMODEL/01_veri_seti/islenmis_veri/test/kusurlu/Class5_Test_0015.PNG,1,kusurlu,0.57915723,0,kusursuz,kacan_kusurlu
/content/drive/MyDrive/DERİNMODEL/01_veri_seti/islenmis_veri/test/kusurlu/Class5_Test_0027.PNG,1,kusurlu,0.6183877,1,kusurlu,dogru_kusurlu
/content/drive/MyDrive/DERİNMODEL/01_veri_seti/islenmis_veri/test/kusurlu/Class5_Test_0034.PNG,1,kusurlu,0.7901306,1,kusurlu,dogru_kusurlu
/content/drive/MyDrive/DERİNMODEL/01_veri_seti/islenmis_veri/test/kusurlu/Class5_Test_0043.PNG,1,kusurlu,0.42892167,0,kusursuz,kacan_kusurlu
/content/drive/MyDrive/DERİNMODEL/01_veri_seti/islenmis_veri/test/kusurlu/Class5_Test_0051.PNG,1,kusurlu,0.9974497,1,kusurlu,dogru_kusurlu
/content/drive/MyDrive/DERİNMODEL/01_veri_seti/islenmis_veri/test/kusurlu/Class5_Test_0078.PNG,1,kusurlu,0.5898966,0,kusursuz,kacan_kusurlu
/content/drive/MyDrive/DERİNMODEL/01_veri_seti/islenmis_veri/test/kusurlu/Class5_Test_0089.PNG,1,kusurlu,0.99892765,1,kusurlu,dogru_kusurlu
/content/drive/MyDrive/DERİNMODEL/01_veri_seti/islenmis_veri/test/kusurlu/Class5_Test_0099.PNG,1,kusurlu,0.952122,1,kusurlu,dogru_kusurlu
/content/drive/MyDrive/DERİNMODEL/01_veri_seti/islenmis_veri/test/kusurlu/Class5_Test_0102.PNG,1,kusurlu,0.46965292,0,kusursuz,kacan_kusurlu
/content/drive/MyDrive/DERİNMODEL/01_veri_seti/islenmis_veri/test/kusurlu/Class5_Test_0110.PNG,1,kusurlu,0.57052284,0,kusursuz,kacan_kusurlu
/content/drive/MyDrive/DERİNMODEL/01_veri_seti/islenmis_veri/test/kusurlu/Class5_Test_0122.PNG,1,kusurlu,0.7493478,1,kusurlu,dogru_kusurlu
/content/drive/MyDrive/DERİNMODEL/01_veri_seti/islenmis_veri/test/kusurlu/Class5_Test_0129.PNG,1,kusurlu,0.3939457,0,kusursuz,kacan_kusurlu
/content/drive/MyDrive/DERİNMODEL/01_veri_seti/islenmis_veri/test/kusurlu/Class5_Test_0131.PNG,1,kusurlu,0.9690121,1,kusurlu,dogru_kusurlu
/content/drive/MyDrive/DERİNMODEL/01_veri_seti/islenmis_veri/test/kusurlu/Class5_Test_0133.PNG,1,kusurlu,0.4645282,0,kusursuz,kacan_kusurlu
/content/drive/MyDrive/DERİNMODEL/01_veri_seti/islenmis_veri/test/kusurlu/Class5_Test_0137.PNG,1,kusurlu,0.553584,0,kusursuz,kacan_kusurlu
/content/drive/MyDrive/DERİNMODEL/01_veri_seti/islenmis_veri/test/kusurlu/Class5_Test_0138.PNG,1,kusurlu,0.94935626,1,kusurlu,dogru_kusurlu
/content/drive/MyDrive/DERİNMODEL/01_veri_seti/islenmis_veri/test/kusurlu/Class5_Test_0144.PNG,1,kusurlu,0.52801925,0,kusursuz,kacan_kusurlu
/content/drive/MyDrive/DERİNMODEL/01_veri_seti/islenmis_veri/test/kusurlu/Class5_Test_0148.PNG,1,kusurlu,0.40453517,0,kusursuz,kacan_kusurlu
/content/drive/MyDrive/DERİNMODEL/01_veri_seti/islenmis_veri/test/kusurlu/Class5_Test_0156.PNG,1,kusurlu,0.9800963,1,kusurlu,dogru_kusurlu
/content/drive/MyDrive/DERİNMODEL/01_veri_seti/islenmis_veri/test/kusurlu/Class5_Test_0166.PNG,1,kusurlu,0.9916882,1,kusurlu,dogru_kusurlu
/content/drive/MyDrive/DERİNMODEL/01_veri_seti/islenmis_veri/test/kusurlu/Class5_Test_0169.PNG,1,kusurlu,0.9878984,1,kusurlu,dogru_kusurlu
/content/drive/MyDrive/DERİNMODEL/01_veri_seti/islenmis_veri/test/kusurlu/Class5_Test_0172.PNG,1,kusurlu,0.983062,1,kusurlu,dogru_kusurlu
/content/drive/MyDrive/DERİNMODEL/01_veri_seti/islenmis_veri/test/kusurlu/Class5_Test_0173.PNG,1,kusurlu,0.8298807,1,kusurlu,dogru_kusurlu
/content/drive/MyDrive/DERİNMODEL/01_veri_seti/islenmis_veri/test/kusurlu/Class5_Test_0186.PNG,1,kusurlu,0.9850095,1,kusurlu,dogru_kusurlu
/content/drive/MyDrive/DERİNMODEL/01_veri_seti/islenmis_veri/test/kusurlu/Class5_Test_0189.PNG,1,kusurlu,0.9634902,1,kusurlu,dogru_kusurlu
/content/drive/MyDrive/DERİNMODEL/01_veri_seti/islenmis_veri/test/kusurlu/Class5_Test_0199.PNG,1,kusurlu,0.9962549,1,kusurlu,dogru_kusurlu
/content/drive/MyDrive/DERİNMODEL/01_veri_seti/islenmis_veri/test/kusurlu/Class5_Test_0200.PNG,1,kusurlu,0.6207952,1,kusurlu,dogru_kusurlu
/content/drive/MyDrive/DERİNMODEL/01_veri_seti/islenmis_veri/test/kusurlu/Class5_Test_0203.PNG,1,kusurlu,0.8128666,1,kusurlu,dogru_kusurlu
/content/drive/MyDrive/DERİNMODEL/01_veri_seti/islenmis_veri/test/kusurlu/Class5_Test_0213.PNG,1,kusurlu,0.5255404,0,kusursuz,kacan_kusurlu
/content/drive/MyDrive/DERİNMODEL/01_veri_seti/islenmis_veri/test/kusurlu/Class5_Test_0218.PNG,1,kusurlu,0.9922523,1,kusurlu,dogru_kusurlu
/content/drive/MyDrive/DERİNMODEL/01_veri_seti/islenmis_veri/test/kusurlu/Class5_Test_0231.PNG,1,kusurlu,0.42225087,0,kusursuz,kacan_kusurlu
/content/drive/MyDrive/DERİNMODEL/01_veri_seti/islenmis_veri/test/kusurlu/Class5_Test_0255.PNG,1,kusurlu,0.88165873,1,kusurlu,dogru_kusurlu
/content/drive/MyDrive/DERİNMODEL/01_veri_seti/islenmis_veri/test/kusurlu/Class5_Test_0282.PNG,1,kusurlu,0.98618996,1,kusurlu,dogru_kusurlu
/content/drive/MyDrive/DERİNMODEL/01_veri_seti/islenmis_veri/test/kusurlu/Class5_Test_0300.PNG,1,kusurlu,0.3396251,0,kusursuz,kacan_kusurlu
/content/drive/MyDrive/DERİNMODEL/01_veri_seti/islenmis_veri/test/kusurlu/Class5_Test_0303.PNG,1,kusurlu,0.2528085,0,kusursuz,kacan_kusurlu
/content/drive/MyDrive/DERİNMODEL/01_veri_seti/islenmis_veri/test/kusurlu/Class5_Test_0308.PNG,1,kusurlu,0.99287605,1,kusurlu,dogru_kusurlu
/content/drive/MyDrive/DERİNMODEL/01_veri_seti/islenmis_veri/test/kusurlu/Class5_Test_0320.PNG,1,kusurlu,0.33650008,0,kusursuz,kacan_kusurlu
/content/drive/MyDrive/DERİNMODEL/01_veri_seti/islenmis_veri/test/kusurlu/Class5_Test_0324.PNG,1,kusurlu,0.8822021,1,kusurlu,dogru_kusurlu
/content/drive/MyDrive/DERİNMODEL/01_veri_seti/islenmis_veri/test/kusurlu/Class5_Test_0329.PNG,1,kusurlu,0.3907453,0,kusursuz,kacan_kusurlu
/content/drive/MyDrive/DERİNMODEL/01_veri_seti/islenmis_veri/test/kusurlu/Class5_Test_0334.PNG,1,kusurlu,0.77888423,1,kusurlu,dogru_kusurlu
/content/drive/MyDrive/DERİNMODEL/01_veri_seti/islenmis_veri/test/kusurlu/Class5_Test_0337.PNG,1,kusurlu,0.46062177,0,kusursuz,kacan_kusurlu
/content/drive/MyDrive/DERİNMODEL/01_veri_seti/islenmis_veri/test/kusurlu/Class5_Test_0339.PNG,1,kusurlu,0.9858526,1,kusurlu,dogru_kusurlu
/content/drive/MyDrive/DERİNMODEL/01_veri_seti/islenmis_veri/test/kusurlu/Class5_Test_0341.PNG,1,kusurlu,0.99460596,1,kusurlu,dogru_kusurlu
/content/drive/MyDrive/DERİNMODEL/01_veri_seti/islenmis_veri/test/kusurlu/Class5_Test_0347.PNG,1,kusurlu,0.99279404,1,kusurlu,dogru_kusurlu
/content/drive/MyDrive/DERİNMODEL/01_veri_seti/islenmis_veri/test/kusurlu/Class5_Test_0348.PNG,1,kusurlu,0.53580695,0,kusursuz,kacan_kusurlu
/content/drive/MyDrive/DERİNMODEL/01_veri_seti/islenmis_veri/test/kusurlu/Class5_Test_0351.PNG,1,kusurlu,0.4535436,0,kusursuz,kacan_kusurlu
/content/drive/MyDrive/DERİNMODEL/01_veri_seti/islenmis_veri/test/kusurlu/Class5_Test_0352.PNG,1,kusurlu,0.93467313,1,kusurlu,dogru_kusurlu
/content/drive/MyDrive/DERİNMODEL/01_veri_seti/islenmis_veri/test/kusurlu/Class5_Test_0353.PNG,1,kusurlu,0.68225515,1,kusurlu,dogru_kusurlu
/content/drive/MyDrive/DERİNMODEL/01_veri_seti/islenmis_veri/test/kusurlu/Class5_Test_0356.PNG,1,kusurlu,0.9091447,1,kusurlu,dogru_kusurlu
/content/drive/MyDrive/DERİNMODEL/01_veri_seti/islenmis_veri/test/kusurlu/Class5_Test_0358.PNG,1,kusurlu,0.9934809,1,kusurlu,dogru_kusurlu
/content/drive/MyDrive/DERİNMODEL/01_veri_seti/islenmis_veri/test/kusurlu/Class5_Test_0360.PNG,1,kusurlu,0.66583914,1,kusurlu,dogru_kusurlu
/content/drive/MyDrive/DERİNMODEL/01_veri_seti/islenmis_veri/test/kusurlu/Class5_Test_0361.PNG,1,kusurlu,0.8838817,1,kusurlu,dogru_kusurlu
/content/drive/MyDrive/DERİNMODEL/01_veri_seti/islenmis_veri/test/kusurlu/Class5_Test_0363.PNG,1,kusurlu,0.7550132,1,kusurlu,dogru_kusurlu
/content/drive/MyDrive/DERİNMODEL/01_veri_seti/islenmis_veri/test/kusurlu/Class5_Test_0392.PNG,1,kusurlu,0.8344822,1,kusurlu,dogru_kusurlu
/content/drive/MyDrive/DERİNMODEL/01_veri_seti/islenmis_veri/test/kusurlu/Class5_Test_0393.PNG,1,kusurlu,0.48399326,0,kusursuz,kacan_kusurlu
/content/drive/MyDrive/DERİNMODEL/01_veri_seti/islenmis_veri/test/kusurlu/Class5_Test_0396.PNG,1,kusurlu,0.9686497,1,kusurlu,dogru_kusurlu
/content/drive/MyDrive/DERİNMODEL/01_veri_seti/islenmis_veri/test/kusurlu/Class5_Test_0419.PNG,1,kusurlu,0.5105479,0,kusursuz,kacan_kusurlu
/content/drive/MyDrive/DERİNMODEL/01_veri_seti/islenmis_veri/test/kusurlu/Class5_Test_0431.PNG,1,kusurlu,0.98903954,1,kusurlu,dogru_kusurlu
/content/drive/MyDrive/DERİNMODEL/01_veri_seti/islenmis_veri/test/kusurlu/Class5_Test_0436.PNG,1,kusurlu,0.98386854,1,kusurlu,dogru_kusurlu
/content/drive/MyDrive/DERİNMODEL/01_veri_seti/islenmis_veri/test/kusurlu/Class5_Test_0452.PNG,1,kusurlu,0.36613232,0,kusursuz,kacan_kusurlu
/content/drive/MyDrive/DERİNMODEL/01_veri_seti/islenmis_veri/test/kusurlu/Class5_Test_0457.PNG,1,kusurlu,0.9432431,1,kusurlu,dogru_kusurlu
/content/drive/MyDrive/DERİNMODEL/01_veri_seti/islenmis_veri/test/kusurlu/Class5_Test_0468.PNG,1,kusurlu,0.99828786,1,kusurlu,dogru_kusurlu
/content/drive/MyDrive/DERİNMODEL/01_veri_seti/islenmis_veri/test/kusurlu/Class5_Test_0481.PNG,1,kusurlu,0.9995821,1,kusurlu,dogru_kusurlu
/content/drive/MyDrive/DERİNMODEL/01_veri_seti/islenmis_veri/test/kusurlu/Class5_Test_0486.PNG,1,kusurlu,0.37729195,0,kusursuz,kacan_kusurlu
/content/drive/MyDrive/DERİNMODEL/01_veri_seti/islenmis_veri/test/kusurlu/Class5_Test_0489.PNG,1,kusurlu,0.41653317,0,kusursuz,kacan_kusurlu
/content/drive/MyDrive/DERİNMODEL/01_veri_seti/islenmis_veri/test/kusurlu/Class5_Test_0491.PNG,1,kusurlu,0.678431,1,kusurlu,dogru_kusurlu
/content/drive/MyDrive/DERİNMODEL/01_veri_seti/islenmis_veri/test/kusurlu/Class5_Test_0493.PNG,1,kusurlu,0.9957165,1,kusurlu,dogru_kusurlu
/content/drive/MyDrive/DERİNMODEL/01_veri_seti/islenmis_veri/test/kusurlu/Class5_Test_0495.PNG,1,kusurlu,0.41393763,0,kusursuz,kacan_kusurlu
/content/drive/MyDrive/DERİNMODEL/01_veri_seti/islenmis_veri/test/kusurlu/Class5_Test_0497.PNG,1,kusurlu,0.98994607,1,kusurlu,dogru_kusurlu
/content/drive/MyDrive/DERİNMODEL/01_veri_seti/islenmis_veri/test/kusurlu/Class5_Test_0503.PNG,1,kusurlu,0.90026593,1,kusurlu,dogru_kusurlu
/content/drive/MyDrive/DERİNMODEL/01_veri_seti/islenmis_veri/test/kusurlu/Class5_Test_0514.PNG,1,kusurlu,0.9515392,1,kusurlu,dogru_kusurlu
/content/drive/MyDrive/DERİNMODEL/01_veri_seti/islenmis_veri/test/kusurlu/Class5_Test_0523.PNG,1,kusurlu,0.9962561,1,kusurlu,dogru_kusurlu
/content/drive/MyDrive/DERİNMODEL/01_veri_seti/islenmis_veri/test/kusurlu/Class5_Test_0532.PNG,1,kusurlu,0.9776268,1,kusurlu,dogru_kusurlu
/content/drive/MyDrive/DERİNMODEL/01_veri_seti/islenmis_veri/test/kusurlu/Class5_Test_0540.PNG,1,kusurlu,0.9853558,1,kusurlu,dogru_kusurlu
/content/drive/MyDrive/DERİNMODEL/01_veri_seti/islenmis_veri/test/kusurlu/Class5_Test_0554.PNG,1,kusurlu,0.9938134,1,kusurlu,dogru_kusurlu
/content/drive/MyDrive/DERİNMODEL/01_veri_seti/islenmis_veri/test/kusurlu/Class5_Test_0559.PNG,1,kusurlu,0.9924539,1,kusurlu,dogru_kusurlu
/content/drive/MyDrive/DERİNMODEL/01_veri_seti/islenmis_veri/test/kusurlu/Class5_Test_0572.PNG,1,kusurlu,0.35308072,0,kusursuz,kacan_kusurlu
/content/drive/MyDrive/DERİNMODEL/01_veri_seti/islenmis_veri/test/kusurlu/Class6_Test_0021.PNG,1,kusurlu,0.87480193,1,kusurlu,dogru_kusurlu
/content/drive/MyDrive/DERİNMODEL/01_veri_seti/islenmis_veri/test/kusurlu/Class6_Test_0027.PNG,1,kusurlu,0.8681834,1,kusurlu,dogru_kusurlu
/content/drive/MyDrive/DERİNMODEL/01_veri_seti/islenmis_veri/test/kusurlu/Class6_Test_0028.PNG,1,kusurlu,0.94035953,1,kusurlu,dogru_kusurlu
/content/drive/MyDrive/DERİNMODEL/01_veri_seti/islenmis_veri/test/kusurlu/Class6_Test_0036.PNG,1,kusurlu,0.9560883,1,kusurlu,dogru_kusurlu
/content/drive/MyDrive/DERİNMODEL/01_veri_seti/islenmis_veri/test/kusurlu/Class6_Test_0053.PNG,1,kusurlu,0.8977157,1,kusurlu,dogru_kusurlu
/content/drive/MyDrive/DERİNMODEL/01_veri_seti/islenmis_veri/test/kusurlu/Class6_Test_0059.PNG,1,kusurlu,0.65253353,1,kusurlu,dogru_kusurlu
/content/drive/MyDrive/DERİNMODEL/01_veri_seti/islenmis_veri/test/kusurlu/Class6_Test_0096.PNG,1,kusurlu,0.887208,1,kusurlu,dogru_kusurlu
/content/drive/MyDrive/DERİNMODEL/01_veri_seti/islenmis_veri/test/kusurlu/Class6_Test_0097.PNG,1,kusurlu,0.91664964,1,kusurlu,dogru_kusurlu
/content/drive/MyDrive/DERİNMODEL/01_veri_seti/islenmis_veri/test/kusurlu/Class6_Test_0110.PNG,1,kusurlu,0.71767926,1,kusurlu,dogru_kusurlu
/content/drive/MyDrive/DERİNMODEL/01_veri_seti/islenmis_veri/test/kusurlu/Class6_Test_0123.PNG,1,kusurlu,0.97188854,1,kusurlu,dogru_kusurlu
/content/drive/MyDrive/DERİNMODEL/01_veri_seti/islenmis_veri/test/kusurlu/Class6_Test_0126.PNG,1,kusurlu,0.93996143,1,kusurlu,dogru_kusurlu
/content/drive/MyDrive/DERİNMODEL/01_veri_seti/islenmis_veri/test/kusurlu/Class6_Test_0136.PNG,1,kusurlu,0.85474676,1,kusurlu,dogru_kusurlu
/content/drive/MyDrive/DERİNMODEL/01_veri_seti/islenmis_veri/test/kusurlu/Class6_Test_0139.PNG,1,kusurlu,0.96499735,1,kusurlu,dogru_kusurlu
/content/drive/MyDrive/DERİNMODEL/01_veri_seti/islenmis_veri/test/kusurlu/Class6_Test_0144.PNG,1,kusurlu,0.9687026,1,kusurlu,dogru_kusurlu
/content/drive/MyDrive/DERİNMODEL/01_veri_seti/islenmis_veri/test/kusurlu/Class6_Test_0148.PNG,1,kusurlu,0.8677934,1,kusurlu,dogru_kusurlu
/content/drive/MyDrive/DERİNMODEL/01_veri_seti/islenmis_veri/test/kusurlu/Class6_Test_0160.PNG,1,kusurlu,0.9131485,1,kusurlu,dogru_kusurlu
/content/drive/MyDrive/DERİNMODEL/01_veri_seti/islenmis_veri/test/kusurlu/Class6_Test_0167.PNG,1,kusurlu,0.9352789,1,kusurlu,dogru_kusurlu
/content/drive/MyDrive/DERİNMODEL/01_veri_seti/islenmis_veri/test/kusurlu/Class6_Test_0178.PNG,1,kusurlu,0.86133873,1,kusurlu,dogru_kusurlu
/content/drive/MyDrive/DERİNMODEL/01_veri_seti/islenmis_veri/test/kusurlu/Class6_Test_0209.PNG,1,kusurlu,0.84470236,1,kusurlu,dogru_kusurlu
/content/drive/MyDrive/DERİNMODEL/01_veri_seti/islenmis_veri/test/kusurlu/Class6_Test_0220.PNG,1,kusurlu,0.96686,1,kusurlu,dogru_kusurlu
/content/drive/MyDrive/DERİNMODEL/01_veri_seti/islenmis_veri/test/kusurlu/Class6_Test_0229.PNG,1,kusurlu,0.94956434,1,kusurlu,dogru_kusurlu
/content/drive/MyDrive/DERİNMODEL/01_veri_seti/islenmis_veri/test/kusurlu/Class6_Test_0234.PNG,1,kusurlu,0.9124202,1,kusurlu,dogru_kusurlu
/content/drive/MyDrive/DERİNMODEL/01_veri_seti/islenmis_veri/test/kusurlu/Class6_Test_0241.PNG,1,kusurlu,0.95003515,1,kusurlu,dogru_kusurlu
/content/drive/MyDrive/DERİNMODEL/01_veri_seti/islenmis_veri/test/kusurlu/Class6_Test_0243.PNG,1,kusurlu,0.88555926,1,kusurlu,dogru_kusurlu
/content/drive/MyDrive/DERİNMODEL/01_veri_seti/islenmis_veri/test/kusurlu/Class6_Test_0246.PNG,1,kusurlu,0.7532856,1,kusurlu,dogru_kusurlu
/content/drive/MyDrive/DERİNMODEL/01_veri_seti/islenmis_veri/test/kusurlu/Class6_Test_0251.PNG,1,kusurlu,0.9730609,1,kusurlu,dogru_kusurlu
/content/drive/MyDrive/DERİNMODEL/01_veri_seti/islenmis_veri/test/kusurlu/Class6_Test_0255.PNG,1,kusurlu,0.9341145,1,kusurlu,dogru_kusurlu
/content/drive/MyDrive/DERİNMODEL/01_veri_seti/islenmis_veri/test/kusurlu/Class6_Test_0275.PNG,1,kusurlu,0.97936636,1,kusurlu,dogru_kusurlu
/content/drive/MyDrive/DERİNMODEL/01_veri_seti/islenmis_veri/test/kusurlu/Class6_Test_0284.PNG,1,kusurlu,0.84717333,1,kusurlu,dogru_kusurlu
/content/drive/MyDrive/DERİNMODEL/01_veri_seti/islenmis_veri/test/kusurlu/Class6_Test_0286.PNG,1,kusurlu,0.9442575,1,kusurlu,dogru_kusurlu
/content/drive/MyDrive/DERİNMODEL/01_veri_seti/islenmis_veri/test/kusurlu/Class6_Test_0292.PNG,1,kusurlu,0.8371094,1,kusurlu,dogru_kusurlu
/content/drive/MyDrive/DERİNMODEL/01_veri_seti/islenmis_veri/test/kusurlu/Class6_Test_0303.PNG,1,kusurlu,0.69675225,1,kusurlu,dogru_kusurlu
/content/drive/MyDrive/DERİNMODEL/01_veri_seti/islenmis_veri/test/kusurlu/Class6_Test_0311.PNG,1,kusurlu,0.9828204,1,kusurlu,dogru_kusurlu
/content/drive/MyDrive/DERİNMODEL/01_veri_seti/islenmis_veri/test/kusurlu/Class6_Test_0320.PNG,1,kusurlu,0.9147578,1,kusurlu,dogru_kusurlu
/content/drive/MyDrive/DERİNMODEL/01_veri_seti/islenmis_veri/test/kusurlu/Class6_Test_0327.PNG,1,kusurlu,0.89625335,1,kusurlu,dogru_kusurlu
/content/drive/MyDrive/DERİNMODEL/01_veri_seti/islenmis_veri/test/kusurlu/Class6_Test_0330.PNG,1,kusurlu,0.87153673,1,kusurlu,dogru_kusurlu
/content/drive/MyDrive/DERİNMODEL/01_veri_seti/islenmis_veri/test/kusurlu/Class6_Test_0333.PNG,1,kusurlu,0.6897906,1,kusurlu,dogru_kusurlu
/content/drive/MyDrive/DERİNMODEL/01_veri_seti/islenmis_veri/test/kusurlu/Class6_Test_0334.PNG,1,kusurlu,0.98396873,1,kusurlu,dogru_kusurlu
/content/drive/MyDrive/DERİNMODEL/01_veri_seti/islenmis_veri/test/kusurlu/Class6_Test_0336.PNG,1,kusurlu,0.5300311,0,kusursuz,kacan_kusurlu
/content/drive/MyDrive/DERİNMODEL/01_veri_seti/islenmis_veri/test/kusurlu/Class6_Test_0342.PNG,1,kusurlu,0.571818,0,kusursuz,kacan_kusurlu
/content/drive/MyDrive/DERİNMODEL/01_veri_seti/islenmis_veri/test/kusurlu/Class6_Test_0364.PNG,1,kusurlu,0.863661,1,kusurlu,dogru_kusurlu
/content/drive/MyDrive/DERİNMODEL/01_veri_seti/islenmis_veri/test/kusurlu/Class6_Test_0371.PNG,1,kusurlu,0.8465385,1,kusurlu,dogru_kusurlu
/content/drive/MyDrive/DERİNMODEL/01_veri_seti/islenmis_veri/test/kusurlu/Class6_Test_0381.PNG,1,kusurlu,0.779807,1,kusurlu,dogru_kusurlu
/content/drive/MyDrive/DERİNMODEL/01_veri_seti/islenmis_veri/test/kusurlu/Class6_Test_0396.PNG,1,kusurlu,0.5862758,0,kusursuz,kacan_kusurlu
/content/drive/MyDrive/DERİNMODEL/01_veri_seti/islenmis_veri/test/kusurlu/Class6_Test_0401.PNG,1,kusurlu,0.9853206,1,kusurlu,dogru_kusurlu
/content/drive/MyDrive/DERİNMODEL/01_veri_seti/islenmis_veri/test/kusurlu/Class6_Test_0403.PNG,1,kusurlu,0.6312331,1,kusurlu,dogru_kusurlu
/content/drive/MyDrive/DERİNMODEL/01_veri_seti/islenmis_veri/test/kusurlu/Class6_Test_0404.PNG,1,kusurlu,0.95292777,1,kusurlu,dogru_kusurlu
/content/drive/MyDrive/DERİNMODEL/01_veri_seti/islenmis_veri/test/kusurlu/Class6_Test_0406.PNG,1,kusurlu,0.95015705,1,kusurlu,dogru_kusurlu
/content/drive/MyDrive/DERİNMODEL/01_veri_seti/islenmis_veri/test/kusurlu/Class6_Test_0411.PNG,1,kusurlu,0.46208653,0,kusursuz,kacan_kusurlu
/content/drive/MyDrive/DERİNMODEL/01_veri_seti/islenmis_veri/test/kusurlu/Class6_Test_0426.PNG,1,kusurlu,0.90077037,1,kusurlu,dogru_kusurlu
/content/drive/MyDrive/DERİNMODEL/01_veri_seti/islenmis_veri/test/kusurlu/Class6_Test_0431.PNG,1,kusurlu,0.9592798,1,kusurlu,dogru_kusurlu
/content/drive/MyDrive/DERİNMODEL/01_veri_seti/islenmis_veri/test/kusurlu/Class6_Test_0441.PNG,1,kusurlu,0.89605176,1,kusurlu,dogru_kusurlu
/content/drive/MyDrive/DERİNMODEL/01_veri_seti/islenmis_veri/test/kusurlu/Class6_Test_0443.PNG,1,kusurlu,0.9811307,1,kusurlu,dogru_kusurlu
/content/drive/MyDrive/DERİNMODEL/01_veri_seti/islenmis_veri/test/kusurlu/Class6_Test_0447.PNG,1,kusurlu,0.91271466,1,kusurlu,dogru_kusurlu
/content/drive/MyDrive/DERİNMODEL/01_veri_seti/islenmis_veri/test/kusurlu/Class6_Test_0451.PNG,1,kusurlu,0.94335216,1,kusurlu,dogru_kusurlu
/content/drive/MyDrive/DERİNMODEL/01_veri_seti/islenmis_veri/test/kusurlu/Class6_Test_0472.PNG,1,kusurlu,0.86652434,1,kusurlu,dogru_kusurlu
/content/drive/MyDrive/DERİNMODEL/01_veri_seti/islenmis_veri/test/kusurlu/Class6_Test_0478.PNG,1,kusurlu,0.90556216,1,kusurlu,dogru_kusurlu
/content/drive/MyDrive/DERİNMODEL/01_veri_seti/islenmis_veri/test/kusurlu/Class6_Test_0481.PNG,1,kusurlu,0.9503607,1,kusurlu,dogru_kusurlu
/content/drive/MyDrive/DERİNMODEL/01_veri_seti/islenmis_veri/test/kusurlu/Class6_Test_0485.PNG,1,kusurlu,0.55422485,0,kusursuz,kacan_kusurlu
/content/drive/MyDrive/DERİNMODEL/01_veri_seti/islenmis_veri/test/kusurlu/Class6_Test_0492.PNG,1,kusurlu,0.9536252,1,kusurlu,dogru_kusurlu
/content/drive/MyDrive/DERİNMODEL/01_veri_seti/islenmis_veri/test/kusurlu/Class6_Test_0495.PNG,1,kusurlu,0.5030128,0,kusursuz,kacan_kusurlu
/content/drive/MyDrive/DERİNMODEL/01_veri_seti/islenmis_veri/test/kusurlu/Class6_Test_0527.PNG,1,kusurlu,0.9270229,1,kusurlu,dogru_kusurlu
/content/drive/MyDrive/DERİNMODEL/01_veri_seti/islenmis_veri/test/kusurlu/Class6_Test_0537.PNG,1,kusurlu,0.80096763,1,kusurlu,dogru_kusurlu
/content/drive/MyDrive/DERİNMODEL/01_veri_seti/islenmis_veri/test/kusurlu/Class6_Test_0540.PNG,1,kusurlu,0.70752686,1,kusurlu,dogru_kusurlu
/content/drive/MyDrive/DERİNMODEL/01_veri_seti/islenmis_veri/test/kusurlu/Class6_Test_0546.PNG,1,kusurlu,0.5182908,0,kusursuz,kacan_kusurlu
/content/drive/MyDrive/DERİNMODEL/01_veri_seti/islenmis_veri/test/kusurlu/Class6_Test_0551.PNG,1,kusurlu,0.9737181,1,kusurlu,dogru_kusurlu
/content/drive/MyDrive/DERİNMODEL/01_veri_seti/islenmis_veri/test/kusurlu/Class6_Test_0563.PNG,1,kusurlu,0.8068697,1,kusurlu,dogru_kusurlu
/content/drive/MyDrive/DERİNMODEL/01_veri_seti/islenmis_veri/test/kusursuz/Class1_Test_0001.PNG,0,kusursuz,0.80021405,1,kusurlu,yanlis_alarm
/content/drive/MyDrive/DERİNMODEL/01_veri_seti/islenmis_veri/test/kusursuz/Class1_Test_0003.PNG,0,kusursuz,0.28979298,0,kusursuz,dogru_kusursuz
/content/drive/MyDrive/DERİNMODEL/01_veri_seti/islenmis_veri/test/kusursuz/Class1_Test_0004.PNG,0,kusursuz,0.3236183,0,kusursuz,dogru_kusursuz
/content/drive/MyDrive/DERİNMODEL/01_veri_seti/islenmis_veri/test/kusursuz/Class1_Test_0005.PNG,0,kusursuz,0.6576896,1,kusurlu,yanlis_alarm
/content/drive/MyDrive/DERİNMODEL/01_veri_seti/islenmis_veri/test/kusursuz/Class1_Test_0006.PNG,0,kusursuz,0.5910024,0,kusursuz,dogru_kusursuz
/content/drive/MyDrive/DERİNMODEL/01_veri_seti/islenmis_veri/test/kusursuz/Class1_Test_0007.PNG,0,kusursuz,0.4008414,0,kusursuz,dogru_kusursuz
/content/drive/MyDrive/DERİNMODEL/01_veri_seti/islenmis_veri/test/kusursuz/Class1_Test_0008.PNG,0,kusursuz,0.82431585,1,kusurlu,yanlis_alarm
/content/drive/MyDrive/DERİNMODEL/01_veri_seti/islenmis_veri/test/kusursuz/Class1_Test_0009.PNG,0,kusursuz,0.3361167,0,kusursuz,dogru_kusursuz
/content/drive/MyDrive/DERİNMODEL/01_veri_seti/islenmis_veri/test/kusursuz/Class1_Test_0011.PNG,0,kusursuz,0.44730234,0,kusursuz,dogru_kusursuz
/content/drive/MyDrive/DERİNMODEL/01_veri_seti/islenmis_veri/test/kusursuz/Class1_Test_0012.PNG,0,kusursuz,0.66064036,1,kusurlu,yanlis_alarm
/content/drive/MyDrive/DERİNMODEL/01_veri_seti/islenmis_veri/test/kusursuz/Class1_Test_0013.PNG,0,kusursuz,0.60760766,1,kusurlu,yanlis_alarm
/content/drive/MyDrive/DERİNMODEL/01_veri_seti/islenmis_veri/test/kusursuz/Class1_Test_0014.PNG,0,kusursuz,0.70960253,1,kusurlu,yanlis_alarm
/content/drive/MyDrive/DERİNMODEL/01_veri_seti/islenmis_veri/test/kusursuz/Class1_Test_0015.PNG,0,kusursuz,0.36855683,0,kusursuz,dogru_kusursuz
/content/drive/MyDrive/DERİNMODEL/01_veri_seti/islenmis_veri/test/kusursuz/Class1_Test_0016.PNG,0,kusursuz,0.4131836,0,kusursuz,dogru_kusursuz
/content/drive/MyDrive/DERİNMODEL/01_veri_seti/islenmis_veri/test/kusursuz/Class1_Test_0017.PNG,0,kusursuz,0.686899,1,kusurlu,yanlis_alarm
/content/drive/MyDrive/DERİNMODEL/01_veri_seti/islenmis_veri/test/kusursuz/Class1_Test_0018.PNG,0,kusursuz,0.33541098,0,kusursuz,dogru_kusursuz
/content/drive/MyDrive/DERİNMODEL/01_veri_seti/islenmis_veri/test/kusursuz/Class1_Test_0019.PNG,0,kusursuz,0.6310138,1,kusurlu,yanlis_alarm
/content/drive/MyDrive/DERİNMODEL/01_veri_seti/islenmis_veri/test/kusursuz/Class1_Test_0020.PNG,0,kusursuz,0.42958835,0,kusursuz,dogru_kusursuz
/content/drive/MyDrive/DERİNMODEL/01_veri_seti/islenmis_veri/test/kusursuz/Class1_Test_0022.PNG,0,kusursuz,0.59190553,0,kusursuz,dogru_kusursuz
/content/drive/MyDrive/DERİNMODEL/01_veri_seti/islenmis_veri/test/kusursuz/Class1_Test_0023.PNG,0,kusursuz,0.531373,0,kusursuz,dogru_kusursuz
/content/drive/MyDrive/DERİNMODEL/01_veri_seti/islenmis_veri/test/kusursuz/Class1_Test_0024.PNG,0,kusursuz,0.4507232,0,kusursuz,dogru_kusursuz
/content/drive/MyDrive/DERİNMODEL/01_veri_seti/islenmis_veri/test/kusursuz/Class1_Test_0025.PNG,0,kusursuz,0.6364002,1,kusurlu,yanlis_alarm
/content/drive/MyDrive/DERİNMODEL/01_veri_seti/islenmis_veri/test/kusursuz/Class1_Test_0026.PNG,0,kusursuz,0.58109987,0,kusursuz,dogru_kusursuz
/content/drive/MyDrive/DERİNMODEL/01_veri_seti/islenmis_veri/test/kusursuz/Class1_Test_0028.PNG,0,kusursuz,0.5142014,0,kusursuz,dogru_kusursuz
/content/drive/MyDrive/DERİNMODEL/01_veri_seti/islenmis_veri/test/kusursuz/Class1_Test_0029.PNG,0,kusursuz,0.37694016,0,kusursuz,dogru_kusursuz
/content/drive/MyDrive/DERİNMODEL/01_veri_seti/islenmis_veri/test/kusursuz/Class1_Test_0030.PNG,0,kusursuz,0.49666816,0,kusursuz,dogru_kusursuz
/content/drive/MyDrive/DERİNMODEL/01_veri_seti/islenmis_veri/test/kusursuz/Class1_Test_0031.PNG,0,kusursuz,0.5763312,0,kusursuz,dogru_kusursuz
/content/drive/MyDrive/DERİNMODEL/01_veri_seti/islenmis_veri/test/kusursuz/Class1_Test_0033.PNG,0,kusursuz,0.60677373,1,kusurlu,yanlis_alarm
/content/drive/MyDrive/DERİNMODEL/01_veri_seti/islenmis_veri/test/kusursuz/Class1_Test_0034.PNG,0,kusursuz,0.41252822,0,kusursuz,dogru_kusursuz
/content/drive/MyDrive/DERİNMODEL/01_veri_seti/islenmis_veri/test/kusursuz/Class1_Test_0036.PNG,0,kusursuz,0.4201909,0,kusursuz,dogru_kusursuz
/content/drive/MyDrive/DERİNMODEL/01_veri_seti/islenmis_veri/test/kusursuz/Class1_Test_0037.PNG,0,kusursuz,0.4469377,0,kusursuz,dogru_kusursuz
/content/drive/MyDrive/DERİNMODEL/01_veri_seti/islenmis_veri/test/kusursuz/Class1_Test_0038.PNG,0,kusursuz,0.65929925,1,kusurlu,yanlis_alarm
/content/drive/MyDrive/DERİNMODEL/01_veri_seti/islenmis_veri/test/kusursuz/Class1_Test_0039.PNG,0,kusursuz,0.24571791,0,kusursuz,dogru_kusursuz
/content/drive/MyDrive/DERİNMODEL/01_veri_seti/islenmis_veri/test/kusursuz/Class1_Test_0040.PNG,0,kusursuz,0.53541887,0,kusursuz,dogru_kusursuz
/content/drive/MyDrive/DERİNMODEL/01_veri_seti/islenmis_veri/test/kusursuz/Class1_Test_0042.PNG,0,kusursuz,0.5045581,0,kusursuz,dogru_kusursuz
/content/drive/MyDrive/DERİNMODEL/01_veri_seti/islenmis_veri/test/kusursuz/Class1_Test_0044.PNG,0,kusursuz,0.4428522,0,kusursuz,dogru_kusursuz
/content/drive/MyDrive/DERİNMODEL/01_veri_seti/islenmis_veri/test/kusursuz/Class1_Test_0045.PNG,0,kusursuz,0.64116687,1,kusurlu,yanlis_alarm
/content/drive/MyDrive/DERİNMODEL/01_veri_seti/islenmis_veri/test/kusursuz/Class1_Test_0046.PNG,0,kusursuz,0.43850216,0,kusursuz,dogru_kusursuz
/content/drive/MyDrive/DERİNMODEL/01_veri_seti/islenmis_veri/test/kusursuz/Class1_Test_0047.PNG,0,kusursuz,0.33590728,0,kusursuz,dogru_kusursuz
/content/drive/MyDrive/DERİNMODEL/01_veri_seti/islenmis_veri/test/kusursuz/Class1_Test_0049.PNG,0,kusursuz,0.55874336,0,kusursuz,dogru_kusursuz
/content/drive/MyDrive/DERİNMODEL/01_veri_seti/islenmis_veri/test/kusursuz/Class1_Test_0050.PNG,0,kusursuz,0.5822213,0,kusursuz,dogru_kusursuz
/content/drive/MyDrive/DERİNMODEL/01_veri_seti/islenmis_veri/test/kusursuz/Class1_Test_0051.PNG,0,kusursuz,0.7863423,1,kusurlu,yanlis_alarm
/content/drive/MyDrive/DERİNMODEL/01_veri_seti/islenmis_veri/test/kusursuz/Class1_Test_0052.PNG,0,kusursuz,0.22124727,0,kusursuz,dogru_kusursuz
/content/drive/MyDrive/DERİNMODEL/01_veri_seti/islenmis_veri/test/kusursuz/Class1_Test_0053.PNG,0,kusursuz,0.37497374,0,kusursuz,dogru_kusursuz
/content/drive/MyDrive/DERİNMODEL/01_veri_seti/islenmis_veri/test/kusursuz/Class1_Test_0054.PNG,0,kusursuz,0.56149393,0,kusursuz,dogru_kusursuz
/content/drive/MyDrive/DERİNMODEL/01_veri_seti/islenmis_veri/test/kusursuz/Class1_Test_0055.PNG,0,kusursuz,0.7108096,1,kusurlu,yanlis_alarm
/content/drive/MyDrive/DERİNMODEL/01_veri_seti/islenmis_veri/test/kusursuz/Class1_Test_0056.PNG,0,kusursuz,0.38864592,0,kusursuz,dogru_kusursuz
/content/drive/MyDrive/DERİNMODEL/01_veri_seti/islenmis_veri/test/kusursuz/Class1_Test_0057.PNG,0,kusursuz,0.32203674,0,kusursuz,dogru_kusursuz
/content/drive/MyDrive/DERİNMODEL/01_veri_seti/islenmis_veri/test/kusursuz/Class1_Test_0058.PNG,0,kusursuz,0.7279761,1,kusurlu,yanlis_alarm
/content/drive/MyDrive/DERİNMODEL/01_veri_seti/islenmis_veri/test/kusursuz/Class1_Test_0059.PNG,0,kusursuz,0.6958103,1,kusurlu,yanlis_alarm
/content/drive/MyDrive/DERİNMODEL/01_veri_seti/islenmis_veri/test/kusursuz/Class1_Test_0061.PNG,0,kusursuz,0.4986452,0,kusursuz,dogru_kusursuz
/content/drive/MyDrive/DERİNMODEL/01_veri_seti/islenmis_veri/test/kusursuz/Class1_Test_0062.PNG,0,kusursuz,0.6443139,1,kusurlu,yanlis_alarm
/content/drive/MyDrive/DERİNMODEL/01_veri_seti/islenmis_veri/test/kusursuz/Class1_Test_0063.PNG,0,kusursuz,0.49851882,0,kusursuz,dogru_kusursuz
/content/drive/MyDrive/DERİNMODEL/01_veri_seti/islenmis_veri/test/kusursuz/Class1_Test_0064.PNG,0,kusursuz,0.70662445,1,kusurlu,yanlis_alarm
/content/drive/MyDrive/DERİNMODEL/01_veri_seti/islenmis_veri/test/kusursuz/Class1_Test_0066.PNG,0,kusursuz,0.4962192,0,kusursuz,dogru_kusursuz
/content/drive/MyDrive/DERİNMODEL/01_veri_seti/islenmis_veri/test/kusursuz/Class1_Test_0067.PNG,0,kusursuz,0.755056,1,kusurlu,yanlis_alarm
/content/drive/MyDrive/DERİNMODEL/01_veri_seti/islenmis_veri/test/kusursuz/Class1_Test_0068.PNG,0,kusursuz,0.5530714,0,kusursuz,dogru_kusursuz
/content/drive/MyDrive/DERİNMODEL/01_veri_seti/islenmis_veri/test/kusursuz/Class1_Test_0069.PNG,0,kusursuz,0.33781633,0,kusursuz,dogru_kusursuz
/content/drive/MyDrive/DERİNMODEL/01_veri_seti/islenmis_veri/test/kusursuz/Class1_Test_0070.PNG,0,kusursuz,0.34669614,0,kusursuz,dogru_kusursuz
/content/drive/MyDrive/DERİNMODEL/01_veri_seti/islenmis_veri/test/kusursuz/Class1_Test_0071.PNG,0,kusursuz,0.30243754,0,kusursuz,dogru_kusursuz
/content/drive/MyDrive/DERİNMODEL/01_veri_seti/islenmis_veri/test/kusursuz/Class1_Test_0072.PNG,0,kusursuz,0.35021433,0,kusursuz,dogru_kusursuz
/content/drive/MyDrive/DERİNMODEL/01_veri_seti/islenmis_veri/test/kusursuz/Class1_Test_0073.PNG,0,kusursuz,0.2847772,0,kusursuz,dogru_kusursuz
/content/drive/MyDrive/DERİNMODEL/01_veri_seti/islenmis_veri/test/kusursuz/Class1_Test_0074.PNG,0,kusursuz,0.8117557,1,kusurlu,yanlis_alarm
/content/drive/MyDrive/DERİNMODEL/01_veri_seti/islenmis_veri/test/kusursuz/Class1_Test_0075.PNG,0,kusursuz,0.56141907,0,kusursuz,dogru_kusursuz
/content/drive/MyDrive/DERİNMODEL/01_veri_seti/islenmis_veri/test/kusursuz/Class1_Test_0076.PNG,0,kusursuz,0.7331002,1,kusurlu,yanlis_alarm
/content/drive/MyDrive/DERİNMODEL/01_veri_seti/islenmis_veri/test/kusursuz/Class1_Test_0077.PNG,0,kusursuz,0.4105395,0,kusursuz,dogru_kusursuz
/content/drive/MyDrive/DERİNMODEL/01_veri_seti/islenmis_veri/test/kusursuz/Class1_Test_0079.PNG,0,kusursuz,0.52664787,0,kusursuz,dogru_kusursuz
/content/drive/MyDrive/DERİNMODEL/01_veri_seti/islenmis_veri/test/kusursuz/Class1_Test_0080.PNG,0,kusursuz,0.45743293,0,kusursuz,dogru_kusursuz
/content/drive/MyDrive/DERİNMODEL/01_veri_seti/islenmis_veri/test/kusursuz/Class1_Test_0081.PNG,0,kusursuz,0.43109718,0,kusursuz,dogru_kusursuz
/content/drive/MyDrive/DERİNMODEL/01_veri_seti/islenmis_veri/test/kusursuz/Class1_Test_0083.PNG,0,kusursuz,0.6251176,1,kusurlu,yanlis_alarm
/content/drive/MyDrive/DERİNMODEL/01_veri_seti/islenmis_veri/test/kusursuz/Class1_Test_0084.PNG,0,kusursuz,0.34578437,0,kusursuz,dogru_kusursuz
/content/drive/MyDrive/DERİNMODEL/01_veri_seti/islenmis_veri/test/kusursuz/Class1_Test_0085.PNG,0,kusursuz,0.51768345,0,kusursuz,dogru_kusursuz
/content/drive/MyDrive/DERİNMODEL/01_veri_seti/islenmis_veri/test/kusursuz/Class1_Test_0086.PNG,0,kusursuz,0.34681937,0,kusursuz,dogru_kusursuz
/content/drive/MyDrive/DERİNMODEL/01_veri_seti/islenmis_veri/test/kusursuz/Class1_Test_0087.PNG,0,kusursuz,0.5359811,0,kusursuz,dogru_kusursuz
/content/drive/MyDrive/DERİNMODEL/01_veri_seti/islenmis_veri/test/kusursuz/Class1_Test_0088.PNG,0,kusursuz,0.47170132,0,kusursuz,dogru_kusursuz
/content/drive/MyDrive/DERİNMODEL/01_veri_seti/islenmis_veri/test/kusursuz/Class1_Test_0090.PNG,0,kusursuz,0.6704899,1,kusurlu,yanlis_alarm
/content/drive/MyDrive/DERİNMODEL/01_veri_seti/islenmis_veri/test/kusursuz/Class1_Test_0091.PNG,0,kusursuz,0.7422979,1,kusurlu,yanlis_alarm
/content/drive/MyDrive/DERİNMODEL/01_veri_seti/islenmis_veri/test/kusursuz/Class1_Test_0092.PNG,0,kusursuz,0.5258143,0,kusursuz,dogru_kusursuz
/content/drive/MyDrive/DERİNMODEL/01_veri_seti/islenmis_veri/test/kusursuz/Class1_Test_0093.PNG,0,kusursuz,0.52147335,0,kusursuz,dogru_kusursuz
/content/drive/MyDrive/DERİNMODEL/01_veri_seti/islenmis_veri/test/kusursuz/Class1_Test_0094.PNG,0,kusursuz,0.5388292,0,kusursuz,dogru_kusursuz
/content/drive/MyDrive/DERİNMODEL/01_veri_seti/islenmis_veri/test/kusursuz/Class1_Test_0095.PNG,0,kusursuz,0.5849967,0,kusursuz,dogru_kusursuz
/content/drive/MyDrive/DERİNMODEL/01_veri_seti/islenmis_veri/test/kusursuz/Class1_Test_0096.PNG,0,kusursuz,0.60309774,1,kusurlu,yanlis_alarm
/content/drive/MyDrive/DERİNMODEL/01_veri_seti/islenmis_veri/test/kusursuz/Class1_Test_0097.PNG,0,kusursuz,0.28806213,0,kusursuz,dogru_kusursuz
/content/drive/MyDrive/DERİNMODEL/01_veri_seti/islenmis_veri/test/kusursuz/Class1_Test_0098.PNG,0,kusursuz,0.58034784,0,kusursuz,dogru_kusursuz
/content/drive/MyDrive/DERİNMODEL/01_veri_seti/islenmis_veri/test/kusursuz/Class1_Test_0099.PNG,0,kusursuz,0.38224098,0,kusursuz,dogru_kusursuz
/content/drive/MyDrive/DERİNMODEL/01_veri_seti/islenmis_veri/test/kusursuz/Class1_Test_0100.PNG,0,kusursuz,0.584813,0,kusursuz,dogru_kusursuz
/content/drive/MyDrive/DERİNMODEL/01_veri_seti/islenmis_veri/test/kusursuz/Class1_Test_0101.PNG,0,kusursuz,0.42932084,0,kusursuz,dogru_kusursuz
/content/drive/MyDrive/DERİNMODEL/01_veri_seti/islenmis_veri/test/kusursuz/Class1_Test_0102.PNG,0,kusursuz,0.27507454,0,kusursuz,dogru_kusursuz
/content/drive/MyDrive/DERİNMODEL/01_veri_seti/islenmis_veri/test/kusursuz/Class1_Test_0103.PNG,0,kusursuz,0.6258608,1,kusurlu,yanlis_alarm
/content/drive/MyDrive/DERİNMODEL/01_veri_seti/islenmis_veri/test/kusursuz/Class1_Test_0104.PNG,0,kusursuz,0.5277366,0,kusursuz,dogru_kusursuz
/content/drive/MyDrive/DERİNMODEL/01_veri_seti/islenmis_veri/test/kusursuz/Class1_Test_0105.PNG,0,kusursuz,0.55021375,0,kusursuz,dogru_kusursuz
/content/drive/MyDrive/DERİNMODEL/01_veri_seti/islenmis_veri/test/kusursuz/Class1_Test_0106.PNG,0,kusursuz,0.64353704,1,kusurlu,yanlis_alarm
/content/drive/MyDrive/DERİNMODEL/01_veri_seti/islenmis_veri/test/kusursuz/Class1_Test_0107.PNG,0,kusursuz,0.39748365,0,kusursuz,dogru_kusursuz
/content/drive/MyDrive/DERİNMODEL/01_veri_seti/islenmis_veri/test/kusursuz/Class1_Test_0108.PNG,0,kusursuz,0.27871394,0,kusursuz,dogru_kusursuz
/content/drive/MyDrive/DERİNMODEL/01_veri_seti/islenmis_veri/test/kusursuz/Class1_Test_0109.PNG,0,kusursuz,0.45840555,0,kusursuz,dogru_kusursuz
/content/drive/MyDrive/DERİNMODEL/01_veri_seti/islenmis_veri/test/kusursuz/Class1_Test_0110.PNG,0,kusursuz,0.6970519,1,kusurlu,yanlis_alarm
/content/drive/MyDrive/DERİNMODEL/01_veri_seti/islenmis_veri/test/kusursuz/Class1_Test_0111.PNG,0,kusursuz,0.55369383,0,kusursuz,dogru_kusursuz
/content/drive/MyDrive/DERİNMODEL/01_veri_seti/islenmis_veri/test/kusursuz/Class1_Test_0113.PNG,0,kusursuz,0.36501613,0,kusursuz,dogru_kusursuz
/content/drive/MyDrive/DERİNMODEL/01_veri_seti/islenmis_veri/test/kusursuz/Class1_Test_0114.PNG,0,kusursuz,0.29176268,0,kusursuz,dogru_kusursuz
/content/drive/MyDrive/DERİNMODEL/01_veri_seti/islenmis_veri/test/kusursuz/Class1_Test_0115.PNG,0,kusursuz,0.48927146,0,kusursuz,dogru_kusursuz
/content/drive/MyDrive/DERİNMODEL/01_veri_seti/islenmis_veri/test/kusursuz/Class1_Test_0116.PNG,0,kusursuz,0.3957377,0,kusursuz,dogru_kusursuz
/content/drive/MyDrive/DERİNMODEL/01_veri_seti/islenmis_veri/test/kusursuz/Class1_Test_0117.PNG,0,kusursuz,0.7316969,1,kusurlu,yanlis_alarm
/content/drive/MyDrive/DERİNMODEL/01_veri_seti/islenmis_veri/test/kusursuz/Class1_Test_0118.PNG,0,kusursuz,0.20209259,0,kusursuz,dogru_kusursuz
/content/drive/MyDrive/DERİNMODEL/01_veri_seti/islenmis_veri/test/kusursuz/Class1_Test_0119.PNG,0,kusursuz,0.6984862,1,kusurlu,yanlis_alarm
/content/drive/MyDrive/DERİNMODEL/01_veri_seti/islenmis_veri/test/kusursuz/Class1_Test_0120.PNG,0,kusursuz,0.6227867,1,kusurlu,yanlis_alarm
/content/drive/MyDrive/DERİNMODEL/01_veri_seti/islenmis_veri/test/kusursuz/Class1_Test_0122.PNG,0,kusursuz,0.5954401,0,kusursuz,dogru_kusursuz
/content/drive/MyDrive/DERİNMODEL/01_veri_seti/islenmis_veri/test/kusursuz/Class1_Test_0123.PNG,0,kusursuz,0.5322799,0,kusursuz,dogru_kusursuz
/content/drive/MyDrive/DERİNMODEL/01_veri_seti/islenmis_veri/test/kusursuz/Class1_Test_0124.PNG,0,kusursuz,0.480406,0,kusursuz,dogru_kusursuz
/content/drive/MyDrive/DERİNMODEL/01_veri_seti/islenmis_veri/test/kusursuz/Class1_Test_0125.PNG,0,kusursuz,0.5983918,0,kusursuz,dogru_kusursuz
/content/drive/MyDrive/DERİNMODEL/01_veri_seti/islenmis_veri/test/kusursuz/Class1_Test_0127.PNG,0,kusursuz,0.5452179,0,kusursuz,dogru_kusursuz
/content/drive/MyDrive/DERİNMODEL/01_veri_seti/islenmis_veri/test/kusursuz/Class1_Test_0128.PNG,0,kusursuz,0.6258692,1,kusurlu,yanlis_alarm
/content/drive/MyDrive/DERİNMODEL/01_veri_seti/islenmis_veri/test/kusursuz/Class1_Test_0129.PNG,0,kusursuz,0.5131112,0,kusursuz,dogru_kusursuz
/content/drive/MyDrive/DERİNMODEL/01_veri_seti/islenmis_veri/test/kusursuz/Class1_Test_0130.PNG,0,kusursuz,0.4259332,0,kusursuz,dogru_kusursuz
/content/drive/MyDrive/DERİNMODEL/01_veri_seti/islenmis_veri/test/kusursuz/Class1_Test_0131.PNG,0,kusursuz,0.6491884,1,kusurlu,yanlis_alarm
/content/drive/MyDrive/DERİNMODEL/01_veri_seti/islenmis_veri/test/kusursuz/Class1_Test_0132.PNG,0,kusursuz,0.76617825,1,kusurlu,yanlis_alarm
/content/drive/MyDrive/DERİNMODEL/01_veri_seti/islenmis_veri/test/kusursuz/Class1_Test_0133.PNG,0,kusursuz,0.4724087,0,kusursuz,dogru_kusursuz
/content/drive/MyDrive/DERİNMODEL/01_veri_seti/islenmis_veri/test/kusursuz/Class1_Test_0134.PNG,0,kusursuz,0.3635258,0,kusursuz,dogru_kusursuz
/content/drive/MyDrive/DERİNMODEL/01_veri_seti/islenmis_veri/test/kusursuz/Class1_Test_0135.PNG,0,kusursuz,0.34643406,0,kusursuz,dogru_kusursuz
/content/drive/MyDrive/DERİNMODEL/01_veri_seti/islenmis_veri/test/kusursuz/Class1_Test_0136.PNG,0,kusursuz,0.7495722,1,kusurlu,yanlis_alarm
/content/drive/MyDrive/DERİNMODEL/01_veri_seti/islenmis_veri/test/kusursuz/Class1_Test_0137.PNG,0,kusursuz,0.43849337,0,kusursuz,dogru_kusursuz
/content/drive/MyDrive/DERİNMODEL/01_veri_seti/islenmis_veri/test/kusursuz/Class1_Test_0138.PNG,0,kusursuz,0.34240964,0,kusursuz,dogru_kusursuz
/content/drive/MyDrive/DERİNMODEL/01_veri_seti/islenmis_veri/test/kusursuz/Class1_Test_0139.PNG,0,kusursuz,0.43407774,0,kusursuz,dogru_kusursuz
/content/drive/MyDrive/DERİNMODEL/01_veri_seti/islenmis_veri/test/kusursuz/Class1_Test_0140.PNG,0,kusursuz,0.2692973,0,kusursuz,dogru_kusursuz
/content/drive/MyDrive/DERİNMODEL/01_veri_seti/islenmis_veri/test/kusursuz/Class1_Test_0142.PNG,0,kusursuz,0.6446913,1,kusurlu,yanlis_alarm
/content/drive/MyDrive/DERİNMODEL/01_veri_seti/islenmis_veri/test/kusursuz/Class1_Test_0143.PNG,0,kusursuz,0.41442308,0,kusursuz,dogru_kusursuz
/content/drive/MyDrive/DERİNMODEL/01_veri_seti/islenmis_veri/test/kusursuz/Class1_Test_0144.PNG,0,kusursuz,0.50469494,0,kusursuz,dogru_kusursuz
/content/drive/MyDrive/DERİNMODEL/01_veri_seti/islenmis_veri/test/kusursuz/Class1_Test_0145.PNG,0,kusursuz,0.5303418,0,kusursuz,dogru_kusursuz
/content/drive/MyDrive/DERİNMODEL/01_veri_seti/islenmis_veri/test/kusursuz/Class1_Test_0147.PNG,0,kusursuz,0.41051945,0,kusursuz,dogru_kusursuz
/content/drive/MyDrive/DERİNMODEL/01_veri_seti/islenmis_veri/test/kusursuz/Class1_Test_0148.PNG,0,kusursuz,0.8609585,1,kusurlu,yanlis_alarm
/content/drive/MyDrive/DERİNMODEL/01_veri_seti/islenmis_veri/test/kusursuz/Class1_Test_0149.PNG,0,kusursuz,0.6807372,1,kusurlu,yanlis_alarm
/content/drive/MyDrive/DERİNMODEL/01_veri_seti/islenmis_veri/test/kusursuz/Class1_Test_0150.PNG,0,kusursuz,0.5322313,0,kusursuz,dogru_kusursuz
/content/drive/MyDrive/DERİNMODEL/01_veri_seti/islenmis_veri/test/kusursuz/Class1_Test_0151.PNG,0,kusursuz,0.39144608,0,kusursuz,dogru_kusursuz
/content/drive/MyDrive/DERİNMODEL/01_veri_seti/islenmis_veri/test/kusursuz/Class1_Test_0152.PNG,0,kusursuz,0.6251082,1,kusurlu,yanlis_alarm
/content/drive/MyDrive/DERİNMODEL/01_veri_seti/islenmis_veri/test/kusursuz/Class1_Test_0153.PNG,0,kusursuz,0.51405936,0,kusursuz,dogru_kusursuz
/content/drive/MyDrive/DERİNMODEL/01_veri_seti/islenmis_veri/test/kusursuz/Class1_Test_0154.PNG,0,kusursuz,0.5939534,0,kusursuz,dogru_kusursuz
/content/drive/MyDrive/DERİNMODEL/01_veri_seti/islenmis_veri/test/kusursuz/Class1_Test_0155.PNG,0,kusursuz,0.61070424,1,kusurlu,yanlis_alarm
/content/drive/MyDrive/DERİNMODEL/01_veri_seti/islenmis_veri/test/kusursuz/Class1_Test_0156.PNG,0,kusursuz,0.41574866,0,kusursuz,dogru_kusursuz
/content/drive/MyDrive/DERİNMODEL/01_veri_seti/islenmis_veri/test/kusursuz/Class1_Test_0157.PNG,0,kusursuz,0.3284114,0,kusursuz,dogru_kusursuz
/content/drive/MyDrive/DERİNMODEL/01_veri_seti/islenmis_veri/test/kusursuz/Class1_Test_0158.PNG,0,kusursuz,0.47542587,0,kusursuz,dogru_kusursuz
/content/drive/MyDrive/DERİNMODEL/01_veri_seti/islenmis_veri/test/kusursuz/Class1_Test_0159.PNG,0,kusursuz,0.34371203,0,kusursuz,dogru_kusursuz
/content/drive/MyDrive/DERİNMODEL/01_veri_seti/islenmis_veri/test/kusursuz/Class1_Test_0160.PNG,0,kusursuz,0.26594418,0,kusursuz,dogru_kusursuz
/content/drive/MyDrive/DERİNMODEL/01_veri_seti/islenmis_veri/test/kusursuz/Class1_Test_0161.PNG,0,kusursuz,0.5257233,0,kusursuz,dogru_kusursuz
/content/drive/MyDrive/DERİNMODEL/01_veri_seti/islenmis_veri/test/kusursuz/Class1_Test_0162.PNG,0,kusursuz,0.52761286,0,kusursuz,dogru_kusursuz
/content/drive/MyDrive/DERİNMODEL/01_veri_seti/islenmis_veri/test/kusursuz/Class1_Test_0163.PNG,0,kusursuz,0.80446064,1,kusurlu,yanlis_alarm
/content/drive/MyDrive/DERİNMODEL/01_veri_seti/islenmis_veri/test/kusursuz/Class1_Test_0164.PNG,0,kusursuz,0.4398272,0,kusursuz,dogru_kusursuz
/content/drive/MyDrive/DERİNMODEL/01_veri_seti/islenmis_veri/test/kusursuz/Class1_Test_0165.PNG,0,kusursuz,0.51988,0,kusursuz,dogru_kusursuz
/content/drive/MyDrive/DERİNMODEL/01_veri_seti/islenmis_veri/test/kusursuz/Class1_Test_0166.PNG,0,kusursuz,0.5695008,0,kusursuz,dogru_kusursuz
/content/drive/MyDrive/DERİNMODEL/01_veri_seti/islenmis_veri/test/kusursuz/Class1_Test_0167.PNG,0,kusursuz,0.5095205,0,kusursuz,dogru_kusursuz
/content/drive/MyDrive/DERİNMODEL/01_veri_seti/islenmis_veri/test/kusursuz/Class1_Test_0168.PNG,0,kusursuz,0.3196617,0,kusursuz,dogru_kusursuz
/content/drive/MyDrive/DERİNMODEL/01_veri_seti/islenmis_veri/test/kusursuz/Class1_Test_0169.PNG,0,kusursuz,0.45342395,0,kusursuz,dogru_kusursuz
/content/drive/MyDrive/DERİNMODEL/01_veri_seti/islenmis_veri/test/kusursuz/Class1_Test_0170.PNG,0,kusursuz,0.23750354,0,kusursuz,dogru_kusursuz
/content/drive/MyDrive/DERİNMODEL/01_veri_seti/islenmis_veri/test/kusursuz/Class1_Test_0171.PNG,0,kusursuz,0.5196303,0,kusursuz,dogru_kusursuz
/content/drive/MyDrive/DERİNMODEL/01_veri_seti/islenmis_veri/test/kusursuz/Class1_Test_0172.PNG,0,kusursuz,0.30528313,0,kusursuz,dogru_kusursuz
/content/drive/MyDrive/DERİNMODEL/01_veri_seti/islenmis_veri/test/kusursuz/Class1_Test_0173.PNG,0,kusursuz,0.49452233,0,kusursuz,dogru_kusursuz
/content/drive/MyDrive/DERİNMODEL/01_veri_seti/islenmis_veri/test/kusursuz/Class1_Test_0174.PNG,0,kusursuz,0.54965186,0,kusursuz,dogru_kusursuz
/content/drive/MyDrive/DERİNMODEL/01_veri_seti/islenmis_veri/test/kusursuz/Class1_Test_0175.PNG,0,kusursuz,0.5555361,0,kusursuz,dogru_kusursuz
/content/drive/MyDrive/DERİNMODEL/01_veri_seti/islenmis_veri/test/kusursuz/Class1_Test_0177.PNG,0,kusursuz,0.41395167,0,kusursuz,dogru_kusursuz
/content/drive/MyDrive/DERİNMODEL/01_veri_seti/islenmis_veri/test/kusursuz/Class1_Test_0178.PNG,0,kusursuz,0.2895,0,kusursuz,dogru_kusursuz
/content/drive/MyDrive/DERİNMODEL/01_veri_seti/islenmis_veri/test/kusursuz/Class1_Test_0179.PNG,0,kusursuz,0.54116464,0,kusursuz,dogru_kusursuz
/content/drive/MyDrive/DERİNMODEL/01_veri_seti/islenmis_veri/test/kusursuz/Class1_Test_0181.PNG,0,kusursuz,0.6004853,1,kusurlu,yanlis_alarm
/content/drive/MyDrive/DERİNMODEL/01_veri_seti/islenmis_veri/test/kusursuz/Class1_Test_0182.PNG,0,kusursuz,0.19132015,0,kusursuz,dogru_kusursuz
/content/drive/MyDrive/DERİNMODEL/01_veri_seti/islenmis_veri/test/kusursuz/Class1_Test_0183.PNG,0,kusursuz,0.38248315,0,kusursuz,dogru_kusursuz
/content/drive/MyDrive/DERİNMODEL/01_veri_seti/islenmis_veri/test/kusursuz/Class1_Test_0184.PNG,0,kusursuz,0.4164133,0,kusursuz,dogru_kusursuz
/content/drive/MyDrive/DERİNMODEL/01_veri_seti/islenmis_veri/test/kusursuz/Class1_Test_0185.PNG,0,kusursuz,0.58688444,0,kusursuz,dogru_kusursuz
/content/drive/MyDrive/DERİNMODEL/01_veri_seti/islenmis_veri/test/kusursuz/Class1_Test_0186.PNG,0,kusursuz,0.62952906,1,kusurlu,yanlis_alarm
/content/drive/MyDrive/DERİNMODEL/01_veri_seti/islenmis_veri/test/kusursuz/Class1_Test_0187.PNG,0,kusursuz,0.48673037,0,kusursuz,dogru_kusursuz
/content/drive/MyDrive/DERİNMODEL/01_veri_seti/islenmis_veri/test/kusursuz/Class1_Test_0189.PNG,0,kusursuz,0.4720684,0,kusursuz,dogru_kusursuz
/content/drive/MyDrive/DERİNMODEL/01_veri_seti/islenmis_veri/test/kusursuz/Class1_Test_0190.PNG,0,kusursuz,0.39495882,0,kusursuz,dogru_kusursuz
/content/drive/MyDrive/DERİNMODEL/01_veri_seti/islenmis_veri/test/kusursuz/Class1_Test_0191.PNG,0,kusursuz,0.5624827,0,kusursuz,dogru_kusursuz
/content/drive/MyDrive/DERİNMODEL/01_veri_seti/islenmis_veri/test/kusursuz/Class1_Test_0192.PNG,0,kusursuz,0.6638055,1,kusurlu,yanlis_alarm
/content/drive/MyDrive/DERİNMODEL/01_veri_seti/islenmis_veri/test/kusursuz/Class1_Test_0193.PNG,0,kusursuz,0.40727267,0,kusursuz,dogru_kusursuz
/content/drive/MyDrive/DERİNMODEL/01_veri_seti/islenmis_veri/test/kusursuz/Class1_Test_0195.PNG,0,kusursuz,0.34096745,0,kusursuz,dogru_kusursuz
/content/drive/MyDrive/DERİNMODEL/01_veri_seti/islenmis_veri/test/kusursuz/Class1_Test_0196.PNG,0,kusursuz,0.6602242,1,kusurlu,yanlis_alarm
/content/drive/MyDrive/DERİNMODEL/01_veri_seti/islenmis_veri/test/kusursuz/Class1_Test_0197.PNG,0,kusursuz,0.7303696,1,kusurlu,yanlis_alarm
/content/drive/MyDrive/DERİNMODEL/01_veri_seti/islenmis_veri/test/kusursuz/Class1_Test_0198.PNG,0,kusursuz,0.6375513,1,kusurlu,yanlis_alarm
/content/drive/MyDrive/DERİNMODEL/01_veri_seti/islenmis_veri/test/kusursuz/Class1_Test_0199.PNG,0,kusursuz,0.37421337,0,kusursuz,dogru_kusursuz
/content/drive/MyDrive/DERİNMODEL/01_veri_seti/islenmis_veri/test/kusursuz/Class1_Test_0200.PNG,0,kusursuz,0.52630424,0,kusursuz,dogru_kusursuz
/content/drive/MyDrive/DERİNMODEL/01_veri_seti/islenmis_veri/test/kusursuz/Class1_Test_0201.PNG,0,kusursuz,0.6803311,1,kusurlu,yanlis_alarm
/content/drive/MyDrive/DERİNMODEL/01_veri_seti/islenmis_veri/test/kusursuz/Class1_Test_0202.PNG,0,kusursuz,0.9468458,1,kusurlu,yanlis_alarm
/content/drive/MyDrive/DERİNMODEL/01_veri_seti/islenmis_veri/test/kusursuz/Class1_Test_0205.PNG,0,kusursuz,0.2698989,0,kusursuz,dogru_kusursuz
/content/drive/MyDrive/DERİNMODEL/01_veri_seti/islenmis_veri/test/kusursuz/Class1_Test_0206.PNG,0,kusursuz,0.585929,0,kusursuz,dogru_kusursuz
/content/drive/MyDrive/DERİNMODEL/01_veri_seti/islenmis_veri/test/kusursuz/Class1_Test_0207.PNG,0,kusursuz,0.3911548,0,kusursuz,dogru_kusursuz
/content/drive/MyDrive/DERİNMODEL/01_veri_seti/islenmis_veri/test/kusursuz/Class1_Test_0208.PNG,0,kusursuz,0.34347913,0,kusursuz,dogru_kusursuz
/content/drive/MyDrive/DERİNMODEL/01_veri_seti/islenmis_veri/test/kusursuz/Class1_Test_0209.PNG,0,kusursuz,0.48535743,0,kusursuz,dogru_kusursuz
/content/drive/MyDrive/DERİNMODEL/01_veri_seti/islenmis_veri/test/kusursuz/Class1_Test_0210.PNG,0,kusursuz,0.5290698,0,kusursuz,dogru_kusursuz
/content/drive/MyDrive/DERİNMODEL/01_veri_seti/islenmis_veri/test/kusursuz/Class1_Test_0211.PNG,0,kusursuz,0.49958575,0,kusursuz,dogru_kusursuz
/content/drive/MyDrive/DERİNMODEL/01_veri_seti/islenmis_veri/test/kusursuz/Class1_Test_0212.PNG,0,kusursuz,0.59214413,0,kusursuz,dogru_kusursuz
/content/drive/MyDrive/DERİNMODEL/01_veri_seti/islenmis_veri/test/kusursuz/Class1_Test_0213.PNG,0,kusursuz,0.39188167,0,kusursuz,dogru_kusursuz
/content/drive/MyDrive/DERİNMODEL/01_veri_seti/islenmis_veri/test/kusursuz/Class1_Test_0214.PNG,0,kusursuz,0.21480012,0,kusursuz,dogru_kusursuz
/content/drive/MyDrive/DERİNMODEL/01_veri_seti/islenmis_veri/test/kusursuz/Class1_Test_0215.PNG,0,kusursuz,0.27595708,0,kusursuz,dogru_kusursuz
/content/drive/MyDrive/DERİNMODEL/01_veri_seti/islenmis_veri/test/kusursuz/Class1_Test_0216.PNG,0,kusursuz,0.35942617,0,kusursuz,dogru_kusursuz
/content/drive/MyDrive/DERİNMODEL/01_veri_seti/islenmis_veri/test/kusursuz/Class1_Test_0217.PNG,0,kusursuz,0.768034,1,kusurlu,yanlis_alarm
/content/drive/MyDrive/DERİNMODEL/01_veri_seti/islenmis_veri/test/kusursuz/Class1_Test_0218.PNG,0,kusursuz,0.55992216,0,kusursuz,dogru_kusursuz
/content/drive/MyDrive/DERİNMODEL/01_veri_seti/islenmis_veri/test/kusursuz/Class1_Test_0219.PNG,0,kusursuz,0.38916793,0,kusursuz,dogru_kusursuz
/content/drive/MyDrive/DERİNMODEL/01_veri_seti/islenmis_veri/test/kusursuz/Class1_Test_0220.PNG,0,kusursuz,0.47505546,0,kusursuz,dogru_kusursuz
/content/drive/MyDrive/DERİNMODEL/01_veri_seti/islenmis_veri/test/kusursuz/Class1_Test_0221.PNG,0,kusursuz,0.2731763,0,kusursuz,dogru_kusursuz
/content/drive/MyDrive/DERİNMODEL/01_veri_seti/islenmis_veri/test/kusursuz/Class1_Test_0222.PNG,0,kusursuz,0.5428012,0,kusursuz,dogru_kusursuz
/content/drive/MyDrive/DERİNMODEL/01_veri_seti/islenmis_veri/test/kusursuz/Class1_Test_0223.PNG,0,kusursuz,0.5299934,0,kusursuz,dogru_kusursuz
/content/drive/MyDrive/DERİNMODEL/01_veri_seti/islenmis_veri/test/kusursuz/Class1_Test_0225.PNG,0,kusursuz,0.3820931,0,kusursuz,dogru_kusursuz
/content/drive/MyDrive/DERİNMODEL/01_veri_seti/islenmis_veri/test/kusursuz/Class1_Test_0226.PNG,0,kusursuz,0.5436472,0,kusursuz,dogru_kusursuz
/content/drive/MyDrive/DERİNMODEL/01_veri_seti/islenmis_veri/test/kusursuz/Class1_Test_0227.PNG,0,kusursuz,0.45751745,0,kusursuz,dogru_kusursuz
/content/drive/MyDrive/DERİNMODEL/01_veri_seti/islenmis_veri/test/kusursuz/Class1_Test_0228.PNG,0,kusursuz,0.45053652,0,kusursuz,dogru_kusursuz
/content/drive/MyDrive/DERİNMODEL/01_veri_seti/islenmis_veri/test/kusursuz/Class1_Test_0229.PNG,0,kusursuz,0.5492061,0,kusursuz,dogru_kusursuz
/content/drive/MyDrive/DERİNMODEL/01_veri_seti/islenmis_veri/test/kusursuz/Class1_Test_0230.PNG,0,kusursuz,0.6606526,1,kusurlu,yanlis_alarm
/content/drive/MyDrive/DERİNMODEL/01_veri_seti/islenmis_veri/test/kusursuz/Class1_Test_0231.PNG,0,kusursuz,0.46056047,0,kusursuz,dogru_kusursuz
/content/drive/MyDrive/DERİNMODEL/01_veri_seti/islenmis_veri/test/kusursuz/Class1_Test_0233.PNG,0,kusursuz,0.53592503,0,kusursuz,dogru_kusursuz
/content/drive/MyDrive/DERİNMODEL/01_veri_seti/islenmis_veri/test/kusursuz/Class1_Test_0235.PNG,0,kusursuz,0.5508047,0,kusursuz,dogru_kusursuz
/content/drive/MyDrive/DERİNMODEL/01_veri_seti/islenmis_veri/test/kusursuz/Class1_Test_0236.PNG,0,kusursuz,0.3151417,0,kusursuz,dogru_kusursuz
/content/drive/MyDrive/DERİNMODEL/01_veri_seti/islenmis_veri/test/kusursuz/Class1_Test_0237.PNG,0,kusursuz,0.2542245,0,kusursuz,dogru_kusursuz
/content/drive/MyDrive/DERİNMODEL/01_veri_seti/islenmis_veri/test/kusursuz/Class1_Test_0238.PNG,0,kusursuz,0.56686455,0,kusursuz,dogru_kusursuz
/content/drive/MyDrive/DERİNMODEL/01_veri_seti/islenmis_veri/test/kusursuz/Class1_Test_0239.PNG,0,kusursuz,0.67025465,1,kusurlu,yanlis_alarm
/content/drive/MyDrive/DERİNMODEL/01_veri_seti/islenmis_veri/test/kusursuz/Class1_Test_0241.PNG,0,kusursuz,0.4427176,0,kusursuz,dogru_kusursuz
/content/drive/MyDrive/DERİNMODEL/01_veri_seti/islenmis_veri/test/kusursuz/Class1_Test_0242.PNG,0,kusursuz,0.57940996,0,kusursuz,dogru_kusursuz
/content/drive/MyDrive/DERİNMODEL/01_veri_seti/islenmis_veri/test/kusursuz/Class1_Test_0243.PNG,0,kusursuz,0.37378144,0,kusursuz,dogru_kusursuz
/content/drive/MyDrive/DERİNMODEL/01_veri_seti/islenmis_veri/test/kusursuz/Class1_Test_0244.PNG,0,kusursuz,0.4068809,0,kusursuz,dogru_kusursuz
/content/drive/MyDrive/DERİNMODEL/01_veri_seti/islenmis_veri/test/kusursuz/Class1_Test_0245.PNG,0,kusursuz,0.53574204,0,kusursuz,dogru_kusursuz
/content/drive/MyDrive/DERİNMODEL/01_veri_seti/islenmis_veri/test/kusursuz/Class1_Test_0246.PNG,0,kusursuz,0.5061967,0,kusursuz,dogru_kusursuz
/content/drive/MyDrive/DERİNMODEL/01_veri_seti/islenmis_veri/test/kusursuz/Class1_Test_0247.PNG,0,kusursuz,0.5928477,0,kusursuz,dogru_kusursuz
/content/drive/MyDrive/DERİNMODEL/01_veri_seti/islenmis_veri/test/kusursuz/Class1_Test_0248.PNG,0,kusursuz,0.3681258,0,kusursuz,dogru_kusursuz
/content/drive/MyDrive/DERİNMODEL/01_veri_seti/islenmis_veri/test/kusursuz/Class1_Test_0249.PNG,0,kusursuz,0.51604223,0,kusursuz,dogru_kusursuz
/content/drive/MyDrive/DERİNMODEL/01_veri_seti/islenmis_veri/test/kusursuz/Class1_Test_0250.PNG,0,kusursuz,0.79506445,1,kusurlu,yanlis_alarm
/content/drive/MyDrive/DERİNMODEL/01_veri_seti/islenmis_veri/test/kusursuz/Class1_Test_0251.PNG,0,kusursuz,0.7096476,1,kusurlu,yanlis_alarm
/content/drive/MyDrive/DERİNMODEL/01_veri_seti/islenmis_veri/test/kusursuz/Class1_Test_0252.PNG,0,kusursuz,0.77068156,1,kusurlu,yanlis_alarm
/content/drive/MyDrive/DERİNMODEL/01_veri_seti/islenmis_veri/test/kusursuz/Class1_Test_0254.PNG,0,kusursuz,0.49703506,0,kusursuz,dogru_kusursuz
/content/drive/MyDrive/DERİNMODEL/01_veri_seti/islenmis_veri/test/kusursuz/Class1_Test_0255.PNG,0,kusursuz,0.33548856,0,kusursuz,dogru_kusursuz
/content/drive/MyDrive/DERİNMODEL/01_veri_seti/islenmis_veri/test/kusursuz/Class1_Test_0256.PNG,0,kusursuz,0.37066042,0,kusursuz,dogru_kusursuz
/content/drive/MyDrive/DERİNMODEL/01_veri_seti/islenmis_veri/test/kusursuz/Class1_Test_0257.PNG,0,kusursuz,0.48674986,0,kusursuz,dogru_kusursuz
/content/drive/MyDrive/DERİNMODEL/01_veri_seti/islenmis_veri/test/kusursuz/Class1_Test_0258.PNG,0,kusursuz,0.84176487,1,kusurlu,yanlis_alarm
/content/drive/MyDrive/DERİNMODEL/01_veri_seti/islenmis_veri/test/kusursuz/Class1_Test_0259.PNG,0,kusursuz,0.4592591,0,kusursuz,dogru_kusursuz
/content/drive/MyDrive/DERİNMODEL/01_veri_seti/islenmis_veri/test/kusursuz/Class1_Test_0260.PNG,0,kusursuz,0.54117256,0,kusursuz,dogru_kusursuz
/content/drive/MyDrive/DERİNMODEL/01_veri_seti/islenmis_veri/test/kusursuz/Class1_Test_0261.PNG,0,kusursuz,0.706812,1,kusurlu,yanlis_alarm
/content/drive/MyDrive/DERİNMODEL/01_veri_seti/islenmis_veri/test/kusursuz/Class1_Test_0262.PNG,0,kusursuz,0.6681073,1,kusurlu,yanlis_alarm
/content/drive/MyDrive/DERİNMODEL/01_veri_seti/islenmis_veri/test/kusursuz/Class1_Test_0263.PNG,0,kusursuz,0.70814025,1,kusurlu,yanlis_alarm
/content/drive/MyDrive/DERİNMODEL/01_veri_seti/islenmis_veri/test/kusursuz/Class1_Test_0264.PNG,0,kusursuz,0.32949138,0,kusursuz,dogru_kusursuz
/content/drive/MyDrive/DERİNMODEL/01_veri_seti/islenmis_veri/test/kusursuz/Class1_Test_0265.PNG,0,kusursuz,0.66677374,1,kusurlu,yanlis_alarm
/content/drive/MyDrive/DERİNMODEL/01_veri_seti/islenmis_veri/test/kusursuz/Class1_Test_0266.PNG,0,kusursuz,0.42854854,0,kusursuz,dogru_kusursuz
/content/drive/MyDrive/DERİNMODEL/01_veri_seti/islenmis_veri/test/kusursuz/Class1_Test_0267.PNG,0,kusursuz,0.40763876,0,kusursuz,dogru_kusursuz
/content/drive/MyDrive/DERİNMODEL/01_veri_seti/islenmis_veri/test/kusursuz/Class1_Test_0269.PNG,0,kusursuz,0.38108653,0,kusursuz,dogru_kusursuz
/content/drive/MyDrive/DERİNMODEL/01_veri_seti/islenmis_veri/test/kusursuz/Class1_Test_0270.PNG,0,kusursuz,0.40975517,0,kusursuz,dogru_kusursuz
/content/drive/MyDrive/DERİNMODEL/01_veri_seti/islenmis_veri/test/kusursuz/Class1_Test_0271.PNG,0,kusursuz,0.35851082,0,kusursuz,dogru_kusursuz
/content/drive/MyDrive/DERİNMODEL/01_veri_seti/islenmis_veri/test/kusursuz/Class1_Test_0273.PNG,0,kusursuz,0.7064485,1,kusurlu,yanlis_alarm
/content/drive/MyDrive/DERİNMODEL/01_veri_seti/islenmis_veri/test/kusursuz/Class1_Test_0275.PNG,0,kusursuz,0.7388276,1,kusurlu,yanlis_alarm
/content/drive/MyDrive/DERİNMODEL/01_veri_seti/islenmis_veri/test/kusursuz/Class1_Test_0276.PNG,0,kusursuz,0.85098505,1,kusurlu,yanlis_alarm
/content/drive/MyDrive/DERİNMODEL/01_veri_seti/islenmis_veri/test/kusursuz/Class1_Test_0277.PNG,0,kusursuz,0.49052435,0,kusursuz,dogru_kusursuz
/content/drive/MyDrive/DERİNMODEL/01_veri_seti/islenmis_veri/test/kusursuz/Class1_Test_0278.PNG,0,kusursuz,0.39901784,0,kusursuz,dogru_kusursuz
/content/drive/MyDrive/DERİNMODEL/01_veri_seti/islenmis_veri/test/kusursuz/Class1_Test_0279.PNG,0,kusursuz,0.5863288,0,kusursuz,dogru_kusursuz
/content/drive/MyDrive/DERİNMODEL/01_veri_seti/islenmis_veri/test/kusursuz/Class1_Test_0280.PNG,0,kusursuz,0.55653536,0,kusursuz,dogru_kusursuz
/content/drive/MyDrive/DERİNMODEL/01_veri_seti/islenmis_veri/test/kusursuz/Class1_Test_0281.PNG,0,kusursuz,0.81833786,1,kusurlu,yanlis_alarm
/content/drive/MyDrive/DERİNMODEL/01_veri_seti/islenmis_veri/test/kusursuz/Class1_Test_0282.PNG,0,kusursuz,0.66038585,1,kusurlu,yanlis_alarm
/content/drive/MyDrive/DERİNMODEL/01_veri_seti/islenmis_veri/test/kusursuz/Class1_Test_0284.PNG,0,kusursuz,0.48686817,0,kusursuz,dogru_kusursuz
/content/drive/MyDrive/DERİNMODEL/01_veri_seti/islenmis_veri/test/kusursuz/Class1_Test_0285.PNG,0,kusursuz,0.87435544,1,kusurlu,yanlis_alarm
/content/drive/MyDrive/DERİNMODEL/01_veri_seti/islenmis_veri/test/kusursuz/Class1_Test_0286.PNG,0,kusursuz,0.6595725,1,kusurlu,yanlis_alarm
/content/drive/MyDrive/DERİNMODEL/01_veri_seti/islenmis_veri/test/kusursuz/Class1_Test_0287.PNG,0,kusursuz,0.3985988,0,kusursuz,dogru_kusursuz
/content/drive/MyDrive/DERİNMODEL/01_veri_seti/islenmis_veri/test/kusursuz/Class1_Test_0288.PNG,0,kusursuz,0.7077164,1,kusurlu,yanlis_alarm
/content/drive/MyDrive/DERİNMODEL/01_veri_seti/islenmis_veri/test/kusursuz/Class1_Test_0289.PNG,0,kusursuz,0.42517978,0,kusursuz,dogru_kusursuz
/content/drive/MyDrive/DERİNMODEL/01_veri_seti/islenmis_veri/test/kusursuz/Class1_Test_0290.PNG,0,kusursuz,0.40565827,0,kusursuz,dogru_kusursuz
/content/drive/MyDrive/DERİNMODEL/01_veri_seti/islenmis_veri/test/kusursuz/Class1_Test_0291.PNG,0,kusursuz,0.4257072,0,kusursuz,dogru_kusursuz
/content/drive/MyDrive/DERİNMODEL/01_veri_seti/islenmis_veri/test/kusursuz/Class1_Test_0292.PNG,0,kusursuz,0.24682806,0,kusursuz,dogru_kusursuz
/content/drive/MyDrive/DERİNMODEL/01_veri_seti/islenmis_veri/test/kusursuz/Class1_Test_0293.PNG,0,kusursuz,0.76152056,1,kusurlu,yanlis_alarm
/content/drive/MyDrive/DERİNMODEL/01_veri_seti/islenmis_veri/test/kusursuz/Class1_Test_0294.PNG,0,kusursuz,0.5016571,0,kusursuz,dogru_kusursuz
/content/drive/MyDrive/DERİNMODEL/01_veri_seti/islenmis_veri/test/kusursuz/Class1_Test_0295.PNG,0,kusursuz,0.4637122,0,kusursuz,dogru_kusursuz
/content/drive/MyDrive/DERİNMODEL/01_veri_seti/islenmis_veri/test/kusursuz/Class1_Test_0296.PNG,0,kusursuz,0.5295375,0,kusursuz,dogru_kusursuz
/content/drive/MyDrive/DERİNMODEL/01_veri_seti/islenmis_veri/test/kusursuz/Class1_Test_0297.PNG,0,kusursuz,0.25753817,0,kusursuz,dogru_kusursuz
/content/drive/MyDrive/DERİNMODEL/01_veri_seti/islenmis_veri/test/kusursuz/Class1_Test_0298.PNG,0,kusursuz,0.73314357,1,kusurlu,yanlis_alarm
/content/drive/MyDrive/DERİNMODEL/01_veri_seti/islenmis_veri/test/kusursuz/Class1_Test_0299.PNG,0,kusursuz,0.3461153,0,kusursuz,dogru_kusursuz
/content/drive/MyDrive/DERİNMODEL/01_veri_seti/islenmis_veri/test/kusursuz/Class1_Test_0300.PNG,0,kusursuz,0.4968264,0,kusursuz,dogru_kusursuz
/content/drive/MyDrive/DERİNMODEL/01_veri_seti/islenmis_veri/test/kusursuz/Class1_Test_0301.PNG,0,kusursuz,0.48450202,0,kusursuz,dogru_kusursuz
/content/drive/MyDrive/DERİNMODEL/01_veri_seti/islenmis_veri/test/kusursuz/Class1_Test_0302.PNG,0,kusursuz,0.5229833,0,kusursuz,dogru_kusursuz
/content/drive/MyDrive/DERİNMODEL/01_veri_seti/islenmis_veri/test/kusursuz/Class1_Test_0303.PNG,0,kusursuz,0.42486098,0,kusursuz,dogru_kusursuz
/content/drive/MyDrive/DERİNMODEL/01_veri_seti/islenmis_veri/test/kusursuz/Class1_Test_0304.PNG,0,kusursuz,0.6448562,1,kusurlu,yanlis_alarm
/content/drive/MyDrive/DERİNMODEL/01_veri_seti/islenmis_veri/test/kusursuz/Class1_Test_0306.PNG,0,kusursuz,0.5795803,0,kusursuz,dogru_kusursuz
/content/drive/MyDrive/DERİNMODEL/01_veri_seti/islenmis_veri/test/kusursuz/Class1_Test_0307.PNG,0,kusursuz,0.39250466,0,kusursuz,dogru_kusursuz
/content/drive/MyDrive/DERİNMODEL/01_veri_seti/islenmis_veri/test/kusursuz/Class1_Test_0308.PNG,0,kusursuz,0.60581934,1,kusurlu,yanlis_alarm
/content/drive/MyDrive/DERİNMODEL/01_veri_seti/islenmis_veri/test/kusursuz/Class1_Test_0309.PNG,0,kusursuz,0.5990065,0,kusursuz,dogru_kusursuz
/content/drive/MyDrive/DERİNMODEL/01_veri_seti/islenmis_veri/test/kusursuz/Class1_Test_0310.PNG,0,kusursuz,0.4642693,0,kusursuz,dogru_kusursuz
/content/drive/MyDrive/DERİNMODEL/01_veri_seti/islenmis_veri/test/kusursuz/Class1_Test_0311.PNG,0,kusursuz,0.37615782,0,kusursuz,dogru_kusursuz
/content/drive/MyDrive/DERİNMODEL/01_veri_seti/islenmis_veri/test/kusursuz/Class1_Test_0312.PNG,0,kusursuz,0.74511284,1,kusurlu,yanlis_alarm
/content/drive/MyDrive/DERİNMODEL/01_veri_seti/islenmis_veri/test/kusursuz/Class1_Test_0313.PNG,0,kusursuz,0.68981236,1,kusurlu,yanlis_alarm
/content/drive/MyDrive/DERİNMODEL/01_veri_seti/islenmis_veri/test/kusursuz/Class1_Test_0314.PNG,0,kusursuz,0.39086297,0,kusursuz,dogru_kusursuz
/content/drive/MyDrive/DERİNMODEL/01_veri_seti/islenmis_veri/test/kusursuz/Class1_Test_0315.PNG,0,kusursuz,0.40467498,0,kusursuz,dogru_kusursuz
/content/drive/MyDrive/DERİNMODEL/01_veri_seti/islenmis_veri/test/kusursuz/Class1_Test_0316.PNG,0,kusursuz,0.5546261,0,kusursuz,dogru_kusursuz
/content/drive/MyDrive/DERİNMODEL/01_veri_seti/islenmis_veri/test/kusursuz/Class1_Test_0317.PNG,0,kusursuz,0.6172331,1,kusurlu,yanlis_alarm
/content/drive/MyDrive/DERİNMODEL/01_veri_seti/islenmis_veri/test/kusursuz/Class1_Test_0318.PNG,0,kusursuz,0.1591934,0,kusursuz,dogru_kusursuz
/content/drive/MyDrive/DERİNMODEL/01_veri_seti/islenmis_veri/test/kusursuz/Class1_Test_0319.PNG,0,kusursuz,0.30846226,0,kusursuz,dogru_kusursuz
/content/drive/MyDrive/DERİNMODEL/01_veri_seti/islenmis_veri/test/kusursuz/Class1_Test_0320.PNG,0,kusursuz,0.6105584,1,kusurlu,yanlis_alarm
/content/drive/MyDrive/DERİNMODEL/01_veri_seti/islenmis_veri/test/kusursuz/Class1_Test_0321.PNG,0,kusursuz,0.7878169,1,kusurlu,yanlis_alarm
/content/drive/MyDrive/DERİNMODEL/01_veri_seti/islenmis_veri/test/kusursuz/Class1_Test_0322.PNG,0,kusursuz,0.6200335,1,kusurlu,yanlis_alarm
/content/drive/MyDrive/DERİNMODEL/01_veri_seti/islenmis_veri/test/kusursuz/Class1_Test_0323.PNG,0,kusursuz,0.42068717,0,kusursuz,dogru_kusursuz
/content/drive/MyDrive/DERİNMODEL/01_veri_seti/islenmis_veri/test/kusursuz/Class1_Test_0324.PNG,0,kusursuz,0.36682615,0,kusursuz,dogru_kusursuz
/content/drive/MyDrive/DERİNMODEL/01_veri_seti/islenmis_veri/test/kusursuz/Class1_Test_0325.PNG,0,kusursuz,0.38830194,0,kusursuz,dogru_kusursuz
/content/drive/MyDrive/DERİNMODEL/01_veri_seti/islenmis_veri/test/kusursuz/Class1_Test_0326.PNG,0,kusursuz,0.5627236,0,kusursuz,dogru_kusursuz
/content/drive/MyDrive/DERİNMODEL/01_veri_seti/islenmis_veri/test/kusursuz/Class1_Test_0327.PNG,0,kusursuz,0.5152658,0,kusursuz,dogru_kusursuz
/content/drive/MyDrive/DERİNMODEL/01_veri_seti/islenmis_veri/test/kusursuz/Class1_Test_0328.PNG,0,kusursuz,0.46315977,0,kusursuz,dogru_kusursuz
/content/drive/MyDrive/DERİNMODEL/01_veri_seti/islenmis_veri/test/kusursuz/Class1_Test_0329.PNG,0,kusursuz,0.7289844,1,kusurlu,yanlis_alarm
/content/drive/MyDrive/DERİNMODEL/01_veri_seti/islenmis_veri/test/kusursuz/Class1_Test_0330.PNG,0,kusursuz,0.5828189,0,kusursuz,dogru_kusursuz
/content/drive/MyDrive/DERİNMODEL/01_veri_seti/islenmis_veri/test/kusursuz/Class1_Test_0331.PNG,0,kusursuz,0.5937177,0,kusursuz,dogru_kusursuz
/content/drive/MyDrive/DERİNMODEL/01_veri_seti/islenmis_veri/test/kusursuz/Class1_Test_0332.PNG,0,kusursuz,0.2310728,0,kusursuz,dogru_kusursuz
/content/drive/MyDrive/DERİNMODEL/01_veri_seti/islenmis_veri/test/kusursuz/Class1_Test_0333.PNG,0,kusursuz,0.48204142,0,kusursuz,dogru_kusursuz
/content/drive/MyDrive/DERİNMODEL/01_veri_seti/islenmis_veri/test/kusursuz/Class1_Test_0334.PNG,0,kusursuz,0.63706183,1,kusurlu,yanlis_alarm
/content/drive/MyDrive/DERİNMODEL/01_veri_seti/islenmis_veri/test/kusursuz/Class1_Test_0335.PNG,0,kusursuz,0.26071802,0,kusursuz,dogru_kusursuz
/content/drive/MyDrive/DERİNMODEL/01_veri_seti/islenmis_veri/test/kusursuz/Class1_Test_0336.PNG,0,kusursuz,0.4530311,0,kusursuz,dogru_kusursuz
/content/drive/MyDrive/DERİNMODEL/01_veri_seti/islenmis_veri/test/kusursuz/Class1_Test_0337.PNG,0,kusursuz,0.43945798,0,kusursuz,dogru_kusursuz
/content/drive/MyDrive/DERİNMODEL/01_veri_seti/islenmis_veri/test/kusursuz/Class1_Test_0338.PNG,0,kusursuz,0.39537573,0,kusursuz,dogru_kusursuz
/content/drive/MyDrive/DERİNMODEL/01_veri_seti/islenmis_veri/test/kusursuz/Class1_Test_0339.PNG,0,kusursuz,0.4979166,0,kusursuz,dogru_kusursuz
/content/drive/MyDrive/DERİNMODEL/01_veri_seti/islenmis_veri/test/kusursuz/Class1_Test_0340.PNG,0,kusursuz,0.6381553,1,kusurlu,yanlis_alarm
/content/drive/MyDrive/DERİNMODEL/01_veri_seti/islenmis_veri/test/kusursuz/Class1_Test_0341.PNG,0,kusursuz,0.42579985,0,kusursuz,dogru_kusursuz
/content/drive/MyDrive/DERİNMODEL/01_veri_seti/islenmis_veri/test/kusursuz/Class1_Test_0342.PNG,0,kusursuz,0.430516,0,kusursuz,dogru_kusursuz
/content/drive/MyDrive/DERİNMODEL/01_veri_seti/islenmis_veri/test/kusursuz/Class1_Test_0343.PNG,0,kusursuz,0.25107816,0,kusursuz,dogru_kusursuz
/content/drive/MyDrive/DERİNMODEL/01_veri_seti/islenmis_veri/test/kusursuz/Class1_Test_0344.PNG,0,kusursuz,0.63357466,1,kusurlu,yanlis_alarm
/content/drive/MyDrive/DERİNMODEL/01_veri_seti/islenmis_veri/test/kusursuz/Class1_Test_0346.PNG,0,kusursuz,0.48233387,0,kusursuz,dogru_kusursuz
/content/drive/MyDrive/DERİNMODEL/01_veri_seti/islenmis_veri/test/kusursuz/Class1_Test_0347.PNG,0,kusursuz,0.34638688,0,kusursuz,dogru_kusursuz
/content/drive/MyDrive/DERİNMODEL/01_veri_seti/islenmis_veri/test/kusursuz/Class1_Test_0348.PNG,0,kusursuz,0.61494446,1,kusurlu,yanlis_alarm
/content/drive/MyDrive/DERİNMODEL/01_veri_seti/islenmis_veri/test/kusursuz/Class1_Test_0349.PNG,0,kusursuz,0.62177265,1,kusurlu,yanlis_alarm
/content/drive/MyDrive/DERİNMODEL/01_veri_seti/islenmis_veri/test/kusursuz/Class1_Test_0350.PNG,0,kusursuz,0.22384019,0,kusursuz,dogru_kusursuz
/content/drive/MyDrive/DERİNMODEL/01_veri_seti/islenmis_veri/test/kusursuz/Class1_Test_0351.PNG,0,kusursuz,0.5460846,0,kusursuz,dogru_kusursuz
/content/drive/MyDrive/DERİNMODEL/01_veri_seti/islenmis_veri/test/kusursuz/Class1_Test_0352.PNG,0,kusursuz,0.5345613,0,kusursuz,dogru_kusursuz
/content/drive/MyDrive/DERİNMODEL/01_veri_seti/islenmis_veri/test/kusursuz/Class1_Test_0353.PNG,0,kusursuz,0.61300766,1,kusurlu,yanlis_alarm
/content/drive/MyDrive/DERİNMODEL/01_veri_seti/islenmis_veri/test/kusursuz/Class1_Test_0355.PNG,0,kusursuz,0.41759005,0,kusursuz,dogru_kusursuz
/content/drive/MyDrive/DERİNMODEL/01_veri_seti/islenmis_veri/test/kusursuz/Class1_Test_0357.PNG,0,kusursuz,0.717198,1,kusurlu,yanlis_alarm
/content/drive/MyDrive/DERİNMODEL/01_veri_seti/islenmis_veri/test/kusursuz/Class1_Test_0359.PNG,0,kusursuz,0.36925596,0,kusursuz,dogru_kusursuz
/content/drive/MyDrive/DERİNMODEL/01_veri_seti/islenmis_veri/test/kusursuz/Class1_Test_0362.PNG,0,kusursuz,0.53426623,0,kusursuz,dogru_kusursuz
/content/drive/MyDrive/DERİNMODEL/01_veri_seti/islenmis_veri/test/kusursuz/Class1_Test_0363.PNG,0,kusursuz,0.50918657,0,kusursuz,dogru_kusursuz
/content/drive/MyDrive/DERİNMODEL/01_veri_seti/islenmis_veri/test/kusursuz/Class1_Test_0364.PNG,0,kusursuz,0.58691597,0,kusursuz,dogru_kusursuz
/content/drive/MyDrive/DERİNMODEL/01_veri_seti/islenmis_veri/test/kusursuz/Class1_Test_0365.PNG,0,kusursuz,0.62724054,1,kusurlu,yanlis_alarm
/content/drive/MyDrive/DERİNMODEL/01_veri_seti/islenmis_veri/test/kusursuz/Class1_Test_0366.PNG,0,kusursuz,0.49918136,0,kusursuz,dogru_kusursuz
/content/drive/MyDrive/DERİNMODEL/01_veri_seti/islenmis_veri/test/kusursuz/Class1_Test_0368.PNG,0,kusursuz,0.42706713,0,kusursuz,dogru_kusursuz
/content/drive/MyDrive/DERİNMODEL/01_veri_seti/islenmis_veri/test/kusursuz/Class1_Test_0369.PNG,0,kusursuz,0.70462924,1,kusurlu,yanlis_alarm
/content/drive/MyDrive/DERİNMODEL/01_veri_seti/islenmis_veri/test/kusursuz/Class1_Test_0370.PNG,0,kusursuz,0.44046155,0,kusursuz,dogru_kusursuz
/content/drive/MyDrive/DERİNMODEL/01_veri_seti/islenmis_veri/test/kusursuz/Class1_Test_0371.PNG,0,kusursuz,0.47210878,0,kusursuz,dogru_kusursuz
/content/drive/MyDrive/DERİNMODEL/01_veri_seti/islenmis_veri/test/kusursuz/Class1_Test_0372.PNG,0,kusursuz,0.5285624,0,kusursuz,dogru_kusursuz
/content/drive/MyDrive/DERİNMODEL/01_veri_seti/islenmis_veri/test/kusursuz/Class1_Test_0373.PNG,0,kusursuz,0.61315167,1,kusurlu,yanlis_alarm
/content/drive/MyDrive/DERİNMODEL/01_veri_seti/islenmis_veri/test/kusursuz/Class1_Test_0374.PNG,0,kusursuz,0.6204535,1,kusurlu,yanlis_alarm
/content/drive/MyDrive/DERİNMODEL/01_veri_seti/islenmis_veri/test/kusursuz/Class1_Test_0375.PNG,0,kusursuz,0.56087524,0,kusursuz,dogru_kusursuz
/content/drive/MyDrive/DERİNMODEL/01_veri_seti/islenmis_veri/test/kusursuz/Class1_Test_0377.PNG,0,kusursuz,0.6560038,1,kusurlu,yanlis_alarm
/content/drive/MyDrive/DERİNMODEL/01_veri_seti/islenmis_veri/test/kusursuz/Class1_Test_0379.PNG,0,kusursuz,0.5199222,0,kusursuz,dogru_kusursuz
/content/drive/MyDrive/DERİNMODEL/01_veri_seti/islenmis_veri/test/kusursuz/Class1_Test_0382.PNG,0,kusursuz,0.2983748,0,kusursuz,dogru_kusursuz
/content/drive/MyDrive/DERİNMODEL/01_veri_seti/islenmis_veri/test/kusursuz/Class1_Test_0383.PNG,0,kusursuz,0.60091555,1,kusurlu,yanlis_alarm
/content/drive/MyDrive/DERİNMODEL/01_veri_seti/islenmis_veri/test/kusursuz/Class1_Test_0384.PNG,0,kusursuz,0.5208325,0,kusursuz,dogru_kusursuz
/content/drive/MyDrive/DERİNMODEL/01_veri_seti/islenmis_veri/test/kusursuz/Class1_Test_0385.PNG,0,kusursuz,0.558166,0,kusursuz,dogru_kusursuz
/content/drive/MyDrive/DERİNMODEL/01_veri_seti/islenmis_veri/test/kusursuz/Class1_Test_0387.PNG,0,kusursuz,0.5112514,0,kusursuz,dogru_kusursuz
/content/drive/MyDrive/DERİNMODEL/01_veri_seti/islenmis_veri/test/kusursuz/Class1_Test_0388.PNG,0,kusursuz,0.56439805,0,kusursuz,dogru_kusursuz
/content/drive/MyDrive/DERİNMODEL/01_veri_seti/islenmis_veri/test/kusursuz/Class1_Test_0389.PNG,0,kusursuz,0.27493513,0,kusursuz,dogru_kusursuz
/content/drive/MyDrive/DERİNMODEL/01_veri_seti/islenmis_veri/test/kusursuz/Class1_Test_0390.PNG,0,kusursuz,0.51101357,0,kusursuz,dogru_kusursuz
/content/drive/MyDrive/DERİNMODEL/01_veri_seti/islenmis_veri/test/kusursuz/Class1_Test_0391.PNG,0,kusursuz,0.3404184,0,kusursuz,dogru_kusursuz
/content/drive/MyDrive/DERİNMODEL/01_veri_seti/islenmis_veri/test/kusursuz/Class1_Test_0392.PNG,0,kusursuz,0.7514433,1,kusurlu,yanlis_alarm
/content/drive/MyDrive/DERİNMODEL/01_veri_seti/islenmis_veri/test/kusursuz/Class1_Test_0393.PNG,0,kusursuz,0.46471024,0,kusursuz,dogru_kusursuz
/content/drive/MyDrive/DERİNMODEL/01_veri_seti/islenmis_veri/test/kusursuz/Class1_Test_0394.PNG,0,kusursuz,0.45848027,0,kusursuz,dogru_kusursuz
/content/drive/MyDrive/DERİNMODEL/01_veri_seti/islenmis_veri/test/kusursuz/Class1_Test_0395.PNG,0,kusursuz,0.45381585,0,kusursuz,dogru_kusursuz
/content/drive/MyDrive/DERİNMODEL/01_veri_seti/islenmis_veri/test/kusursuz/Class1_Test_0396.PNG,0,kusursuz,0.5801355,0,kusursuz,dogru_kusursuz
/content/drive/MyDrive/DERİNMODEL/01_veri_seti/islenmis_veri/test/kusursuz/Class1_Test_0397.PNG,0,kusursuz,0.52020687,0,kusursuz,dogru_kusursuz
/content/drive/MyDrive/DERİNMODEL/01_veri_seti/islenmis_veri/test/kusursuz/Class1_Test_0398.PNG,0,kusursuz,0.6253863,1,kusurlu,yanlis_alarm
/content/drive/MyDrive/DERİNMODEL/01_veri_seti/islenmis_veri/test/kusursuz/Class1_Test_0399.PNG,0,kusursuz,0.6375475,1,kusurlu,yanlis_alarm
/content/drive/MyDrive/DERİNMODEL/01_veri_seti/islenmis_veri/test/kusursuz/Class1_Test_0400.PNG,0,kusursuz,0.5904195,0,kusursuz,dogru_kusursuz
/content/drive/MyDrive/DERİNMODEL/01_veri_seti/islenmis_veri/test/kusursuz/Class1_Test_0401.PNG,0,kusursuz,0.4141737,0,kusursuz,dogru_kusursuz
/content/drive/MyDrive/DERİNMODEL/01_veri_seti/islenmis_veri/test/kusursuz/Class1_Test_0402.PNG,0,kusursuz,0.65337324,1,kusurlu,yanlis_alarm
/content/drive/MyDrive/DERİNMODEL/01_veri_seti/islenmis_veri/test/kusursuz/Class1_Test_0403.PNG,0,kusursuz,0.35278025,0,kusursuz,dogru_kusursuz
/content/drive/MyDrive/DERİNMODEL/01_veri_seti/islenmis_veri/test/kusursuz/Class1_Test_0404.PNG,0,kusursuz,0.733489,1,kusurlu,yanlis_alarm
/content/drive/MyDrive/DERİNMODEL/01_veri_seti/islenmis_veri/test/kusursuz/Class1_Test_0405.PNG,0,kusursuz,0.63046956,1,kusurlu,yanlis_alarm
/content/drive/MyDrive/DERİNMODEL/01_veri_seti/islenmis_veri/test/kusursuz/Class1_Test_0406.PNG,0,kusursuz,0.68386817,1,kusurlu,yanlis_alarm
/content/drive/MyDrive/DERİNMODEL/01_veri_seti/islenmis_veri/test/kusursuz/Class1_Test_0407.PNG,0,kusursuz,0.44519517,0,kusursuz,dogru_kusursuz
/content/drive/MyDrive/DERİNMODEL/01_veri_seti/islenmis_veri/test/kusursuz/Class1_Test_0408.PNG,0,kusursuz,0.68442714,1,kusurlu,yanlis_alarm
/content/drive/MyDrive/DERİNMODEL/01_veri_seti/islenmis_veri/test/kusursuz/Class1_Test_0409.PNG,0,kusursuz,0.47782773,0,kusursuz,dogru_kusursuz
/content/drive/MyDrive/DERİNMODEL/01_veri_seti/islenmis_veri/test/kusursuz/Class1_Test_0410.PNG,0,kusursuz,0.57993776,0,kusursuz,dogru_kusursuz
/content/drive/MyDrive/DERİNMODEL/01_veri_seti/islenmis_veri/test/kusursuz/Class1_Test_0411.PNG,0,kusursuz,0.64334226,1,kusurlu,yanlis_alarm
/content/drive/MyDrive/DERİNMODEL/01_veri_seti/islenmis_veri/test/kusursuz/Class1_Test_0412.PNG,0,kusursuz,0.5396197,0,kusursuz,dogru_kusursuz
/content/drive/MyDrive/DERİNMODEL/01_veri_seti/islenmis_veri/test/kusursuz/Class1_Test_0413.PNG,0,kusursuz,0.7519411,1,kusurlu,yanlis_alarm
/content/drive/MyDrive/DERİNMODEL/01_veri_seti/islenmis_veri/test/kusursuz/Class1_Test_0414.PNG,0,kusursuz,0.6158921,1,kusurlu,yanlis_alarm
/content/drive/MyDrive/DERİNMODEL/01_veri_seti/islenmis_veri/test/kusursuz/Class1_Test_0415.PNG,0,kusursuz,0.5161413,0,kusursuz,dogru_kusursuz
/content/drive/MyDrive/DERİNMODEL/01_veri_seti/islenmis_veri/test/kusursuz/Class1_Test_0416.PNG,0,kusursuz,0.5505833,0,kusursuz,dogru_kusursuz
/content/drive/MyDrive/DERİNMODEL/01_veri_seti/islenmis_veri/test/kusursuz/Class1_Test_0417.PNG,0,kusursuz,0.5848684,0,kusursuz,dogru_kusursuz
/content/drive/MyDrive/DERİNMODEL/01_veri_seti/islenmis_veri/test/kusursuz/Class1_Test_0418.PNG,0,kusursuz,0.58684015,0,kusursuz,dogru_kusursuz
/content/drive/MyDrive/DERİNMODEL/01_veri_seti/islenmis_veri/test/kusursuz/Class1_Test_0419.PNG,0,kusursuz,0.2761906,0,kusursuz,dogru_kusursuz
/content/drive/MyDrive/DERİNMODEL/01_veri_seti/islenmis_veri/test/kusursuz/Class1_Test_0422.PNG,0,kusursuz,0.45163333,0,kusursuz,dogru_kusursuz
/content/drive/MyDrive/DERİNMODEL/01_veri_seti/islenmis_veri/test/kusursuz/Class1_Test_0423.PNG,0,kusursuz,0.5257439,0,kusursuz,dogru_kusursuz
/content/drive/MyDrive/DERİNMODEL/01_veri_seti/islenmis_veri/test/kusursuz/Class1_Test_0424.PNG,0,kusursuz,0.29432774,0,kusursuz,dogru_kusursuz
/content/drive/MyDrive/DERİNMODEL/01_veri_seti/islenmis_veri/test/kusursuz/Class1_Test_0425.PNG,0,kusursuz,0.56383127,0,kusursuz,dogru_kusursuz
/content/drive/MyDrive/DERİNMODEL/01_veri_seti/islenmis_veri/test/kusursuz/Class1_Test_0426.PNG,0,kusursuz,0.5705193,0,kusursuz,dogru_kusursuz
/content/drive/MyDrive/DERİNMODEL/01_veri_seti/islenmis_veri/test/kusursuz/Class1_Test_0427.PNG,0,kusursuz,0.44352752,0,kusursuz,dogru_kusursuz
/content/drive/MyDrive/DERİNMODEL/01_veri_seti/islenmis_veri/test/kusursuz/Class1_Test_0428.PNG,0,kusursuz,0.66813654,1,kusurlu,yanlis_alarm
/content/drive/MyDrive/DERİNMODEL/01_veri_seti/islenmis_veri/test/kusursuz/Class1_Test_0429.PNG,0,kusursuz,0.34402415,0,kusursuz,dogru_kusursuz
/content/drive/MyDrive/DERİNMODEL/01_veri_seti/islenmis_veri/test/kusursuz/Class1_Test_0431.PNG,0,kusursuz,0.476076,0,kusursuz,dogru_kusursuz
/content/drive/MyDrive/DERİNMODEL/01_veri_seti/islenmis_veri/test/kusursuz/Class1_Test_0433.PNG,0,kusursuz,0.31334707,0,kusursuz,dogru_kusursuz
/content/drive/MyDrive/DERİNMODEL/01_veri_seti/islenmis_veri/test/kusursuz/Class1_Test_0434.PNG,0,kusursuz,0.6291604,1,kusurlu,yanlis_alarm
/content/drive/MyDrive/DERİNMODEL/01_veri_seti/islenmis_veri/test/kusursuz/Class1_Test_0435.PNG,0,kusursuz,0.47021863,0,kusursuz,dogru_kusursuz
/content/drive/MyDrive/DERİNMODEL/01_veri_seti/islenmis_veri/test/kusursuz/Class1_Test_0436.PNG,0,kusursuz,0.8666775,1,kusurlu,yanlis_alarm
/content/drive/MyDrive/DERİNMODEL/01_veri_seti/islenmis_veri/test/kusursuz/Class1_Test_0437.PNG,0,kusursuz,0.46539572,0,kusursuz,dogru_kusursuz
/content/drive/MyDrive/DERİNMODEL/01_veri_seti/islenmis_veri/test/kusursuz/Class1_Test_0438.PNG,0,kusursuz,0.737609,1,kusurlu,yanlis_alarm
/content/drive/MyDrive/DERİNMODEL/01_veri_seti/islenmis_veri/test/kusursuz/Class1_Test_0440.PNG,0,kusursuz,0.51653826,0,kusursuz,dogru_kusursuz
/content/drive/MyDrive/DERİNMODEL/01_veri_seti/islenmis_veri/test/kusursuz/Class1_Test_0441.PNG,0,kusursuz,0.59319997,0,kusursuz,dogru_kusursuz
/content/drive/MyDrive/DERİNMODEL/01_veri_seti/islenmis_veri/test/kusursuz/Class1_Test_0442.PNG,0,kusursuz,0.3989128,0,kusursuz,dogru_kusursuz
/content/drive/MyDrive/DERİNMODEL/01_veri_seti/islenmis_veri/test/kusursuz/Class1_Test_0443.PNG,0,kusursuz,0.5822364,0,kusursuz,dogru_kusursuz
/content/drive/MyDrive/DERİNMODEL/01_veri_seti/islenmis_veri/test/kusursuz/Class1_Test_0444.PNG,0,kusursuz,0.2637799,0,kusursuz,dogru_kusursuz
/content/drive/MyDrive/DERİNMODEL/01_veri_seti/islenmis_veri/test/kusursuz/Class1_Test_0445.PNG,0,kusursuz,0.521862,0,kusursuz,dogru_kusursuz
/content/drive/MyDrive/DERİNMODEL/01_veri_seti/islenmis_veri/test/kusursuz/Class1_Test_0446.PNG,0,kusursuz,0.70696646,1,kusurlu,yanlis_alarm
/content/drive/MyDrive/DERİNMODEL/01_veri_seti/islenmis_veri/test/kusursuz/Class1_Test_0447.PNG,0,kusursuz,0.6242938,1,kusurlu,yanlis_alarm
/content/drive/MyDrive/DERİNMODEL/01_veri_seti/islenmis_veri/test/kusursuz/Class1_Test_0448.PNG,0,kusursuz,0.52127475,0,kusursuz,dogru_kusursuz
/content/drive/MyDrive/DERİNMODEL/01_veri_seti/islenmis_veri/test/kusursuz/Class1_Test_0449.PNG,0,kusursuz,0.66830295,1,kusurlu,yanlis_alarm
/content/drive/MyDrive/DERİNMODEL/01_veri_seti/islenmis_veri/test/kusursuz/Class1_Test_0450.PNG,0,kusursuz,0.5001891,0,kusursuz,dogru_kusursuz
/content/drive/MyDrive/DERİNMODEL/01_veri_seti/islenmis_veri/test/kusursuz/Class1_Test_0451.PNG,0,kusursuz,0.43211514,0,kusursuz,dogru_kusursuz
/content/drive/MyDrive/DERİNMODEL/01_veri_seti/islenmis_veri/test/kusursuz/Class1_Test_0452.PNG,0,kusursuz,0.35701758,0,kusursuz,dogru_kusursuz
/content/drive/MyDrive/DERİNMODEL/01_veri_seti/islenmis_veri/test/kusursuz/Class1_Test_0453.PNG,0,kusursuz,0.7173968,1,kusurlu,yanlis_alarm
/content/drive/MyDrive/DERİNMODEL/01_veri_seti/islenmis_veri/test/kusursuz/Class1_Test_0454.PNG,0,kusursuz,0.70727295,1,kusurlu,yanlis_alarm
/content/drive/MyDrive/DERİNMODEL/01_veri_seti/islenmis_veri/test/kusursuz/Class1_Test_0455.PNG,0,kusursuz,0.7693594,1,kusurlu,yanlis_alarm
/content/drive/MyDrive/DERİNMODEL/01_veri_seti/islenmis_veri/test/kusursuz/Class1_Test_0456.PNG,0,kusursuz,0.33509225,0,kusursuz,dogru_kusursuz
/content/drive/MyDrive/DERİNMODEL/01_veri_seti/islenmis_veri/test/kusursuz/Class1_Test_0457.PNG,0,kusursuz,0.5478495,0,kusursuz,dogru_kusursuz
/content/drive/MyDrive/DERİNMODEL/01_veri_seti/islenmis_veri/test/kusursuz/Class1_Test_0458.PNG,0,kusursuz,0.5879067,0,kusursuz,dogru_kusursuz
/content/drive/MyDrive/DERİNMODEL/01_veri_seti/islenmis_veri/test/kusursuz/Class1_Test_0459.PNG,0,kusursuz,0.53314793,0,kusursuz,dogru_kusursuz
/content/drive/MyDrive/DERİNMODEL/01_veri_seti/islenmis_veri/test/kusursuz/Class1_Test_0460.PNG,0,kusursuz,0.5133258,0,kusursuz,dogru_kusursuz
/content/drive/MyDrive/DERİNMODEL/01_veri_seti/islenmis_veri/test/kusursuz/Class1_Test_0461.PNG,0,kusursuz,0.58350605,0,kusursuz,dogru_kusursuz
/content/drive/MyDrive/DERİNMODEL/01_veri_seti/islenmis_veri/test/kusursuz/Class1_Test_0463.PNG,0,kusursuz,0.45526436,0,kusursuz,dogru_kusursuz
/content/drive/MyDrive/DERİNMODEL/01_veri_seti/islenmis_veri/test/kusursuz/Class1_Test_0464.PNG,0,kusursuz,0.56523556,0,kusursuz,dogru_kusursuz
/content/drive/MyDrive/DERİNMODEL/01_veri_seti/islenmis_veri/test/kusursuz/Class1_Test_0465.PNG,0,kusursuz,0.57042783,0,kusursuz,dogru_kusursuz
/content/drive/MyDrive/DERİNMODEL/01_veri_seti/islenmis_veri/test/kusursuz/Class1_Test_0466.PNG,0,kusursuz,0.5184134,0,kusursuz,dogru_kusursuz
/content/drive/MyDrive/DERİNMODEL/01_veri_seti/islenmis_veri/test/kusursuz/Class1_Test_0468.PNG,0,kusursuz,0.46023765,0,kusursuz,dogru_kusursuz
/content/drive/MyDrive/DERİNMODEL/01_veri_seti/islenmis_veri/test/kusursuz/Class1_Test_0469.PNG,0,kusursuz,0.41057122,0,kusursuz,dogru_kusursuz
/content/drive/MyDrive/DERİNMODEL/01_veri_seti/islenmis_veri/test/kusursuz/Class1_Test_0470.PNG,0,kusursuz,0.2664192,0,kusursuz,dogru_kusursuz
/content/drive/MyDrive/DERİNMODEL/01_veri_seti/islenmis_veri/test/kusursuz/Class1_Test_0471.PNG,0,kusursuz,0.66749084,1,kusurlu,yanlis_alarm
/content/drive/MyDrive/DERİNMODEL/01_veri_seti/islenmis_veri/test/kusursuz/Class1_Test_0472.PNG,0,kusursuz,0.5164214,0,kusursuz,dogru_kusursuz
/content/drive/MyDrive/DERİNMODEL/01_veri_seti/islenmis_veri/test/kusursuz/Class1_Test_0473.PNG,0,kusursuz,0.5111111,0,kusursuz,dogru_kusursuz
/content/drive/MyDrive/DERİNMODEL/01_veri_seti/islenmis_veri/test/kusursuz/Class1_Test_0474.PNG,0,kusursuz,0.33502853,0,kusursuz,dogru_kusursuz
/content/drive/MyDrive/DERİNMODEL/01_veri_seti/islenmis_veri/test/kusursuz/Class1_Test_0475.PNG,0,kusursuz,0.51723063,0,kusursuz,dogru_kusursuz
/content/drive/MyDrive/DERİNMODEL/01_veri_seti/islenmis_veri/test/kusursuz/Class1_Test_0476.PNG,0,kusursuz,0.4436312,0,kusursuz,dogru_kusursuz
/content/drive/MyDrive/DERİNMODEL/01_veri_seti/islenmis_veri/test/kusursuz/Class1_Test_0477.PNG,0,kusursuz,0.637153,1,kusurlu,yanlis_alarm
/content/drive/MyDrive/DERİNMODEL/01_veri_seti/islenmis_veri/test/kusursuz/Class1_Test_0478.PNG,0,kusursuz,0.5347715,0,kusursuz,dogru_kusursuz
/content/drive/MyDrive/DERİNMODEL/01_veri_seti/islenmis_veri/test/kusursuz/Class1_Test_0479.PNG,0,kusursuz,0.7031781,1,kusurlu,yanlis_alarm
/content/drive/MyDrive/DERİNMODEL/01_veri_seti/islenmis_veri/test/kusursuz/Class1_Test_0481.PNG,0,kusursuz,0.5114086,0,kusursuz,dogru_kusursuz
/content/drive/MyDrive/DERİNMODEL/01_veri_seti/islenmis_veri/test/kusursuz/Class1_Test_0484.PNG,0,kusursuz,0.46586895,0,kusursuz,dogru_kusursuz
/content/drive/MyDrive/DERİNMODEL/01_veri_seti/islenmis_veri/test/kusursuz/Class1_Test_0485.PNG,0,kusursuz,0.59529597,0,kusursuz,dogru_kusursuz
/content/drive/MyDrive/DERİNMODEL/01_veri_seti/islenmis_veri/test/kusursuz/Class1_Test_0486.PNG,0,kusursuz,0.34368366,0,kusursuz,dogru_kusursuz
/content/drive/MyDrive/DERİNMODEL/01_veri_seti/islenmis_veri/test/kusursuz/Class1_Test_0487.PNG,0,kusursuz,0.61365664,1,kusurlu,yanlis_alarm
/content/drive/MyDrive/DERİNMODEL/01_veri_seti/islenmis_veri/test/kusursuz/Class1_Test_0488.PNG,0,kusursuz,0.679824,1,kusurlu,yanlis_alarm
/content/drive/MyDrive/DERİNMODEL/01_veri_seti/islenmis_veri/test/kusursuz/Class1_Test_0489.PNG,0,kusursuz,0.51640505,0,kusursuz,dogru_kusursuz
/content/drive/MyDrive/DERİNMODEL/01_veri_seti/islenmis_veri/test/kusursuz/Class1_Test_0490.PNG,0,kusursuz,0.5772311,0,kusursuz,dogru_kusursuz
/content/drive/MyDrive/DERİNMODEL/01_veri_seti/islenmis_veri/test/kusursuz/Class1_Test_0491.PNG,0,kusursuz,0.37297818,0,kusursuz,dogru_kusursuz
/content/drive/MyDrive/DERİNMODEL/01_veri_seti/islenmis_veri/test/kusursuz/Class1_Test_0492.PNG,0,kusursuz,0.56496406,0,kusursuz,dogru_kusursuz
/content/drive/MyDrive/DERİNMODEL/01_veri_seti/islenmis_veri/test/kusursuz/Class1_Test_0493.PNG,0,kusursuz,0.086287394,0,kusursuz,dogru_kusursuz
/content/drive/MyDrive/DERİNMODEL/01_veri_seti/islenmis_veri/test/kusursuz/Class1_Test_0494.PNG,0,kusursuz,0.57268417,0,kusursuz,dogru_kusursuz
/content/drive/MyDrive/DERİNMODEL/01_veri_seti/islenmis_veri/test/kusursuz/Class1_Test_0495.PNG,0,kusursuz,0.68029004,1,kusurlu,yanlis_alarm
/content/drive/MyDrive/DERİNMODEL/01_veri_seti/islenmis_veri/test/kusursuz/Class1_Test_0496.PNG,0,kusursuz,0.5432169,0,kusursuz,dogru_kusursuz
/content/drive/MyDrive/DERİNMODEL/01_veri_seti/islenmis_veri/test/kusursuz/Class1_Test_0497.PNG,0,kusursuz,0.61008,1,kusurlu,yanlis_alarm
/content/drive/MyDrive/DERİNMODEL/01_veri_seti/islenmis_veri/test/kusursuz/Class1_Test_0498.PNG,0,kusursuz,0.8802031,1,kusurlu,yanlis_alarm
/content/drive/MyDrive/DERİNMODEL/01_veri_seti/islenmis_veri/test/kusursuz/Class1_Test_0500.PNG,0,kusursuz,0.8215467,1,kusurlu,yanlis_alarm
/content/drive/MyDrive/DERİNMODEL/01_veri_seti/islenmis_veri/test/kusursuz/Class1_Test_0501.PNG,0,kusursuz,0.51437867,0,kusursuz,dogru_kusursuz
/content/drive/MyDrive/DERİNMODEL/01_veri_seti/islenmis_veri/test/kusursuz/Class1_Test_0502.PNG,0,kusursuz,0.48895833,0,kusursuz,dogru_kusursuz
/content/drive/MyDrive/DERİNMODEL/01_veri_seti/islenmis_veri/test/kusursuz/Class1_Test_0503.PNG,0,kusursuz,0.72309464,1,kusurlu,yanlis_alarm
/content/drive/MyDrive/DERİNMODEL/01_veri_seti/islenmis_veri/test/kusursuz/Class1_Test_0505.PNG,0,kusursuz,0.572281,0,kusursuz,dogru_kusursuz
/content/drive/MyDrive/DERİNMODEL/01_veri_seti/islenmis_veri/test/kusursuz/Class1_Test_0506.PNG,0,kusursuz,0.49452922,0,kusursuz,dogru_kusursuz
/content/drive/MyDrive/DERİNMODEL/01_veri_seti/islenmis_veri/test/kusursuz/Class1_Test_0507.PNG,0,kusursuz,0.48836997,0,kusursuz,dogru_kusursuz
/content/drive/MyDrive/DERİNMODEL/01_veri_seti/islenmis_veri/test/kusursuz/Class1_Test_0510.PNG,0,kusursuz,0.73536897,1,kusurlu,yanlis_alarm
/content/drive/MyDrive/DERİNMODEL/01_veri_seti/islenmis_veri/test/kusursuz/Class1_Test_0512.PNG,0,kusursuz,0.5079662,0,kusursuz,dogru_kusursuz
/content/drive/MyDrive/DERİNMODEL/01_veri_seti/islenmis_veri/test/kusursuz/Class1_Test_0513.PNG,0,kusursuz,0.45540917,0,kusursuz,dogru_kusursuz
/content/drive/MyDrive/DERİNMODEL/01_veri_seti/islenmis_veri/test/kusursuz/Class1_Test_0514.PNG,0,kusursuz,0.4184735,0,kusursuz,dogru_kusursuz
/content/drive/MyDrive/DERİNMODEL/01_veri_seti/islenmis_veri/test/kusursuz/Class1_Test_0515.PNG,0,kusursuz,0.8321225,1,kusurlu,yanlis_alarm
/content/drive/MyDrive/DERİNMODEL/01_veri_seti/islenmis_veri/test/kusursuz/Class1_Test_0516.PNG,0,kusursuz,0.36747366,0,kusursuz,dogru_kusursuz
/content/drive/MyDrive/DERİNMODEL/01_veri_seti/islenmis_veri/test/kusursuz/Class1_Test_0517.PNG,0,kusursuz,0.575294,0,kusursuz,dogru_kusursuz
/content/drive/MyDrive/DERİNMODEL/01_veri_seti/islenmis_veri/test/kusursuz/Class1_Test_0518.PNG,0,kusursuz,0.6188801,1,kusurlu,yanlis_alarm
/content/drive/MyDrive/DERİNMODEL/01_veri_seti/islenmis_veri/test/kusursuz/Class1_Test_0520.PNG,0,kusursuz,0.4019395,0,kusursuz,dogru_kusursuz
/content/drive/MyDrive/DERİNMODEL/01_veri_seti/islenmis_veri/test/kusursuz/Class1_Test_0521.PNG,0,kusursuz,0.66418797,1,kusurlu,yanlis_alarm
/content/drive/MyDrive/DERİNMODEL/01_veri_seti/islenmis_veri/test/kusursuz/Class1_Test_0522.PNG,0,kusursuz,0.3524716,0,kusursuz,dogru_kusursuz
/content/drive/MyDrive/DERİNMODEL/01_veri_seti/islenmis_veri/test/kusursuz/Class1_Test_0523.PNG,0,kusursuz,0.6602965,1,kusurlu,yanlis_alarm
/content/drive/MyDrive/DERİNMODEL/01_veri_seti/islenmis_veri/test/kusursuz/Class1_Test_0524.PNG,0,kusursuz,0.43468264,0,kusursuz,dogru_kusursuz
/content/drive/MyDrive/DERİNMODEL/01_veri_seti/islenmis_veri/test/kusursuz/Class1_Test_0525.PNG,0,kusursuz,0.35313013,0,kusursuz,dogru_kusursuz
/content/drive/MyDrive/DERİNMODEL/01_veri_seti/islenmis_veri/test/kusursuz/Class1_Test_0526.PNG,0,kusursuz,0.44840997,0,kusursuz,dogru_kusursuz
/content/drive/MyDrive/DERİNMODEL/01_veri_seti/islenmis_veri/test/kusursuz/Class1_Test_0527.PNG,0,kusursuz,0.42444944,0,kusursuz,dogru_kusursuz
/content/drive/MyDrive/DERİNMODEL/01_veri_seti/islenmis_veri/test/kusursuz/Class1_Test_0529.PNG,0,kusursuz,0.43326354,0,kusursuz,dogru_kusursuz
/content/drive/MyDrive/DERİNMODEL/01_veri_seti/islenmis_veri/test/kusursuz/Class1_Test_0531.PNG,0,kusursuz,0.26414973,0,kusursuz,dogru_kusursuz
/content/drive/MyDrive/DERİNMODEL/01_veri_seti/islenmis_veri/test/kusursuz/Class1_Test_0532.PNG,0,kusursuz,0.36288446,0,kusursuz,dogru_kusursuz
/content/drive/MyDrive/DERİNMODEL/01_veri_seti/islenmis_veri/test/kusursuz/Class1_Test_0533.PNG,0,kusursuz,0.54804695,0,kusursuz,dogru_kusursuz
/content/drive/MyDrive/DERİNMODEL/01_veri_seti/islenmis_veri/test/kusursuz/Class1_Test_0534.PNG,0,kusursuz,0.61814904,1,kusurlu,yanlis_alarm
/content/drive/MyDrive/DERİNMODEL/01_veri_seti/islenmis_veri/test/kusursuz/Class1_Test_0535.PNG,0,kusursuz,0.5975114,0,kusursuz,dogru_kusursuz
/content/drive/MyDrive/DERİNMODEL/01_veri_seti/islenmis_veri/test/kusursuz/Class1_Test_0536.PNG,0,kusursuz,0.5266511,0,kusursuz,dogru_kusursuz
/content/drive/MyDrive/DERİNMODEL/01_veri_seti/islenmis_veri/test/kusursuz/Class1_Test_0537.PNG,0,kusursuz,0.3275549,0,kusursuz,dogru_kusursuz
/content/drive/MyDrive/DERİNMODEL/01_veri_seti/islenmis_veri/test/kusursuz/Class1_Test_0539.PNG,0,kusursuz,0.47477803,0,kusursuz,dogru_kusursuz
/content/drive/MyDrive/DERİNMODEL/01_veri_seti/islenmis_veri/test/kusursuz/Class1_Test_0540.PNG,0,kusursuz,0.6262509,1,kusurlu,yanlis_alarm
/content/drive/MyDrive/DERİNMODEL/01_veri_seti/islenmis_veri/test/kusursuz/Class1_Test_0541.PNG,0,kusursuz,0.371016,0,kusursuz,dogru_kusursuz
/content/drive/MyDrive/DERİNMODEL/01_veri_seti/islenmis_veri/test/kusursuz/Class1_Test_0542.PNG,0,kusursuz,0.36265314,0,kusursuz,dogru_kusursuz
/content/drive/MyDrive/DERİNMODEL/01_veri_seti/islenmis_veri/test/kusursuz/Class1_Test_0543.PNG,0,kusursuz,0.5939951,0,kusursuz,dogru_kusursuz
/content/drive/MyDrive/DERİNMODEL/01_veri_seti/islenmis_veri/test/kusursuz/Class1_Test_0544.PNG,0,kusursuz,0.4087183,0,kusursuz,dogru_kusursuz
/content/drive/MyDrive/DERİNMODEL/01_veri_seti/islenmis_veri/test/kusursuz/Class1_Test_0545.PNG,0,kusursuz,0.4142522,0,kusursuz,dogru_kusursuz
/content/drive/MyDrive/DERİNMODEL/01_veri_seti/islenmis_veri/test/kusursuz/Class1_Test_0546.PNG,0,kusursuz,0.36699373,0,kusursuz,dogru_kusursuz
/content/drive/MyDrive/DERİNMODEL/01_veri_seti/islenmis_veri/test/kusursuz/Class1_Test_0547.PNG,0,kusursuz,0.5428835,0,kusursuz,dogru_kusursuz
/content/drive/MyDrive/DERİNMODEL/01_veri_seti/islenmis_veri/test/kusursuz/Class1_Test_0549.PNG,0,kusursuz,0.472556,0,kusursuz,dogru_kusursuz
/content/drive/MyDrive/DERİNMODEL/01_veri_seti/islenmis_veri/test/kusursuz/Class1_Test_0550.PNG,0,kusursuz,0.6161855,1,kusurlu,yanlis_alarm
/content/drive/MyDrive/DERİNMODEL/01_veri_seti/islenmis_veri/test/kusursuz/Class1_Test_0551.PNG,0,kusursuz,0.5231755,0,kusursuz,dogru_kusursuz
/content/drive/MyDrive/DERİNMODEL/01_veri_seti/islenmis_veri/test/kusursuz/Class1_Test_0552.PNG,0,kusursuz,0.73735726,1,kusurlu,yanlis_alarm
/content/drive/MyDrive/DERİNMODEL/01_veri_seti/islenmis_veri/test/kusursuz/Class1_Test_0553.PNG,0,kusursuz,0.36718014,0,kusursuz,dogru_kusursuz
/content/drive/MyDrive/DERİNMODEL/01_veri_seti/islenmis_veri/test/kusursuz/Class1_Test_0555.PNG,0,kusursuz,0.29160488,0,kusursuz,dogru_kusursuz
/content/drive/MyDrive/DERİNMODEL/01_veri_seti/islenmis_veri/test/kusursuz/Class1_Test_0557.PNG,0,kusursuz,0.41000375,0,kusursuz,dogru_kusursuz
/content/drive/MyDrive/DERİNMODEL/01_veri_seti/islenmis_veri/test/kusursuz/Class1_Test_0558.PNG,0,kusursuz,0.5936364,0,kusursuz,dogru_kusursuz
/content/drive/MyDrive/DERİNMODEL/01_veri_seti/islenmis_veri/test/kusursuz/Class1_Test_0559.PNG,0,kusursuz,0.4431091,0,kusursuz,dogru_kusursuz
/content/drive/MyDrive/DERİNMODEL/01_veri_seti/islenmis_veri/test/kusursuz/Class1_Test_0560.PNG,0,kusursuz,0.57469994,0,kusursuz,dogru_kusursuz
/content/drive/MyDrive/DERİNMODEL/01_veri_seti/islenmis_veri/test/kusursuz/Class1_Test_0561.PNG,0,kusursuz,0.6370704,1,kusurlu,yanlis_alarm
/content/drive/MyDrive/DERİNMODEL/01_veri_seti/islenmis_veri/test/kusursuz/Class1_Test_0562.PNG,0,kusursuz,0.6531247,1,kusurlu,yanlis_alarm
/content/drive/MyDrive/DERİNMODEL/01_veri_seti/islenmis_veri/test/kusursuz/Class1_Test_0563.PNG,0,kusursuz,0.5273421,0,kusursuz,dogru_kusursuz
/content/drive/MyDrive/DERİNMODEL/01_veri_seti/islenmis_veri/test/kusursuz/Class1_Test_0565.PNG,0,kusursuz,0.6098177,1,kusurlu,yanlis_alarm
/content/drive/MyDrive/DERİNMODEL/01_veri_seti/islenmis_veri/test/kusursuz/Class1_Test_0566.PNG,0,kusursuz,0.4123983,0,kusursuz,dogru_kusursuz
/content/drive/MyDrive/DERİNMODEL/01_veri_seti/islenmis_veri/test/kusursuz/Class1_Test_0567.PNG,0,kusursuz,0.8463286,1,kusurlu,yanlis_alarm
/content/drive/MyDrive/DERİNMODEL/01_veri_seti/islenmis_veri/test/kusursuz/Class1_Test_0569.PNG,0,kusursuz,0.4598955,0,kusursuz,dogru_kusursuz
/content/drive/MyDrive/DERİNMODEL/01_veri_seti/islenmis_veri/test/kusursuz/Class1_Test_0570.PNG,0,kusursuz,0.38107213,0,kusursuz,dogru_kusursuz
/content/drive/MyDrive/DERİNMODEL/01_veri_seti/islenmis_veri/test/kusursuz/Class1_Test_0571.PNG,0,kusursuz,0.3818233,0,kusursuz,dogru_kusursuz
/content/drive/MyDrive/DERİNMODEL/01_veri_seti/islenmis_veri/test/kusursuz/Class1_Test_0572.PNG,0,kusursuz,0.41099104,0,kusursuz,dogru_kusursuz
/content/drive/MyDrive/DERİNMODEL/01_veri_seti/islenmis_veri/test/kusursuz/Class1_Test_0573.PNG,0,kusursuz,0.62648803,1,kusurlu,yanlis_alarm
/content/drive/MyDrive/DERİNMODEL/01_veri_seti/islenmis_veri/test/kusursuz/Class1_Test_0574.PNG,0,kusursuz,0.6217099,1,kusurlu,yanlis_alarm
/content/drive/MyDrive/DERİNMODEL/01_veri_seti/islenmis_veri/test/kusursuz/Class1_Test_0575.PNG,0,kusursuz,0.43507653,0,kusursuz,dogru_kusursuz
/content/drive/MyDrive/DERİNMODEL/01_veri_seti/islenmis_veri/test/kusursuz/Class2_Test_0001.PNG,0,kusursuz,0.37863615,0,kusursuz,dogru_kusursuz
/content/drive/MyDrive/DERİNMODEL/01_veri_seti/islenmis_veri/test/kusursuz/Class2_Test_0002.PNG,0,kusursuz,0.42030594,0,kusursuz,dogru_kusursuz
/content/drive/MyDrive/DERİNMODEL/01_veri_seti/islenmis_veri/test/kusursuz/Class2_Test_0004.PNG,0,kusursuz,0.21108814,0,kusursuz,dogru_kusursuz
/content/drive/MyDrive/DERİNMODEL/01_veri_seti/islenmis_veri/test/kusursuz/Class2_Test_0005.PNG,0,kusursuz,0.17182194,0,kusursuz,dogru_kusursuz
/content/drive/MyDrive/DERİNMODEL/01_veri_seti/islenmis_veri/test/kusursuz/Class2_Test_0006.PNG,0,kusursuz,0.17574355,0,kusursuz,dogru_kusursuz
/content/drive/MyDrive/DERİNMODEL/01_veri_seti/islenmis_veri/test/kusursuz/Class2_Test_0008.PNG,0,kusursuz,0.29587463,0,kusursuz,dogru_kusursuz
/content/drive/MyDrive/DERİNMODEL/01_veri_seti/islenmis_veri/test/kusursuz/Class2_Test_0010.PNG,0,kusursuz,0.37623906,0,kusursuz,dogru_kusursuz
/content/drive/MyDrive/DERİNMODEL/01_veri_seti/islenmis_veri/test/kusursuz/Class2_Test_0011.PNG,0,kusursuz,0.17496869,0,kusursuz,dogru_kusursuz
/content/drive/MyDrive/DERİNMODEL/01_veri_seti/islenmis_veri/test/kusursuz/Class2_Test_0012.PNG,0,kusursuz,0.18825883,0,kusursuz,dogru_kusursuz
/content/drive/MyDrive/DERİNMODEL/01_veri_seti/islenmis_veri/test/kusursuz/Class2_Test_0015.PNG,0,kusursuz,0.469991,0,kusursuz,dogru_kusursuz
/content/drive/MyDrive/DERİNMODEL/01_veri_seti/islenmis_veri/test/kusursuz/Class2_Test_0016.PNG,0,kusursuz,0.4981863,0,kusursuz,dogru_kusursuz
/content/drive/MyDrive/DERİNMODEL/01_veri_seti/islenmis_veri/test/kusursuz/Class2_Test_0018.PNG,0,kusursuz,0.29439542,0,kusursuz,dogru_kusursuz
/content/drive/MyDrive/DERİNMODEL/01_veri_seti/islenmis_veri/test/kusursuz/Class2_Test_0019.PNG,0,kusursuz,0.3652705,0,kusursuz,dogru_kusursuz
/content/drive/MyDrive/DERİNMODEL/01_veri_seti/islenmis_veri/test/kusursuz/Class2_Test_0020.PNG,0,kusursuz,0.53426343,0,kusursuz,dogru_kusursuz
/content/drive/MyDrive/DERİNMODEL/01_veri_seti/islenmis_veri/test/kusursuz/Class2_Test_0021.PNG,0,kusursuz,0.31662676,0,kusursuz,dogru_kusursuz
/content/drive/MyDrive/DERİNMODEL/01_veri_seti/islenmis_veri/test/kusursuz/Class2_Test_0022.PNG,0,kusursuz,0.13362296,0,kusursuz,dogru_kusursuz
/content/drive/MyDrive/DERİNMODEL/01_veri_seti/islenmis_veri/test/kusursuz/Class2_Test_0023.PNG,0,kusursuz,0.4627644,0,kusursuz,dogru_kusursuz
/content/drive/MyDrive/DERİNMODEL/01_veri_seti/islenmis_veri/test/kusursuz/Class2_Test_0024.PNG,0,kusursuz,0.13990816,0,kusursuz,dogru_kusursuz
/content/drive/MyDrive/DERİNMODEL/01_veri_seti/islenmis_veri/test/kusursuz/Class2_Test_0025.PNG,0,kusursuz,0.45618787,0,kusursuz,dogru_kusursuz
/content/drive/MyDrive/DERİNMODEL/01_veri_seti/islenmis_veri/test/kusursuz/Class2_Test_0026.PNG,0,kusursuz,0.2015429,0,kusursuz,dogru_kusursuz
/content/drive/MyDrive/DERİNMODEL/01_veri_seti/islenmis_veri/test/kusursuz/Class2_Test_0027.PNG,0,kusursuz,0.1857053,0,kusursuz,dogru_kusursuz
/content/drive/MyDrive/DERİNMODEL/01_veri_seti/islenmis_veri/test/kusursuz/Class2_Test_0028.PNG,0,kusursuz,0.21321751,0,kusursuz,dogru_kusursuz
/content/drive/MyDrive/DERİNMODEL/01_veri_seti/islenmis_veri/test/kusursuz/Class2_Test_0029.PNG,0,kusursuz,0.29584378,0,kusursuz,dogru_kusursuz
/content/drive/MyDrive/DERİNMODEL/01_veri_seti/islenmis_veri/test/kusursuz/Class2_Test_0030.PNG,0,kusursuz,0.42617404,0,kusursuz,dogru_kusursuz
/content/drive/MyDrive/DERİNMODEL/01_veri_seti/islenmis_veri/test/kusursuz/Class2_Test_0031.PNG,0,kusursuz,0.36589238,0,kusursuz,dogru_kusursuz
/content/drive/MyDrive/DERİNMODEL/01_veri_seti/islenmis_veri/test/kusursuz/Class2_Test_0032.PNG,0,kusursuz,0.17584394,0,kusursuz,dogru_kusursuz
/content/drive/MyDrive/DERİNMODEL/01_veri_seti/islenmis_veri/test/kusursuz/Class2_Test_0034.PNG,0,kusursuz,0.22545464,0,kusursuz,dogru_kusursuz
/content/drive/MyDrive/DERİNMODEL/01_veri_seti/islenmis_veri/test/kusursuz/Class2_Test_0035.PNG,0,kusursuz,0.38560274,0,kusursuz,dogru_kusursuz
/content/drive/MyDrive/DERİNMODEL/01_veri_seti/islenmis_veri/test/kusursuz/Class2_Test_0036.PNG,0,kusursuz,0.37150782,0,kusursuz,dogru_kusursuz
/content/drive/MyDrive/DERİNMODEL/01_veri_seti/islenmis_veri/test/kusursuz/Class2_Test_0037.PNG,0,kusursuz,0.49627995,0,kusursuz,dogru_kusursuz
/content/drive/MyDrive/DERİNMODEL/01_veri_seti/islenmis_veri/test/kusursuz/Class2_Test_0038.PNG,0,kusursuz,0.4406311,0,kusursuz,dogru_kusursuz
/content/drive/MyDrive/DERİNMODEL/01_veri_seti/islenmis_veri/test/kusursuz/Class2_Test_0040.PNG,0,kusursuz,0.14138745,0,kusursuz,dogru_kusursuz
/content/drive/MyDrive/DERİNMODEL/01_veri_seti/islenmis_veri/test/kusursuz/Class2_Test_0041.PNG,0,kusursuz,0.42792523,0,kusursuz,dogru_kusursuz
/content/drive/MyDrive/DERİNMODEL/01_veri_seti/islenmis_veri/test/kusursuz/Class2_Test_0042.PNG,0,kusursuz,0.1437425,0,kusursuz,dogru_kusursuz
/content/drive/MyDrive/DERİNMODEL/01_veri_seti/islenmis_veri/test/kusursuz/Class2_Test_0043.PNG,0,kusursuz,0.4374867,0,kusursuz,dogru_kusursuz
/content/drive/MyDrive/DERİNMODEL/01_veri_seti/islenmis_veri/test/kusursuz/Class2_Test_0044.PNG,0,kusursuz,0.56347,0,kusursuz,dogru_kusursuz
/content/drive/MyDrive/DERİNMODEL/01_veri_seti/islenmis_veri/test/kusursuz/Class2_Test_0046.PNG,0,kusursuz,0.19757706,0,kusursuz,dogru_kusursuz
/content/drive/MyDrive/DERİNMODEL/01_veri_seti/islenmis_veri/test/kusursuz/Class2_Test_0047.PNG,0,kusursuz,0.17962761,0,kusursuz,dogru_kusursuz
/content/drive/MyDrive/DERİNMODEL/01_veri_seti/islenmis_veri/test/kusursuz/Class2_Test_0048.PNG,0,kusursuz,0.30291945,0,kusursuz,dogru_kusursuz
/content/drive/MyDrive/DERİNMODEL/01_veri_seti/islenmis_veri/test/kusursuz/Class2_Test_0049.PNG,0,kusursuz,0.48114914,0,kusursuz,dogru_kusursuz
/content/drive/MyDrive/DERİNMODEL/01_veri_seti/islenmis_veri/test/kusursuz/Class2_Test_0050.PNG,0,kusursuz,0.38956168,0,kusursuz,dogru_kusursuz
/content/drive/MyDrive/DERİNMODEL/01_veri_seti/islenmis_veri/test/kusursuz/Class2_Test_0051.PNG,0,kusursuz,0.56907094,0,kusursuz,dogru_kusursuz
/content/drive/MyDrive/DERİNMODEL/01_veri_seti/islenmis_veri/test/kusursuz/Class2_Test_0052.PNG,0,kusursuz,0.19673808,0,kusursuz,dogru_kusursuz
/content/drive/MyDrive/DERİNMODEL/01_veri_seti/islenmis_veri/test/kusursuz/Class2_Test_0053.PNG,0,kusursuz,0.2355638,0,kusursuz,dogru_kusursuz
/content/drive/MyDrive/DERİNMODEL/01_veri_seti/islenmis_veri/test/kusursuz/Class2_Test_0054.PNG,0,kusursuz,0.43128288,0,kusursuz,dogru_kusursuz
/content/drive/MyDrive/DERİNMODEL/01_veri_seti/islenmis_veri/test/kusursuz/Class2_Test_0055.PNG,0,kusursuz,0.21308227,0,kusursuz,dogru_kusursuz
/content/drive/MyDrive/DERİNMODEL/01_veri_seti/islenmis_veri/test/kusursuz/Class2_Test_0056.PNG,0,kusursuz,0.2745578,0,kusursuz,dogru_kusursuz
/content/drive/MyDrive/DERİNMODEL/01_veri_seti/islenmis_veri/test/kusursuz/Class2_Test_0058.PNG,0,kusursuz,0.27827674,0,kusursuz,dogru_kusursuz
/content/drive/MyDrive/DERİNMODEL/01_veri_seti/islenmis_veri/test/kusursuz/Class2_Test_0059.PNG,0,kusursuz,0.33381236,0,kusursuz,dogru_kusursuz
/content/drive/MyDrive/DERİNMODEL/01_veri_seti/islenmis_veri/test/kusursuz/Class2_Test_0060.PNG,0,kusursuz,0.14420491,0,kusursuz,dogru_kusursuz
/content/drive/MyDrive/DERİNMODEL/01_veri_seti/islenmis_veri/test/kusursuz/Class2_Test_0061.PNG,0,kusursuz,0.1469841,0,kusursuz,dogru_kusursuz
/content/drive/MyDrive/DERİNMODEL/01_veri_seti/islenmis_veri/test/kusursuz/Class2_Test_0062.PNG,0,kusursuz,0.31527308,0,kusursuz,dogru_kusursuz
/content/drive/MyDrive/DERİNMODEL/01_veri_seti/islenmis_veri/test/kusursuz/Class2_Test_0064.PNG,0,kusursuz,0.26719466,0,kusursuz,dogru_kusursuz
/content/drive/MyDrive/DERİNMODEL/01_veri_seti/islenmis_veri/test/kusursuz/Class2_Test_0065.PNG,0,kusursuz,0.39225814,0,kusursuz,dogru_kusursuz
/content/drive/MyDrive/DERİNMODEL/01_veri_seti/islenmis_veri/test/kusursuz/Class2_Test_0066.PNG,0,kusursuz,0.3689872,0,kusursuz,dogru_kusursuz
/content/drive/MyDrive/DERİNMODEL/01_veri_seti/islenmis_veri/test/kusursuz/Class2_Test_0067.PNG,0,kusursuz,0.4139382,0,kusursuz,dogru_kusursuz
/content/drive/MyDrive/DERİNMODEL/01_veri_seti/islenmis_veri/test/kusursuz/Class2_Test_0068.PNG,0,kusursuz,0.29168633,0,kusursuz,dogru_kusursuz
/content/drive/MyDrive/DERİNMODEL/01_veri_seti/islenmis_veri/test/kusursuz/Class2_Test_0069.PNG,0,kusursuz,0.28913644,0,kusursuz,dogru_kusursuz
/content/drive/MyDrive/DERİNMODEL/01_veri_seti/islenmis_veri/test/kusursuz/Class2_Test_0071.PNG,0,kusursuz,0.34316438,0,kusursuz,dogru_kusursuz
/content/drive/MyDrive/DERİNMODEL/01_veri_seti/islenmis_veri/test/kusursuz/Class2_Test_0072.PNG,0,kusursuz,0.2108882,0,kusursuz,dogru_kusursuz
/content/drive/MyDrive/DERİNMODEL/01_veri_seti/islenmis_veri/test/kusursuz/Class2_Test_0073.PNG,0,kusursuz,0.34953734,0,kusursuz,dogru_kusursuz
/content/drive/MyDrive/DERİNMODEL/01_veri_seti/islenmis_veri/test/kusursuz/Class2_Test_0074.PNG,0,kusursuz,0.43963206,0,kusursuz,dogru_kusursuz
/content/drive/MyDrive/DERİNMODEL/01_veri_seti/islenmis_veri/test/kusursuz/Class2_Test_0075.PNG,0,kusursuz,0.2970387,0,kusursuz,dogru_kusursuz
/content/drive/MyDrive/DERİNMODEL/01_veri_seti/islenmis_veri/test/kusursuz/Class2_Test_0077.PNG,0,kusursuz,0.4630416,0,kusursuz,dogru_kusursuz
/content/drive/MyDrive/DERİNMODEL/01_veri_seti/islenmis_veri/test/kusursuz/Class2_Test_0078.PNG,0,kusursuz,0.1614864,0,kusursuz,dogru_kusursuz
/content/drive/MyDrive/DERİNMODEL/01_veri_seti/islenmis_veri/test/kusursuz/Class2_Test_0079.PNG,0,kusursuz,0.4816257,0,kusursuz,dogru_kusursuz
/content/drive/MyDrive/DERİNMODEL/01_veri_seti/islenmis_veri/test/kusursuz/Class2_Test_0080.PNG,0,kusursuz,0.3530107,0,kusursuz,dogru_kusursuz
/content/drive/MyDrive/DERİNMODEL/01_veri_seti/islenmis_veri/test/kusursuz/Class2_Test_0081.PNG,0,kusursuz,0.22277257,0,kusursuz,dogru_kusursuz
/content/drive/MyDrive/DERİNMODEL/01_veri_seti/islenmis_veri/test/kusursuz/Class2_Test_0082.PNG,0,kusursuz,0.16524902,0,kusursuz,dogru_kusursuz
/content/drive/MyDrive/DERİNMODEL/01_veri_seti/islenmis_veri/test/kusursuz/Class2_Test_0084.PNG,0,kusursuz,0.43292895,0,kusursuz,dogru_kusursuz
/content/drive/MyDrive/DERİNMODEL/01_veri_seti/islenmis_veri/test/kusursuz/Class2_Test_0085.PNG,0,kusursuz,0.302173,0,kusursuz,dogru_kusursuz
/content/drive/MyDrive/DERİNMODEL/01_veri_seti/islenmis_veri/test/kusursuz/Class2_Test_0086.PNG,0,kusursuz,0.20125587,0,kusursuz,dogru_kusursuz
/content/drive/MyDrive/DERİNMODEL/01_veri_seti/islenmis_veri/test/kusursuz/Class2_Test_0087.PNG,0,kusursuz,0.3846327,0,kusursuz,dogru_kusursuz
/content/drive/MyDrive/DERİNMODEL/01_veri_seti/islenmis_veri/test/kusursuz/Class2_Test_0088.PNG,0,kusursuz,0.47296935,0,kusursuz,dogru_kusursuz
/content/drive/MyDrive/DERİNMODEL/01_veri_seti/islenmis_veri/test/kusursuz/Class2_Test_0089.PNG,0,kusursuz,0.26133463,0,kusursuz,dogru_kusursuz
/content/drive/MyDrive/DERİNMODEL/01_veri_seti/islenmis_veri/test/kusursuz/Class2_Test_0090.PNG,0,kusursuz,0.14373396,0,kusursuz,dogru_kusursuz
/content/drive/MyDrive/DERİNMODEL/01_veri_seti/islenmis_veri/test/kusursuz/Class2_Test_0091.PNG,0,kusursuz,0.36839625,0,kusursuz,dogru_kusursuz
/content/drive/MyDrive/DERİNMODEL/01_veri_seti/islenmis_veri/test/kusursuz/Class2_Test_0092.PNG,0,kusursuz,0.29809046,0,kusursuz,dogru_kusursuz
/content/drive/MyDrive/DERİNMODEL/01_veri_seti/islenmis_veri/test/kusursuz/Class2_Test_0093.PNG,0,kusursuz,0.22623265,0,kusursuz,dogru_kusursuz
/content/drive/MyDrive/DERİNMODEL/01_veri_seti/islenmis_veri/test/kusursuz/Class2_Test_0094.PNG,0,kusursuz,0.5386614,0,kusursuz,dogru_kusursuz
/content/drive/MyDrive/DERİNMODEL/01_veri_seti/islenmis_veri/test/kusursuz/Class2_Test_0095.PNG,0,kusursuz,0.6186576,1,kusurlu,yanlis_alarm
/content/drive/MyDrive/DERİNMODEL/01_veri_seti/islenmis_veri/test/kusursuz/Class2_Test_0096.PNG,0,kusursuz,0.20502336,0,kusursuz,dogru_kusursuz
/content/drive/MyDrive/DERİNMODEL/01_veri_seti/islenmis_veri/test/kusursuz/Class2_Test_0097.PNG,0,kusursuz,0.30045983,0,kusursuz,dogru_kusursuz
/content/drive/MyDrive/DERİNMODEL/01_veri_seti/islenmis_veri/test/kusursuz/Class2_Test_0098.PNG,0,kusursuz,0.18842447,0,kusursuz,dogru_kusursuz
/content/drive/MyDrive/DERİNMODEL/01_veri_seti/islenmis_veri/test/kusursuz/Class2_Test_0099.PNG,0,kusursuz,0.15261869,0,kusursuz,dogru_kusursuz
/content/drive/MyDrive/DERİNMODEL/01_veri_seti/islenmis_veri/test/kusursuz/Class2_Test_0100.PNG,0,kusursuz,0.16831155,0,kusursuz,dogru_kusursuz
/content/drive/MyDrive/DERİNMODEL/01_veri_seti/islenmis_veri/test/kusursuz/Class2_Test_0101.PNG,0,kusursuz,0.50064,0,kusursuz,dogru_kusursuz
/content/drive/MyDrive/DERİNMODEL/01_veri_seti/islenmis_veri/test/kusursuz/Class2_Test_0102.PNG,0,kusursuz,0.32138973,0,kusursuz,dogru_kusursuz
/content/drive/MyDrive/DERİNMODEL/01_veri_seti/islenmis_veri/test/kusursuz/Class2_Test_0103.PNG,0,kusursuz,0.15118344,0,kusursuz,dogru_kusursuz
/content/drive/MyDrive/DERİNMODEL/01_veri_seti/islenmis_veri/test/kusursuz/Class2_Test_0104.PNG,0,kusursuz,0.151883,0,kusursuz,dogru_kusursuz
/content/drive/MyDrive/DERİNMODEL/01_veri_seti/islenmis_veri/test/kusursuz/Class2_Test_0105.PNG,0,kusursuz,0.45503032,0,kusursuz,dogru_kusursuz
/content/drive/MyDrive/DERİNMODEL/01_veri_seti/islenmis_veri/test/kusursuz/Class2_Test_0107.PNG,0,kusursuz,0.21892288,0,kusursuz,dogru_kusursuz
/content/drive/MyDrive/DERİNMODEL/01_veri_seti/islenmis_veri/test/kusursuz/Class2_Test_0108.PNG,0,kusursuz,0.16149013,0,kusursuz,dogru_kusursuz
/content/drive/MyDrive/DERİNMODEL/01_veri_seti/islenmis_veri/test/kusursuz/Class2_Test_0109.PNG,0,kusursuz,0.51666576,0,kusursuz,dogru_kusursuz
/content/drive/MyDrive/DERİNMODEL/01_veri_seti/islenmis_veri/test/kusursuz/Class2_Test_0110.PNG,0,kusursuz,0.13943787,0,kusursuz,dogru_kusursuz
/content/drive/MyDrive/DERİNMODEL/01_veri_seti/islenmis_veri/test/kusursuz/Class2_Test_0111.PNG,0,kusursuz,0.12911129,0,kusursuz,dogru_kusursuz
/content/drive/MyDrive/DERİNMODEL/01_veri_seti/islenmis_veri/test/kusursuz/Class2_Test_0112.PNG,0,kusursuz,0.20571014,0,kusursuz,dogru_kusursuz
/content/drive/MyDrive/DERİNMODEL/01_veri_seti/islenmis_veri/test/kusursuz/Class2_Test_0113.PNG,0,kusursuz,0.3767821,0,kusursuz,dogru_kusursuz
/content/drive/MyDrive/DERİNMODEL/01_veri_seti/islenmis_veri/test/kusursuz/Class2_Test_0114.PNG,0,kusursuz,0.17211081,0,kusursuz,dogru_kusursuz
/content/drive/MyDrive/DERİNMODEL/01_veri_seti/islenmis_veri/test/kusursuz/Class2_Test_0115.PNG,0,kusursuz,0.29950878,0,kusursuz,dogru_kusursuz
/content/drive/MyDrive/DERİNMODEL/01_veri_seti/islenmis_veri/test/kusursuz/Class2_Test_0116.PNG,0,kusursuz,0.23258185,0,kusursuz,dogru_kusursuz
/content/drive/MyDrive/DERİNMODEL/01_veri_seti/islenmis_veri/test/kusursuz/Class2_Test_0117.PNG,0,kusursuz,0.44654724,0,kusursuz,dogru_kusursuz
/content/drive/MyDrive/DERİNMODEL/01_veri_seti/islenmis_veri/test/kusursuz/Class2_Test_0118.PNG,0,kusursuz,0.2940774,0,kusursuz,dogru_kusursuz
/content/drive/MyDrive/DERİNMODEL/01_veri_seti/islenmis_veri/test/kusursuz/Class2_Test_0119.PNG,0,kusursuz,0.3325549,0,kusursuz,dogru_kusursuz
/content/drive/MyDrive/DERİNMODEL/01_veri_seti/islenmis_veri/test/kusursuz/Class2_Test_0122.PNG,0,kusursuz,0.38043448,0,kusursuz,dogru_kusursuz
/content/drive/MyDrive/DERİNMODEL/01_veri_seti/islenmis_veri/test/kusursuz/Class2_Test_0123.PNG,0,kusursuz,0.21184601,0,kusursuz,dogru_kusursuz
/content/drive/MyDrive/DERİNMODEL/01_veri_seti/islenmis_veri/test/kusursuz/Class2_Test_0125.PNG,0,kusursuz,0.19085981,0,kusursuz,dogru_kusursuz
/content/drive/MyDrive/DERİNMODEL/01_veri_seti/islenmis_veri/test/kusursuz/Class2_Test_0126.PNG,0,kusursuz,0.47876194,0,kusursuz,dogru_kusursuz
/content/drive/MyDrive/DERİNMODEL/01_veri_seti/islenmis_veri/test/kusursuz/Class2_Test_0127.PNG,0,kusursuz,0.6099386,1,kusurlu,yanlis_alarm
/content/drive/MyDrive/DERİNMODEL/01_veri_seti/islenmis_veri/test/kusursuz/Class2_Test_0129.PNG,0,kusursuz,0.32145876,0,kusursuz,dogru_kusursuz
/content/drive/MyDrive/DERİNMODEL/01_veri_seti/islenmis_veri/test/kusursuz/Class2_Test_0130.PNG,0,kusursuz,0.15415888,0,kusursuz,dogru_kusursuz
/content/drive/MyDrive/DERİNMODEL/01_veri_seti/islenmis_veri/test/kusursuz/Class2_Test_0131.PNG,0,kusursuz,0.19100103,0,kusursuz,dogru_kusursuz
/content/drive/MyDrive/DERİNMODEL/01_veri_seti/islenmis_veri/test/kusursuz/Class2_Test_0132.PNG,0,kusursuz,0.36091855,0,kusursuz,dogru_kusursuz
/content/drive/MyDrive/DERİNMODEL/01_veri_seti/islenmis_veri/test/kusursuz/Class2_Test_0134.PNG,0,kusursuz,0.4275406,0,kusursuz,dogru_kusursuz
/content/drive/MyDrive/DERİNMODEL/01_veri_seti/islenmis_veri/test/kusursuz/Class2_Test_0135.PNG,0,kusursuz,0.16294909,0,kusursuz,dogru_kusursuz
/content/drive/MyDrive/DERİNMODEL/01_veri_seti/islenmis_veri/test/kusursuz/Class2_Test_0136.PNG,0,kusursuz,0.16237485,0,kusursuz,dogru_kusursuz
/content/drive/MyDrive/DERİNMODEL/01_veri_seti/islenmis_veri/test/kusursuz/Class2_Test_0138.PNG,0,kusursuz,0.5070443,0,kusursuz,dogru_kusursuz
/content/drive/MyDrive/DERİNMODEL/01_veri_seti/islenmis_veri/test/kusursuz/Class2_Test_0139.PNG,0,kusursuz,0.6496865,1,kusurlu,yanlis_alarm
/content/drive/MyDrive/DERİNMODEL/01_veri_seti/islenmis_veri/test/kusursuz/Class2_Test_0140.PNG,0,kusursuz,0.46674457,0,kusursuz,dogru_kusursuz
/content/drive/MyDrive/DERİNMODEL/01_veri_seti/islenmis_veri/test/kusursuz/Class2_Test_0141.PNG,0,kusursuz,0.13737269,0,kusursuz,dogru_kusursuz
/content/drive/MyDrive/DERİNMODEL/01_veri_seti/islenmis_veri/test/kusursuz/Class2_Test_0142.PNG,0,kusursuz,0.18565072,0,kusursuz,dogru_kusursuz
/content/drive/MyDrive/DERİNMODEL/01_veri_seti/islenmis_veri/test/kusursuz/Class2_Test_0144.PNG,0,kusursuz,0.20970945,0,kusursuz,dogru_kusursuz
/content/drive/MyDrive/DERİNMODEL/01_veri_seti/islenmis_veri/test/kusursuz/Class2_Test_0147.PNG,0,kusursuz,0.27706283,0,kusursuz,dogru_kusursuz
/content/drive/MyDrive/DERİNMODEL/01_veri_seti/islenmis_veri/test/kusursuz/Class2_Test_0149.PNG,0,kusursuz,0.13649267,0,kusursuz,dogru_kusursuz
/content/drive/MyDrive/DERİNMODEL/01_veri_seti/islenmis_veri/test/kusursuz/Class2_Test_0150.PNG,0,kusursuz,0.3890502,0,kusursuz,dogru_kusursuz
/content/drive/MyDrive/DERİNMODEL/01_veri_seti/islenmis_veri/test/kusursuz/Class2_Test_0151.PNG,0,kusursuz,0.14717862,0,kusursuz,dogru_kusursuz
/content/drive/MyDrive/DERİNMODEL/01_veri_seti/islenmis_veri/test/kusursuz/Class2_Test_0152.PNG,0,kusursuz,0.1707811,0,kusursuz,dogru_kusursuz
/content/drive/MyDrive/DERİNMODEL/01_veri_seti/islenmis_veri/test/kusursuz/Class2_Test_0153.PNG,0,kusursuz,0.26109847,0,kusursuz,dogru_kusursuz
/content/drive/MyDrive/DERİNMODEL/01_veri_seti/islenmis_veri/test/kusursuz/Class2_Test_0154.PNG,0,kusursuz,0.2729317,0,kusursuz,dogru_kusursuz
/content/drive/MyDrive/DERİNMODEL/01_veri_seti/islenmis_veri/test/kusursuz/Class2_Test_0155.PNG,0,kusursuz,0.444393,0,kusursuz,dogru_kusursuz
/content/drive/MyDrive/DERİNMODEL/01_veri_seti/islenmis_veri/test/kusursuz/Class2_Test_0156.PNG,0,kusursuz,0.43598098,0,kusursuz,dogru_kusursuz
/content/drive/MyDrive/DERİNMODEL/01_veri_seti/islenmis_veri/test/kusursuz/Class2_Test_0157.PNG,0,kusursuz,0.46086088,0,kusursuz,dogru_kusursuz
/content/drive/MyDrive/DERİNMODEL/01_veri_seti/islenmis_veri/test/kusursuz/Class2_Test_0158.PNG,0,kusursuz,0.2783603,0,kusursuz,dogru_kusursuz
/content/drive/MyDrive/DERİNMODEL/01_veri_seti/islenmis_veri/test/kusursuz/Class2_Test_0160.PNG,0,kusursuz,0.16809706,0,kusursuz,dogru_kusursuz
/content/drive/MyDrive/DERİNMODEL/01_veri_seti/islenmis_veri/test/kusursuz/Class2_Test_0161.PNG,0,kusursuz,0.29860952,0,kusursuz,dogru_kusursuz
/content/drive/MyDrive/DERİNMODEL/01_veri_seti/islenmis_veri/test/kusursuz/Class2_Test_0162.PNG,0,kusursuz,0.34899154,0,kusursuz,dogru_kusursuz
/content/drive/MyDrive/DERİNMODEL/01_veri_seti/islenmis_veri/test/kusursuz/Class2_Test_0163.PNG,0,kusursuz,0.2507142,0,kusursuz,dogru_kusursuz
/content/drive/MyDrive/DERİNMODEL/01_veri_seti/islenmis_veri/test/kusursuz/Class2_Test_0165.PNG,0,kusursuz,0.4397636,0,kusursuz,dogru_kusursuz
/content/drive/MyDrive/DERİNMODEL/01_veri_seti/islenmis_veri/test/kusursuz/Class2_Test_0166.PNG,0,kusursuz,0.17898168,0,kusursuz,dogru_kusursuz
/content/drive/MyDrive/DERİNMODEL/01_veri_seti/islenmis_veri/test/kusursuz/Class2_Test_0167.PNG,0,kusursuz,0.42640424,0,kusursuz,dogru_kusursuz
/content/drive/MyDrive/DERİNMODEL/01_veri_seti/islenmis_veri/test/kusursuz/Class2_Test_0168.PNG,0,kusursuz,0.48458946,0,kusursuz,dogru_kusursuz
/content/drive/MyDrive/DERİNMODEL/01_veri_seti/islenmis_veri/test/kusursuz/Class2_Test_0170.PNG,0,kusursuz,0.55235755,0,kusursuz,dogru_kusursuz
/content/drive/MyDrive/DERİNMODEL/01_veri_seti/islenmis_veri/test/kusursuz/Class2_Test_0171.PNG,0,kusursuz,0.14703971,0,kusursuz,dogru_kusursuz
/content/drive/MyDrive/DERİNMODEL/01_veri_seti/islenmis_veri/test/kusursuz/Class2_Test_0172.PNG,0,kusursuz,0.6260752,1,kusurlu,yanlis_alarm
/content/drive/MyDrive/DERİNMODEL/01_veri_seti/islenmis_veri/test/kusursuz/Class2_Test_0173.PNG,0,kusursuz,0.27054062,0,kusursuz,dogru_kusursuz
/content/drive/MyDrive/DERİNMODEL/01_veri_seti/islenmis_veri/test/kusursuz/Class2_Test_0174.PNG,0,kusursuz,0.20555362,0,kusursuz,dogru_kusursuz
/content/drive/MyDrive/DERİNMODEL/01_veri_seti/islenmis_veri/test/kusursuz/Class2_Test_0175.PNG,0,kusursuz,0.20624042,0,kusursuz,dogru_kusursuz
/content/drive/MyDrive/DERİNMODEL/01_veri_seti/islenmis_veri/test/kusursuz/Class2_Test_0176.PNG,0,kusursuz,0.13790405,0,kusursuz,dogru_kusursuz
/content/drive/MyDrive/DERİNMODEL/01_veri_seti/islenmis_veri/test/kusursuz/Class2_Test_0177.PNG,0,kusursuz,0.59337217,0,kusursuz,dogru_kusursuz
/content/drive/MyDrive/DERİNMODEL/01_veri_seti/islenmis_veri/test/kusursuz/Class2_Test_0178.PNG,0,kusursuz,0.5074316,0,kusursuz,dogru_kusursuz
/content/drive/MyDrive/DERİNMODEL/01_veri_seti/islenmis_veri/test/kusursuz/Class2_Test_0180.PNG,0,kusursuz,0.41573027,0,kusursuz,dogru_kusursuz
/content/drive/MyDrive/DERİNMODEL/01_veri_seti/islenmis_veri/test/kusursuz/Class2_Test_0182.PNG,0,kusursuz,0.6954136,1,kusurlu,yanlis_alarm
/content/drive/MyDrive/DERİNMODEL/01_veri_seti/islenmis_veri/test/kusursuz/Class2_Test_0183.PNG,0,kusursuz,0.4527111,0,kusursuz,dogru_kusursuz
/content/drive/MyDrive/DERİNMODEL/01_veri_seti/islenmis_veri/test/kusursuz/Class2_Test_0184.PNG,0,kusursuz,0.3615985,0,kusursuz,dogru_kusursuz
/content/drive/MyDrive/DERİNMODEL/01_veri_seti/islenmis_veri/test/kusursuz/Class2_Test_0185.PNG,0,kusursuz,0.47005904,0,kusursuz,dogru_kusursuz
/content/drive/MyDrive/DERİNMODEL/01_veri_seti/islenmis_veri/test/kusursuz/Class2_Test_0186.PNG,0,kusursuz,0.14034978,0,kusursuz,dogru_kusursuz
/content/drive/MyDrive/DERİNMODEL/01_veri_seti/islenmis_veri/test/kusursuz/Class2_Test_0187.PNG,0,kusursuz,0.58981115,0,kusursuz,dogru_kusursuz
/content/drive/MyDrive/DERİNMODEL/01_veri_seti/islenmis_veri/test/kusursuz/Class2_Test_0188.PNG,0,kusursuz,0.26896164,0,kusursuz,dogru_kusursuz
/content/drive/MyDrive/DERİNMODEL/01_veri_seti/islenmis_veri/test/kusursuz/Class2_Test_0189.PNG,0,kusursuz,0.42766017,0,kusursuz,dogru_kusursuz
/content/drive/MyDrive/DERİNMODEL/01_veri_seti/islenmis_veri/test/kusursuz/Class2_Test_0190.PNG,0,kusursuz,0.4735798,0,kusursuz,dogru_kusursuz
/content/drive/MyDrive/DERİNMODEL/01_veri_seti/islenmis_veri/test/kusursuz/Class2_Test_0191.PNG,0,kusursuz,0.22963506,0,kusursuz,dogru_kusursuz
/content/drive/MyDrive/DERİNMODEL/01_veri_seti/islenmis_veri/test/kusursuz/Class2_Test_0192.PNG,0,kusursuz,0.44897407,0,kusursuz,dogru_kusursuz
/content/drive/MyDrive/DERİNMODEL/01_veri_seti/islenmis_veri/test/kusursuz/Class2_Test_0193.PNG,0,kusursuz,0.14488798,0,kusursuz,dogru_kusursuz
/content/drive/MyDrive/DERİNMODEL/01_veri_seti/islenmis_veri/test/kusursuz/Class2_Test_0194.PNG,0,kusursuz,0.17314318,0,kusursuz,dogru_kusursuz
/content/drive/MyDrive/DERİNMODEL/01_veri_seti/islenmis_veri/test/kusursuz/Class2_Test_0195.PNG,0,kusursuz,0.45448905,0,kusursuz,dogru_kusursuz
/content/drive/MyDrive/DERİNMODEL/01_veri_seti/islenmis_veri/test/kusursuz/Class2_Test_0196.PNG,0,kusursuz,0.37586042,0,kusursuz,dogru_kusursuz
/content/drive/MyDrive/DERİNMODEL/01_veri_seti/islenmis_veri/test/kusursuz/Class2_Test_0199.PNG,0,kusursuz,0.24358802,0,kusursuz,dogru_kusursuz
/content/drive/MyDrive/DERİNMODEL/01_veri_seti/islenmis_veri/test/kusursuz/Class2_Test_0200.PNG,0,kusursuz,0.27933368,0,kusursuz,dogru_kusursuz
/content/drive/MyDrive/DERİNMODEL/01_veri_seti/islenmis_veri/test/kusursuz/Class2_Test_0201.PNG,0,kusursuz,0.4799868,0,kusursuz,dogru_kusursuz
/content/drive/MyDrive/DERİNMODEL/01_veri_seti/islenmis_veri/test/kusursuz/Class2_Test_0204.PNG,0,kusursuz,0.2820122,0,kusursuz,dogru_kusursuz
/content/drive/MyDrive/DERİNMODEL/01_veri_seti/islenmis_veri/test/kusursuz/Class2_Test_0205.PNG,0,kusursuz,0.17804796,0,kusursuz,dogru_kusursuz
/content/drive/MyDrive/DERİNMODEL/01_veri_seti/islenmis_veri/test/kusursuz/Class2_Test_0208.PNG,0,kusursuz,0.13338712,0,kusursuz,dogru_kusursuz
/content/drive/MyDrive/DERİNMODEL/01_veri_seti/islenmis_veri/test/kusursuz/Class2_Test_0209.PNG,0,kusursuz,0.21905959,0,kusursuz,dogru_kusursuz
/content/drive/MyDrive/DERİNMODEL/01_veri_seti/islenmis_veri/test/kusursuz/Class2_Test_0211.PNG,0,kusursuz,0.40862522,0,kusursuz,dogru_kusursuz
/content/drive/MyDrive/DERİNMODEL/01_veri_seti/islenmis_veri/test/kusursuz/Class2_Test_0212.PNG,0,kusursuz,0.36286667,0,kusursuz,dogru_kusursuz
/content/drive/MyDrive/DERİNMODEL/01_veri_seti/islenmis_veri/test/kusursuz/Class2_Test_0213.PNG,0,kusursuz,0.16952603,0,kusursuz,dogru_kusursuz
/content/drive/MyDrive/DERİNMODEL/01_veri_seti/islenmis_veri/test/kusursuz/Class2_Test_0214.PNG,0,kusursuz,0.51745707,0,kusursuz,dogru_kusursuz
/content/drive/MyDrive/DERİNMODEL/01_veri_seti/islenmis_veri/test/kusursuz/Class2_Test_0215.PNG,0,kusursuz,0.5878481,0,kusursuz,dogru_kusursuz
/content/drive/MyDrive/DERİNMODEL/01_veri_seti/islenmis_veri/test/kusursuz/Class2_Test_0216.PNG,0,kusursuz,0.46029547,0,kusursuz,dogru_kusursuz
/content/drive/MyDrive/DERİNMODEL/01_veri_seti/islenmis_veri/test/kusursuz/Class2_Test_0217.PNG,0,kusursuz,0.46706256,0,kusursuz,dogru_kusursuz
/content/drive/MyDrive/DERİNMODEL/01_veri_seti/islenmis_veri/test/kusursuz/Class2_Test_0219.PNG,0,kusursuz,0.171183,0,kusursuz,dogru_kusursuz
/content/drive/MyDrive/DERİNMODEL/01_veri_seti/islenmis_veri/test/kusursuz/Class2_Test_0220.PNG,0,kusursuz,0.22183073,0,kusursuz,dogru_kusursuz
/content/drive/MyDrive/DERİNMODEL/01_veri_seti/islenmis_veri/test/kusursuz/Class2_Test_0221.PNG,0,kusursuz,0.5810479,0,kusursuz,dogru_kusursuz
/content/drive/MyDrive/DERİNMODEL/01_veri_seti/islenmis_veri/test/kusursuz/Class2_Test_0222.PNG,0,kusursuz,0.15578407,0,kusursuz,dogru_kusursuz
/content/drive/MyDrive/DERİNMODEL/01_veri_seti/islenmis_veri/test/kusursuz/Class2_Test_0223.PNG,0,kusursuz,0.33583552,0,kusursuz,dogru_kusursuz
/content/drive/MyDrive/DERİNMODEL/01_veri_seti/islenmis_veri/test/kusursuz/Class2_Test_0225.PNG,0,kusursuz,0.4326268,0,kusursuz,dogru_kusursuz
/content/drive/MyDrive/DERİNMODEL/01_veri_seti/islenmis_veri/test/kusursuz/Class2_Test_0226.PNG,0,kusursuz,0.39603,0,kusursuz,dogru_kusursuz
/content/drive/MyDrive/DERİNMODEL/01_veri_seti/islenmis_veri/test/kusursuz/Class2_Test_0227.PNG,0,kusursuz,0.30376166,0,kusursuz,dogru_kusursuz
/content/drive/MyDrive/DERİNMODEL/01_veri_seti/islenmis_veri/test/kusursuz/Class2_Test_0228.PNG,0,kusursuz,0.6518104,1,kusurlu,yanlis_alarm
/content/drive/MyDrive/DERİNMODEL/01_veri_seti/islenmis_veri/test/kusursuz/Class2_Test_0229.PNG,0,kusursuz,0.49061036,0,kusursuz,dogru_kusursuz
/content/drive/MyDrive/DERİNMODEL/01_veri_seti/islenmis_veri/test/kusursuz/Class2_Test_0231.PNG,0,kusursuz,0.39967138,0,kusursuz,dogru_kusursuz
/content/drive/MyDrive/DERİNMODEL/01_veri_seti/islenmis_veri/test/kusursuz/Class2_Test_0232.PNG,0,kusursuz,0.18308719,0,kusursuz,dogru_kusursuz
/content/drive/MyDrive/DERİNMODEL/01_veri_seti/islenmis_veri/test/kusursuz/Class2_Test_0233.PNG,0,kusursuz,0.5855894,0,kusursuz,dogru_kusursuz
/content/drive/MyDrive/DERİNMODEL/01_veri_seti/islenmis_veri/test/kusursuz/Class2_Test_0234.PNG,0,kusursuz,0.1776675,0,kusursuz,dogru_kusursuz
/content/drive/MyDrive/DERİNMODEL/01_veri_seti/islenmis_veri/test/kusursuz/Class2_Test_0235.PNG,0,kusursuz,0.23434222,0,kusursuz,dogru_kusursuz
/content/drive/MyDrive/DERİNMODEL/01_veri_seti/islenmis_veri/test/kusursuz/Class2_Test_0237.PNG,0,kusursuz,0.36077583,0,kusursuz,dogru_kusursuz
/content/drive/MyDrive/DERİNMODEL/01_veri_seti/islenmis_veri/test/kusursuz/Class2_Test_0239.PNG,0,kusursuz,0.26009187,0,kusursuz,dogru_kusursuz
/content/drive/MyDrive/DERİNMODEL/01_veri_seti/islenmis_veri/test/kusursuz/Class2_Test_0240.PNG,0,kusursuz,0.48281792,0,kusursuz,dogru_kusursuz
/content/drive/MyDrive/DERİNMODEL/01_veri_seti/islenmis_veri/test/kusursuz/Class2_Test_0241.PNG,0,kusursuz,0.15466644,0,kusursuz,dogru_kusursuz
/content/drive/MyDrive/DERİNMODEL/01_veri_seti/islenmis_veri/test/kusursuz/Class2_Test_0242.PNG,0,kusursuz,0.451441,0,kusursuz,dogru_kusursuz
/content/drive/MyDrive/DERİNMODEL/01_veri_seti/islenmis_veri/test/kusursuz/Class2_Test_0243.PNG,0,kusursuz,0.52137905,0,kusursuz,dogru_kusursuz
/content/drive/MyDrive/DERİNMODEL/01_veri_seti/islenmis_veri/test/kusursuz/Class2_Test_0244.PNG,0,kusursuz,0.17780733,0,kusursuz,dogru_kusursuz
/content/drive/MyDrive/DERİNMODEL/01_veri_seti/islenmis_veri/test/kusursuz/Class2_Test_0245.PNG,0,kusursuz,0.4197222,0,kusursuz,dogru_kusursuz
/content/drive/MyDrive/DERİNMODEL/01_veri_seti/islenmis_veri/test/kusursuz/Class2_Test_0246.PNG,0,kusursuz,0.19141103,0,kusursuz,dogru_kusursuz
/content/drive/MyDrive/DERİNMODEL/01_veri_seti/islenmis_veri/test/kusursuz/Class2_Test_0247.PNG,0,kusursuz,0.25892812,0,kusursuz,dogru_kusursuz
/content/drive/MyDrive/DERİNMODEL/01_veri_seti/islenmis_veri/test/kusursuz/Class2_Test_0249.PNG,0,kusursuz,0.5573648,0,kusursuz,dogru_kusursuz
/content/drive/MyDrive/DERİNMODEL/01_veri_seti/islenmis_veri/test/kusursuz/Class2_Test_0250.PNG,0,kusursuz,0.15994924,0,kusursuz,dogru_kusursuz
/content/drive/MyDrive/DERİNMODEL/01_veri_seti/islenmis_veri/test/kusursuz/Class2_Test_0252.PNG,0,kusursuz,0.34163627,0,kusursuz,dogru_kusursuz
/content/drive/MyDrive/DERİNMODEL/01_veri_seti/islenmis_veri/test/kusursuz/Class2_Test_0253.PNG,0,kusursuz,0.141455,0,kusursuz,dogru_kusursuz
/content/drive/MyDrive/DERİNMODEL/01_veri_seti/islenmis_veri/test/kusursuz/Class2_Test_0254.PNG,0,kusursuz,0.1913713,0,kusursuz,dogru_kusursuz
/content/drive/MyDrive/DERİNMODEL/01_veri_seti/islenmis_veri/test/kusursuz/Class2_Test_0255.PNG,0,kusursuz,0.35445818,0,kusursuz,dogru_kusursuz
/content/drive/MyDrive/DERİNMODEL/01_veri_seti/islenmis_veri/test/kusursuz/Class2_Test_0256.PNG,0,kusursuz,0.19523363,0,kusursuz,dogru_kusursuz
/content/drive/MyDrive/DERİNMODEL/01_veri_seti/islenmis_veri/test/kusursuz/Class2_Test_0257.PNG,0,kusursuz,0.4519033,0,kusursuz,dogru_kusursuz
/content/drive/MyDrive/DERİNMODEL/01_veri_seti/islenmis_veri/test/kusursuz/Class2_Test_0259.PNG,0,kusursuz,0.2406792,0,kusursuz,dogru_kusursuz
/content/drive/MyDrive/DERİNMODEL/01_veri_seti/islenmis_veri/test/kusursuz/Class2_Test_0260.PNG,0,kusursuz,0.4538636,0,kusursuz,dogru_kusursuz
/content/drive/MyDrive/DERİNMODEL/01_veri_seti/islenmis_veri/test/kusursuz/Class2_Test_0261.PNG,0,kusursuz,0.651502,1,kusurlu,yanlis_alarm
/content/drive/MyDrive/DERİNMODEL/01_veri_seti/islenmis_veri/test/kusursuz/Class2_Test_0262.PNG,0,kusursuz,0.22460677,0,kusursuz,dogru_kusursuz
/content/drive/MyDrive/DERİNMODEL/01_veri_seti/islenmis_veri/test/kusursuz/Class2_Test_0263.PNG,0,kusursuz,0.22042575,0,kusursuz,dogru_kusursuz
/content/drive/MyDrive/DERİNMODEL/01_veri_seti/islenmis_veri/test/kusursuz/Class2_Test_0264.PNG,0,kusursuz,0.26658025,0,kusursuz,dogru_kusursuz
/content/drive/MyDrive/DERİNMODEL/01_veri_seti/islenmis_veri/test/kusursuz/Class2_Test_0265.PNG,0,kusursuz,0.38116488,0,kusursuz,dogru_kusursuz
/content/drive/MyDrive/DERİNMODEL/01_veri_seti/islenmis_veri/test/kusursuz/Class2_Test_0266.PNG,0,kusursuz,0.48486996,0,kusursuz,dogru_kusursuz
/content/drive/MyDrive/DERİNMODEL/01_veri_seti/islenmis_veri/test/kusursuz/Class2_Test_0267.PNG,0,kusursuz,0.17585829,0,kusursuz,dogru_kusursuz
/content/drive/MyDrive/DERİNMODEL/01_veri_seti/islenmis_veri/test/kusursuz/Class2_Test_0268.PNG,0,kusursuz,0.20995316,0,kusursuz,dogru_kusursuz
/content/drive/MyDrive/DERİNMODEL/01_veri_seti/islenmis_veri/test/kusursuz/Class2_Test_0269.PNG,0,kusursuz,0.14819694,0,kusursuz,dogru_kusursuz
/content/drive/MyDrive/DERİNMODEL/01_veri_seti/islenmis_veri/test/kusursuz/Class2_Test_0270.PNG,0,kusursuz,0.19767198,0,kusursuz,dogru_kusursuz
/content/drive/MyDrive/DERİNMODEL/01_veri_seti/islenmis_veri/test/kusursuz/Class2_Test_0271.PNG,0,kusursuz,0.17764705,0,kusursuz,dogru_kusursuz
/content/drive/MyDrive/DERİNMODEL/01_veri_seti/islenmis_veri/test/kusursuz/Class2_Test_0272.PNG,0,kusursuz,0.50151753,0,kusursuz,dogru_kusursuz
/content/drive/MyDrive/DERİNMODEL/01_veri_seti/islenmis_veri/test/kusursuz/Class2_Test_0273.PNG,0,kusursuz,0.16418095,0,kusursuz,dogru_kusursuz
/content/drive/MyDrive/DERİNMODEL/01_veri_seti/islenmis_veri/test/kusursuz/Class2_Test_0274.PNG,0,kusursuz,0.35225707,0,kusursuz,dogru_kusursuz
/content/drive/MyDrive/DERİNMODEL/01_veri_seti/islenmis_veri/test/kusursuz/Class2_Test_0275.PNG,0,kusursuz,0.25779974,0,kusursuz,dogru_kusursuz
/content/drive/MyDrive/DERİNMODEL/01_veri_seti/islenmis_veri/test/kusursuz/Class2_Test_0276.PNG,0,kusursuz,0.16560704,0,kusursuz,dogru_kusursuz
/content/drive/MyDrive/DERİNMODEL/01_veri_seti/islenmis_veri/test/kusursuz/Class2_Test_0277.PNG,0,kusursuz,0.25779375,0,kusursuz,dogru_kusursuz
/content/drive/MyDrive/DERİNMODEL/01_veri_seti/islenmis_veri/test/kusursuz/Class2_Test_0278.PNG,0,kusursuz,0.41239744,0,kusursuz,dogru_kusursuz
/content/drive/MyDrive/DERİNMODEL/01_veri_seti/islenmis_veri/test/kusursuz/Class2_Test_0280.PNG,0,kusursuz,0.1425771,0,kusursuz,dogru_kusursuz
/content/drive/MyDrive/DERİNMODEL/01_veri_seti/islenmis_veri/test/kusursuz/Class2_Test_0281.PNG,0,kusursuz,0.22803597,0,kusursuz,dogru_kusursuz
/content/drive/MyDrive/DERİNMODEL/01_veri_seti/islenmis_veri/test/kusursuz/Class2_Test_0282.PNG,0,kusursuz,0.3510377,0,kusursuz,dogru_kusursuz
/content/drive/MyDrive/DERİNMODEL/01_veri_seti/islenmis_veri/test/kusursuz/Class2_Test_0283.PNG,0,kusursuz,0.2993834,0,kusursuz,dogru_kusursuz
/content/drive/MyDrive/DERİNMODEL/01_veri_seti/islenmis_veri/test/kusursuz/Class2_Test_0284.PNG,0,kusursuz,0.4829311,0,kusursuz,dogru_kusursuz
/content/drive/MyDrive/DERİNMODEL/01_veri_seti/islenmis_veri/test/kusursuz/Class2_Test_0285.PNG,0,kusursuz,0.45548484,0,kusursuz,dogru_kusursuz
/content/drive/MyDrive/DERİNMODEL/01_veri_seti/islenmis_veri/test/kusursuz/Class2_Test_0286.PNG,0,kusursuz,0.17785805,0,kusursuz,dogru_kusursuz
/content/drive/MyDrive/DERİNMODEL/01_veri_seti/islenmis_veri/test/kusursuz/Class2_Test_0287.PNG,0,kusursuz,0.20295906,0,kusursuz,dogru_kusursuz
/content/drive/MyDrive/DERİNMODEL/01_veri_seti/islenmis_veri/test/kusursuz/Class2_Test_0289.PNG,0,kusursuz,0.511384,0,kusursuz,dogru_kusursuz
/content/drive/MyDrive/DERİNMODEL/01_veri_seti/islenmis_veri/test/kusursuz/Class2_Test_0291.PNG,0,kusursuz,0.20078735,0,kusursuz,dogru_kusursuz
/content/drive/MyDrive/DERİNMODEL/01_veri_seti/islenmis_veri/test/kusursuz/Class2_Test_0292.PNG,0,kusursuz,0.5077563,0,kusursuz,dogru_kusursuz
/content/drive/MyDrive/DERİNMODEL/01_veri_seti/islenmis_veri/test/kusursuz/Class2_Test_0293.PNG,0,kusursuz,0.4204039,0,kusursuz,dogru_kusursuz
/content/drive/MyDrive/DERİNMODEL/01_veri_seti/islenmis_veri/test/kusursuz/Class2_Test_0294.PNG,0,kusursuz,0.62210083,1,kusurlu,yanlis_alarm
/content/drive/MyDrive/DERİNMODEL/01_veri_seti/islenmis_veri/test/kusursuz/Class2_Test_0297.PNG,0,kusursuz,0.16612527,0,kusursuz,dogru_kusursuz
/content/drive/MyDrive/DERİNMODEL/01_veri_seti/islenmis_veri/test/kusursuz/Class2_Test_0298.PNG,0,kusursuz,0.18332349,0,kusursuz,dogru_kusursuz
/content/drive/MyDrive/DERİNMODEL/01_veri_seti/islenmis_veri/test/kusursuz/Class2_Test_0299.PNG,0,kusursuz,0.15801503,0,kusursuz,dogru_kusursuz
/content/drive/MyDrive/DERİNMODEL/01_veri_seti/islenmis_veri/test/kusursuz/Class2_Test_0300.PNG,0,kusursuz,0.29726332,0,kusursuz,dogru_kusursuz
/content/drive/MyDrive/DERİNMODEL/01_veri_seti/islenmis_veri/test/kusursuz/Class2_Test_0301.PNG,0,kusursuz,0.3576872,0,kusursuz,dogru_kusursuz
/content/drive/MyDrive/DERİNMODEL/01_veri_seti/islenmis_veri/test/kusursuz/Class2_Test_0302.PNG,0,kusursuz,0.40709406,0,kusursuz,dogru_kusursuz
/content/drive/MyDrive/DERİNMODEL/01_veri_seti/islenmis_veri/test/kusursuz/Class2_Test_0303.PNG,0,kusursuz,0.35551196,0,kusursuz,dogru_kusursuz
/content/drive/MyDrive/DERİNMODEL/01_veri_seti/islenmis_veri/test/kusursuz/Class2_Test_0304.PNG,0,kusursuz,0.43707803,0,kusursuz,dogru_kusursuz
/content/drive/MyDrive/DERİNMODEL/01_veri_seti/islenmis_veri/test/kusursuz/Class2_Test_0305.PNG,0,kusursuz,0.42861947,0,kusursuz,dogru_kusursuz
/content/drive/MyDrive/DERİNMODEL/01_veri_seti/islenmis_veri/test/kusursuz/Class2_Test_0306.PNG,0,kusursuz,0.22030596,0,kusursuz,dogru_kusursuz
/content/drive/MyDrive/DERİNMODEL/01_veri_seti/islenmis_veri/test/kusursuz/Class2_Test_0307.PNG,0,kusursuz,0.39981064,0,kusursuz,dogru_kusursuz
/content/drive/MyDrive/DERİNMODEL/01_veri_seti/islenmis_veri/test/kusursuz/Class2_Test_0308.PNG,0,kusursuz,0.42367268,0,kusursuz,dogru_kusursuz
/content/drive/MyDrive/DERİNMODEL/01_veri_seti/islenmis_veri/test/kusursuz/Class2_Test_0309.PNG,0,kusursuz,0.15399662,0,kusursuz,dogru_kusursuz
/content/drive/MyDrive/DERİNMODEL/01_veri_seti/islenmis_veri/test/kusursuz/Class2_Test_0310.PNG,0,kusursuz,0.23316549,0,kusursuz,dogru_kusursuz
/content/drive/MyDrive/DERİNMODEL/01_veri_seti/islenmis_veri/test/kusursuz/Class2_Test_0311.PNG,0,kusursuz,0.20681006,0,kusursuz,dogru_kusursuz
/content/drive/MyDrive/DERİNMODEL/01_veri_seti/islenmis_veri/test/kusursuz/Class2_Test_0312.PNG,0,kusursuz,0.17319988,0,kusursuz,dogru_kusursuz
/content/drive/MyDrive/DERİNMODEL/01_veri_seti/islenmis_veri/test/kusursuz/Class2_Test_0314.PNG,0,kusursuz,0.50956225,0,kusursuz,dogru_kusursuz
/content/drive/MyDrive/DERİNMODEL/01_veri_seti/islenmis_veri/test/kusursuz/Class2_Test_0315.PNG,0,kusursuz,0.5265477,0,kusursuz,dogru_kusursuz
/content/drive/MyDrive/DERİNMODEL/01_veri_seti/islenmis_veri/test/kusursuz/Class2_Test_0316.PNG,0,kusursuz,0.4837039,0,kusursuz,dogru_kusursuz
/content/drive/MyDrive/DERİNMODEL/01_veri_seti/islenmis_veri/test/kusursuz/Class2_Test_0317.PNG,0,kusursuz,0.54873115,0,kusursuz,dogru_kusursuz
/content/drive/MyDrive/DERİNMODEL/01_veri_seti/islenmis_veri/test/kusursuz/Class2_Test_0318.PNG,0,kusursuz,0.46679407,0,kusursuz,dogru_kusursuz
/content/drive/MyDrive/DERİNMODEL/01_veri_seti/islenmis_veri/test/kusursuz/Class2_Test_0321.PNG,0,kusursuz,0.23052177,0,kusursuz,dogru_kusursuz
/content/drive/MyDrive/DERİNMODEL/01_veri_seti/islenmis_veri/test/kusursuz/Class2_Test_0322.PNG,0,kusursuz,0.4327292,0,kusursuz,dogru_kusursuz
/content/drive/MyDrive/DERİNMODEL/01_veri_seti/islenmis_veri/test/kusursuz/Class2_Test_0323.PNG,0,kusursuz,0.14905106,0,kusursuz,dogru_kusursuz
/content/drive/MyDrive/DERİNMODEL/01_veri_seti/islenmis_veri/test/kusursuz/Class2_Test_0324.PNG,0,kusursuz,0.25545463,0,kusursuz,dogru_kusursuz
/content/drive/MyDrive/DERİNMODEL/01_veri_seti/islenmis_veri/test/kusursuz/Class2_Test_0325.PNG,0,kusursuz,0.50177366,0,kusursuz,dogru_kusursuz
/content/drive/MyDrive/DERİNMODEL/01_veri_seti/islenmis_veri/test/kusursuz/Class2_Test_0326.PNG,0,kusursuz,0.19407676,0,kusursuz,dogru_kusursuz
/content/drive/MyDrive/DERİNMODEL/01_veri_seti/islenmis_veri/test/kusursuz/Class2_Test_0327.PNG,0,kusursuz,0.36137968,0,kusursuz,dogru_kusursuz
/content/drive/MyDrive/DERİNMODEL/01_veri_seti/islenmis_veri/test/kusursuz/Class2_Test_0328.PNG,0,kusursuz,0.41597646,0,kusursuz,dogru_kusursuz
/content/drive/MyDrive/DERİNMODEL/01_veri_seti/islenmis_veri/test/kusursuz/Class2_Test_0329.PNG,0,kusursuz,0.5259909,0,kusursuz,dogru_kusursuz
/content/drive/MyDrive/DERİNMODEL/01_veri_seti/islenmis_veri/test/kusursuz/Class2_Test_0330.PNG,0,kusursuz,0.3662548,0,kusursuz,dogru_kusursuz
/content/drive/MyDrive/DERİNMODEL/01_veri_seti/islenmis_veri/test/kusursuz/Class2_Test_0331.PNG,0,kusursuz,0.19905305,0,kusursuz,dogru_kusursuz
/content/drive/MyDrive/DERİNMODEL/01_veri_seti/islenmis_veri/test/kusursuz/Class2_Test_0332.PNG,0,kusursuz,0.13806973,0,kusursuz,dogru_kusursuz
/content/drive/MyDrive/DERİNMODEL/01_veri_seti/islenmis_veri/test/kusursuz/Class2_Test_0333.PNG,0,kusursuz,0.32066712,0,kusursuz,dogru_kusursuz
/content/drive/MyDrive/DERİNMODEL/01_veri_seti/islenmis_veri/test/kusursuz/Class2_Test_0334.PNG,0,kusursuz,0.21289392,0,kusursuz,dogru_kusursuz
/content/drive/MyDrive/DERİNMODEL/01_veri_seti/islenmis_veri/test/kusursuz/Class2_Test_0335.PNG,0,kusursuz,0.16663966,0,kusursuz,dogru_kusursuz
/content/drive/MyDrive/DERİNMODEL/01_veri_seti/islenmis_veri/test/kusursuz/Class2_Test_0336.PNG,0,kusursuz,0.58028954,0,kusursuz,dogru_kusursuz
/content/drive/MyDrive/DERİNMODEL/01_veri_seti/islenmis_veri/test/kusursuz/Class2_Test_0337.PNG,0,kusursuz,0.53695744,0,kusursuz,dogru_kusursuz
/content/drive/MyDrive/DERİNMODEL/01_veri_seti/islenmis_veri/test/kusursuz/Class2_Test_0338.PNG,0,kusursuz,0.1846501,0,kusursuz,dogru_kusursuz
/content/drive/MyDrive/DERİNMODEL/01_veri_seti/islenmis_veri/test/kusursuz/Class2_Test_0340.PNG,0,kusursuz,0.20897193,0,kusursuz,dogru_kusursuz
/content/drive/MyDrive/DERİNMODEL/01_veri_seti/islenmis_veri/test/kusursuz/Class2_Test_0341.PNG,0,kusursuz,0.5256612,0,kusursuz,dogru_kusursuz
/content/drive/MyDrive/DERİNMODEL/01_veri_seti/islenmis_veri/test/kusursuz/Class2_Test_0342.PNG,0,kusursuz,0.2938614,0,kusursuz,dogru_kusursuz
/content/drive/MyDrive/DERİNMODEL/01_veri_seti/islenmis_veri/test/kusursuz/Class2_Test_0343.PNG,0,kusursuz,0.19264686,0,kusursuz,dogru_kusursuz
/content/drive/MyDrive/DERİNMODEL/01_veri_seti/islenmis_veri/test/kusursuz/Class2_Test_0344.PNG,0,kusursuz,0.45515004,0,kusursuz,dogru_kusursuz
/content/drive/MyDrive/DERİNMODEL/01_veri_seti/islenmis_veri/test/kusursuz/Class2_Test_0345.PNG,0,kusursuz,0.4377615,0,kusursuz,dogru_kusursuz
/content/drive/MyDrive/DERİNMODEL/01_veri_seti/islenmis_veri/test/kusursuz/Class2_Test_0346.PNG,0,kusursuz,0.19694969,0,kusursuz,dogru_kusursuz
/content/drive/MyDrive/DERİNMODEL/01_veri_seti/islenmis_veri/test/kusursuz/Class2_Test_0347.PNG,0,kusursuz,0.39432058,0,kusursuz,dogru_kusursuz
/content/drive/MyDrive/DERİNMODEL/01_veri_seti/islenmis_veri/test/kusursuz/Class2_Test_0348.PNG,0,kusursuz,0.27425766,0,kusursuz,dogru_kusursuz
/content/drive/MyDrive/DERİNMODEL/01_veri_seti/islenmis_veri/test/kusursuz/Class2_Test_0349.PNG,0,kusursuz,0.39423078,0,kusursuz,dogru_kusursuz
/content/drive/MyDrive/DERİNMODEL/01_veri_seti/islenmis_veri/test/kusursuz/Class2_Test_0350.PNG,0,kusursuz,0.4973269,0,kusursuz,dogru_kusursuz
/content/drive/MyDrive/DERİNMODEL/01_veri_seti/islenmis_veri/test/kusursuz/Class2_Test_0351.PNG,0,kusursuz,0.1543314,0,kusursuz,dogru_kusursuz
/content/drive/MyDrive/DERİNMODEL/01_veri_seti/islenmis_veri/test/kusursuz/Class2_Test_0352.PNG,0,kusursuz,0.25131118,0,kusursuz,dogru_kusursuz
/content/drive/MyDrive/DERİNMODEL/01_veri_seti/islenmis_veri/test/kusursuz/Class2_Test_0353.PNG,0,kusursuz,0.40346792,0,kusursuz,dogru_kusursuz
/content/drive/MyDrive/DERİNMODEL/01_veri_seti/islenmis_veri/test/kusursuz/Class2_Test_0354.PNG,0,kusursuz,0.4506625,0,kusursuz,dogru_kusursuz
/content/drive/MyDrive/DERİNMODEL/01_veri_seti/islenmis_veri/test/kusursuz/Class2_Test_0355.PNG,0,kusursuz,0.4199883,0,kusursuz,dogru_kusursuz
/content/drive/MyDrive/DERİNMODEL/01_veri_seti/islenmis_veri/test/kusursuz/Class2_Test_0357.PNG,0,kusursuz,0.21123303,0,kusursuz,dogru_kusursuz
/content/drive/MyDrive/DERİNMODEL/01_veri_seti/islenmis_veri/test/kusursuz/Class2_Test_0358.PNG,0,kusursuz,0.3243701,0,kusursuz,dogru_kusursuz
/content/drive/MyDrive/DERİNMODEL/01_veri_seti/islenmis_veri/test/kusursuz/Class2_Test_0359.PNG,0,kusursuz,0.41636106,0,kusursuz,dogru_kusursuz
/content/drive/MyDrive/DERİNMODEL/01_veri_seti/islenmis_veri/test/kusursuz/Class2_Test_0360.PNG,0,kusursuz,0.407604,0,kusursuz,dogru_kusursuz
/content/drive/MyDrive/DERİNMODEL/01_veri_seti/islenmis_veri/test/kusursuz/Class2_Test_0361.PNG,0,kusursuz,0.21206422,0,kusursuz,dogru_kusursuz
/content/drive/MyDrive/DERİNMODEL/01_veri_seti/islenmis_veri/test/kusursuz/Class2_Test_0362.PNG,0,kusursuz,0.5108654,0,kusursuz,dogru_kusursuz
/content/drive/MyDrive/DERİNMODEL/01_veri_seti/islenmis_veri/test/kusursuz/Class2_Test_0363.PNG,0,kusursuz,0.18236585,0,kusursuz,dogru_kusursuz
/content/drive/MyDrive/DERİNMODEL/01_veri_seti/islenmis_veri/test/kusursuz/Class2_Test_0364.PNG,0,kusursuz,0.16102423,0,kusursuz,dogru_kusursuz
/content/drive/MyDrive/DERİNMODEL/01_veri_seti/islenmis_veri/test/kusursuz/Class2_Test_0365.PNG,0,kusursuz,0.36650726,0,kusursuz,dogru_kusursuz
/content/drive/MyDrive/DERİNMODEL/01_veri_seti/islenmis_veri/test/kusursuz/Class2_Test_0366.PNG,0,kusursuz,0.41196194,0,kusursuz,dogru_kusursuz
/content/drive/MyDrive/DERİNMODEL/01_veri_seti/islenmis_veri/test/kusursuz/Class2_Test_0367.PNG,0,kusursuz,0.4658681,0,kusursuz,dogru_kusursuz
/content/drive/MyDrive/DERİNMODEL/01_veri_seti/islenmis_veri/test/kusursuz/Class2_Test_0368.PNG,0,kusursuz,0.31463575,0,kusursuz,dogru_kusursuz
/content/drive/MyDrive/DERİNMODEL/01_veri_seti/islenmis_veri/test/kusursuz/Class2_Test_0370.PNG,0,kusursuz,0.3536719,0,kusursuz,dogru_kusursuz
/content/drive/MyDrive/DERİNMODEL/01_veri_seti/islenmis_veri/test/kusursuz/Class2_Test_0371.PNG,0,kusursuz,0.15841444,0,kusursuz,dogru_kusursuz
/content/drive/MyDrive/DERİNMODEL/01_veri_seti/islenmis_veri/test/kusursuz/Class2_Test_0372.PNG,0,kusursuz,0.22913133,0,kusursuz,dogru_kusursuz
/content/drive/MyDrive/DERİNMODEL/01_veri_seti/islenmis_veri/test/kusursuz/Class2_Test_0373.PNG,0,kusursuz,0.18181987,0,kusursuz,dogru_kusursuz
/content/drive/MyDrive/DERİNMODEL/01_veri_seti/islenmis_veri/test/kusursuz/Class2_Test_0374.PNG,0,kusursuz,0.33405396,0,kusursuz,dogru_kusursuz
/content/drive/MyDrive/DERİNMODEL/01_veri_seti/islenmis_veri/test/kusursuz/Class2_Test_0375.PNG,0,kusursuz,0.261356,0,kusursuz,dogru_kusursuz
/content/drive/MyDrive/DERİNMODEL/01_veri_seti/islenmis_veri/test/kusursuz/Class2_Test_0376.PNG,0,kusursuz,0.28161916,0,kusursuz,dogru_kusursuz
/content/drive/MyDrive/DERİNMODEL/01_veri_seti/islenmis_veri/test/kusursuz/Class2_Test_0378.PNG,0,kusursuz,0.15373248,0,kusursuz,dogru_kusursuz
/content/drive/MyDrive/DERİNMODEL/01_veri_seti/islenmis_veri/test/kusursuz/Class2_Test_0379.PNG,0,kusursuz,0.3758089,0,kusursuz,dogru_kusursuz
/content/drive/MyDrive/DERİNMODEL/01_veri_seti/islenmis_veri/test/kusursuz/Class2_Test_0380.PNG,0,kusursuz,0.4724284,0,kusursuz,dogru_kusursuz
/content/drive/MyDrive/DERİNMODEL/01_veri_seti/islenmis_veri/test/kusursuz/Class2_Test_0381.PNG,0,kusursuz,0.35852098,0,kusursuz,dogru_kusursuz
/content/drive/MyDrive/DERİNMODEL/01_veri_seti/islenmis_veri/test/kusursuz/Class2_Test_0382.PNG,0,kusursuz,0.49002302,0,kusursuz,dogru_kusursuz
/content/drive/MyDrive/DERİNMODEL/01_veri_seti/islenmis_veri/test/kusursuz/Class2_Test_0383.PNG,0,kusursuz,0.3533987,0,kusursuz,dogru_kusursuz
/content/drive/MyDrive/DERİNMODEL/01_veri_seti/islenmis_veri/test/kusursuz/Class2_Test_0384.PNG,0,kusursuz,0.1901509,0,kusursuz,dogru_kusursuz
/content/drive/MyDrive/DERİNMODEL/01_veri_seti/islenmis_veri/test/kusursuz/Class2_Test_0385.PNG,0,kusursuz,0.31107393,0,kusursuz,dogru_kusursuz
/content/drive/MyDrive/DERİNMODEL/01_veri_seti/islenmis_veri/test/kusursuz/Class2_Test_0386.PNG,0,kusursuz,0.4316691,0,kusursuz,dogru_kusursuz
/content/drive/MyDrive/DERİNMODEL/01_veri_seti/islenmis_veri/test/kusursuz/Class2_Test_0387.PNG,0,kusursuz,0.12745228,0,kusursuz,dogru_kusursuz
/content/drive/MyDrive/DERİNMODEL/01_veri_seti/islenmis_veri/test/kusursuz/Class2_Test_0388.PNG,0,kusursuz,0.4546817,0,kusursuz,dogru_kusursuz
/content/drive/MyDrive/DERİNMODEL/01_veri_seti/islenmis_veri/test/kusursuz/Class2_Test_0389.PNG,0,kusursuz,0.1854466,0,kusursuz,dogru_kusursuz
/content/drive/MyDrive/DERİNMODEL/01_veri_seti/islenmis_veri/test/kusursuz/Class2_Test_0390.PNG,0,kusursuz,0.4134271,0,kusursuz,dogru_kusursuz
/content/drive/MyDrive/DERİNMODEL/01_veri_seti/islenmis_veri/test/kusursuz/Class2_Test_0391.PNG,0,kusursuz,0.24888898,0,kusursuz,dogru_kusursuz
/content/drive/MyDrive/DERİNMODEL/01_veri_seti/islenmis_veri/test/kusursuz/Class2_Test_0392.PNG,0,kusursuz,0.25160894,0,kusursuz,dogru_kusursuz
/content/drive/MyDrive/DERİNMODEL/01_veri_seti/islenmis_veri/test/kusursuz/Class2_Test_0393.PNG,0,kusursuz,0.50387484,0,kusursuz,dogru_kusursuz
/content/drive/MyDrive/DERİNMODEL/01_veri_seti/islenmis_veri/test/kusursuz/Class2_Test_0394.PNG,0,kusursuz,0.67748386,1,kusurlu,yanlis_alarm
/content/drive/MyDrive/DERİNMODEL/01_veri_seti/islenmis_veri/test/kusursuz/Class2_Test_0395.PNG,0,kusursuz,0.37566003,0,kusursuz,dogru_kusursuz
/content/drive/MyDrive/DERİNMODEL/01_veri_seti/islenmis_veri/test/kusursuz/Class2_Test_0396.PNG,0,kusursuz,0.30629566,0,kusursuz,dogru_kusursuz
/content/drive/MyDrive/DERİNMODEL/01_veri_seti/islenmis_veri/test/kusursuz/Class2_Test_0398.PNG,0,kusursuz,0.41910338,0,kusursuz,dogru_kusursuz
/content/drive/MyDrive/DERİNMODEL/01_veri_seti/islenmis_veri/test/kusursuz/Class2_Test_0399.PNG,0,kusursuz,0.18300049,0,kusursuz,dogru_kusursuz
/content/drive/MyDrive/DERİNMODEL/01_veri_seti/islenmis_veri/test/kusursuz/Class2_Test_0400.PNG,0,kusursuz,0.38159087,0,kusursuz,dogru_kusursuz
/content/drive/MyDrive/DERİNMODEL/01_veri_seti/islenmis_veri/test/kusursuz/Class2_Test_0402.PNG,0,kusursuz,0.33470947,0,kusursuz,dogru_kusursuz
/content/drive/MyDrive/DERİNMODEL/01_veri_seti/islenmis_veri/test/kusursuz/Class2_Test_0403.PNG,0,kusursuz,0.44268462,0,kusursuz,dogru_kusursuz
/content/drive/MyDrive/DERİNMODEL/01_veri_seti/islenmis_veri/test/kusursuz/Class2_Test_0404.PNG,0,kusursuz,0.48184937,0,kusursuz,dogru_kusursuz
/content/drive/MyDrive/DERİNMODEL/01_veri_seti/islenmis_veri/test/kusursuz/Class2_Test_0405.PNG,0,kusursuz,0.20322138,0,kusursuz,dogru_kusursuz
/content/drive/MyDrive/DERİNMODEL/01_veri_seti/islenmis_veri/test/kusursuz/Class2_Test_0406.PNG,0,kusursuz,0.40308437,0,kusursuz,dogru_kusursuz
/content/drive/MyDrive/DERİNMODEL/01_veri_seti/islenmis_veri/test/kusursuz/Class2_Test_0407.PNG,0,kusursuz,0.6408671,1,kusurlu,yanlis_alarm
/content/drive/MyDrive/DERİNMODEL/01_veri_seti/islenmis_veri/test/kusursuz/Class2_Test_0408.PNG,0,kusursuz,0.19253883,0,kusursuz,dogru_kusursuz
/content/drive/MyDrive/DERİNMODEL/01_veri_seti/islenmis_veri/test/kusursuz/Class2_Test_0409.PNG,0,kusursuz,0.71293277,1,kusurlu,yanlis_alarm
/content/drive/MyDrive/DERİNMODEL/01_veri_seti/islenmis_veri/test/kusursuz/Class2_Test_0410.PNG,0,kusursuz,0.26013982,0,kusursuz,dogru_kusursuz
/content/drive/MyDrive/DERİNMODEL/01_veri_seti/islenmis_veri/test/kusursuz/Class2_Test_0412.PNG,0,kusursuz,0.40194952,0,kusursuz,dogru_kusursuz
/content/drive/MyDrive/DERİNMODEL/01_veri_seti/islenmis_veri/test/kusursuz/Class2_Test_0413.PNG,0,kusursuz,0.22668135,0,kusursuz,dogru_kusursuz
/content/drive/MyDrive/DERİNMODEL/01_veri_seti/islenmis_veri/test/kusursuz/Class2_Test_0414.PNG,0,kusursuz,0.22364435,0,kusursuz,dogru_kusursuz
/content/drive/MyDrive/DERİNMODEL/01_veri_seti/islenmis_veri/test/kusursuz/Class2_Test_0415.PNG,0,kusursuz,0.35780817,0,kusursuz,dogru_kusursuz
/content/drive/MyDrive/DERİNMODEL/01_veri_seti/islenmis_veri/test/kusursuz/Class2_Test_0416.PNG,0,kusursuz,0.31169614,0,kusursuz,dogru_kusursuz
/content/drive/MyDrive/DERİNMODEL/01_veri_seti/islenmis_veri/test/kusursuz/Class2_Test_0417.PNG,0,kusursuz,0.17238358,0,kusursuz,dogru_kusursuz
/content/drive/MyDrive/DERİNMODEL/01_veri_seti/islenmis_veri/test/kusursuz/Class2_Test_0418.PNG,0,kusursuz,0.4003803,0,kusursuz,dogru_kusursuz
/content/drive/MyDrive/DERİNMODEL/01_veri_seti/islenmis_veri/test/kusursuz/Class2_Test_0419.PNG,0,kusursuz,0.47182167,0,kusursuz,dogru_kusursuz
/content/drive/MyDrive/DERİNMODEL/01_veri_seti/islenmis_veri/test/kusursuz/Class2_Test_0420.PNG,0,kusursuz,0.38035268,0,kusursuz,dogru_kusursuz
/content/drive/MyDrive/DERİNMODEL/01_veri_seti/islenmis_veri/test/kusursuz/Class2_Test_0421.PNG,0,kusursuz,0.21831016,0,kusursuz,dogru_kusursuz
/content/drive/MyDrive/DERİNMODEL/01_veri_seti/islenmis_veri/test/kusursuz/Class2_Test_0422.PNG,0,kusursuz,0.474387,0,kusursuz,dogru_kusursuz
/content/drive/MyDrive/DERİNMODEL/01_veri_seti/islenmis_veri/test/kusursuz/Class2_Test_0424.PNG,0,kusursuz,0.5670045,0,kusursuz,dogru_kusursuz
/content/drive/MyDrive/DERİNMODEL/01_veri_seti/islenmis_veri/test/kusursuz/Class2_Test_0425.PNG,0,kusursuz,0.32929072,0,kusursuz,dogru_kusursuz
/content/drive/MyDrive/DERİNMODEL/01_veri_seti/islenmis_veri/test/kusursuz/Class2_Test_0426.PNG,0,kusursuz,0.17334539,0,kusursuz,dogru_kusursuz
/content/drive/MyDrive/DERİNMODEL/01_veri_seti/islenmis_veri/test/kusursuz/Class2_Test_0427.PNG,0,kusursuz,0.31686717,0,kusursuz,dogru_kusursuz
/content/drive/MyDrive/DERİNMODEL/01_veri_seti/islenmis_veri/test/kusursuz/Class2_Test_0430.PNG,0,kusursuz,0.38885587,0,kusursuz,dogru_kusursuz
/content/drive/MyDrive/DERİNMODEL/01_veri_seti/islenmis_veri/test/kusursuz/Class2_Test_0431.PNG,0,kusursuz,0.37834784,0,kusursuz,dogru_kusursuz
/content/drive/MyDrive/DERİNMODEL/01_veri_seti/islenmis_veri/test/kusursuz/Class2_Test_0432.PNG,0,kusursuz,0.16772358,0,kusursuz,dogru_kusursuz
/content/drive/MyDrive/DERİNMODEL/01_veri_seti/islenmis_veri/test/kusursuz/Class2_Test_0433.PNG,0,kusursuz,0.22164226,0,kusursuz,dogru_kusursuz
/content/drive/MyDrive/DERİNMODEL/01_veri_seti/islenmis_veri/test/kusursuz/Class2_Test_0434.PNG,0,kusursuz,0.37995985,0,kusursuz,dogru_kusursuz
/content/drive/MyDrive/DERİNMODEL/01_veri_seti/islenmis_veri/test/kusursuz/Class2_Test_0435.PNG,0,kusursuz,0.14120138,0,kusursuz,dogru_kusursuz
/content/drive/MyDrive/DERİNMODEL/01_veri_seti/islenmis_veri/test/kusursuz/Class2_Test_0437.PNG,0,kusursuz,0.14453715,0,kusursuz,dogru_kusursuz
/content/drive/MyDrive/DERİNMODEL/01_veri_seti/islenmis_veri/test/kusursuz/Class2_Test_0439.PNG,0,kusursuz,0.17971072,0,kusursuz,dogru_kusursuz
/content/drive/MyDrive/DERİNMODEL/01_veri_seti/islenmis_veri/test/kusursuz/Class2_Test_0440.PNG,0,kusursuz,0.2952861,0,kusursuz,dogru_kusursuz
/content/drive/MyDrive/DERİNMODEL/01_veri_seti/islenmis_veri/test/kusursuz/Class2_Test_0441.PNG,0,kusursuz,0.1680051,0,kusursuz,dogru_kusursuz
/content/drive/MyDrive/DERİNMODEL/01_veri_seti/islenmis_veri/test/kusursuz/Class2_Test_0442.PNG,0,kusursuz,0.2438897,0,kusursuz,dogru_kusursuz
/content/drive/MyDrive/DERİNMODEL/01_veri_seti/islenmis_veri/test/kusursuz/Class2_Test_0443.PNG,0,kusursuz,0.16064654,0,kusursuz,dogru_kusursuz
/content/drive/MyDrive/DERİNMODEL/01_veri_seti/islenmis_veri/test/kusursuz/Class2_Test_0444.PNG,0,kusursuz,0.27382573,0,kusursuz,dogru_kusursuz
/content/drive/MyDrive/DERİNMODEL/01_veri_seti/islenmis_veri/test/kusursuz/Class2_Test_0445.PNG,0,kusursuz,0.41882494,0,kusursuz,dogru_kusursuz
/content/drive/MyDrive/DERİNMODEL/01_veri_seti/islenmis_veri/test/kusursuz/Class2_Test_0446.PNG,0,kusursuz,0.3573984,0,kusursuz,dogru_kusursuz
/content/drive/MyDrive/DERİNMODEL/01_veri_seti/islenmis_veri/test/kusursuz/Class2_Test_0448.PNG,0,kusursuz,0.20925985,0,kusursuz,dogru_kusursuz
/content/drive/MyDrive/DERİNMODEL/01_veri_seti/islenmis_veri/test/kusursuz/Class2_Test_0450.PNG,0,kusursuz,0.45217228,0,kusursuz,dogru_kusursuz
/content/drive/MyDrive/DERİNMODEL/01_veri_seti/islenmis_veri/test/kusursuz/Class2_Test_0451.PNG,0,kusursuz,0.29604244,0,kusursuz,dogru_kusursuz
/content/drive/MyDrive/DERİNMODEL/01_veri_seti/islenmis_veri/test/kusursuz/Class2_Test_0452.PNG,0,kusursuz,0.3597849,0,kusursuz,dogru_kusursuz
/content/drive/MyDrive/DERİNMODEL/01_veri_seti/islenmis_veri/test/kusursuz/Class2_Test_0453.PNG,0,kusursuz,0.17003383,0,kusursuz,dogru_kusursuz
/content/drive/MyDrive/DERİNMODEL/01_veri_seti/islenmis_veri/test/kusursuz/Class2_Test_0454.PNG,0,kusursuz,0.13544066,0,kusursuz,dogru_kusursuz
/content/drive/MyDrive/DERİNMODEL/01_veri_seti/islenmis_veri/test/kusursuz/Class2_Test_0455.PNG,0,kusursuz,0.45453358,0,kusursuz,dogru_kusursuz
/content/drive/MyDrive/DERİNMODEL/01_veri_seti/islenmis_veri/test/kusursuz/Class2_Test_0456.PNG,0,kusursuz,0.4592171,0,kusursuz,dogru_kusursuz
/content/drive/MyDrive/DERİNMODEL/01_veri_seti/islenmis_veri/test/kusursuz/Class2_Test_0457.PNG,0,kusursuz,0.55672675,0,kusursuz,dogru_kusursuz
/content/drive/MyDrive/DERİNMODEL/01_veri_seti/islenmis_veri/test/kusursuz/Class2_Test_0459.PNG,0,kusursuz,0.6381743,1,kusurlu,yanlis_alarm
/content/drive/MyDrive/DERİNMODEL/01_veri_seti/islenmis_veri/test/kusursuz/Class2_Test_0460.PNG,0,kusursuz,0.3952323,0,kusursuz,dogru_kusursuz
/content/drive/MyDrive/DERİNMODEL/01_veri_seti/islenmis_veri/test/kusursuz/Class2_Test_0462.PNG,0,kusursuz,0.29425514,0,kusursuz,dogru_kusursuz
/content/drive/MyDrive/DERİNMODEL/01_veri_seti/islenmis_veri/test/kusursuz/Class2_Test_0463.PNG,0,kusursuz,0.4969988,0,kusursuz,dogru_kusursuz
/content/drive/MyDrive/DERİNMODEL/01_veri_seti/islenmis_veri/test/kusursuz/Class2_Test_0464.PNG,0,kusursuz,0.37283278,0,kusursuz,dogru_kusursuz
/content/drive/MyDrive/DERİNMODEL/01_veri_seti/islenmis_veri/test/kusursuz/Class2_Test_0465.PNG,0,kusursuz,0.2068422,0,kusursuz,dogru_kusursuz
/content/drive/MyDrive/DERİNMODEL/01_veri_seti/islenmis_veri/test/kusursuz/Class2_Test_0466.PNG,0,kusursuz,0.43478653,0,kusursuz,dogru_kusursuz
/content/drive/MyDrive/DERİNMODEL/01_veri_seti/islenmis_veri/test/kusursuz/Class2_Test_0469.PNG,0,kusursuz,0.2875924,0,kusursuz,dogru_kusursuz
/content/drive/MyDrive/DERİNMODEL/01_veri_seti/islenmis_veri/test/kusursuz/Class2_Test_0471.PNG,0,kusursuz,0.33876503,0,kusursuz,dogru_kusursuz
/content/drive/MyDrive/DERİNMODEL/01_veri_seti/islenmis_veri/test/kusursuz/Class2_Test_0472.PNG,0,kusursuz,0.27819765,0,kusursuz,dogru_kusursuz
/content/drive/MyDrive/DERİNMODEL/01_veri_seti/islenmis_veri/test/kusursuz/Class2_Test_0473.PNG,0,kusursuz,0.3274339,0,kusursuz,dogru_kusursuz
/content/drive/MyDrive/DERİNMODEL/01_veri_seti/islenmis_veri/test/kusursuz/Class2_Test_0474.PNG,0,kusursuz,0.1861834,0,kusursuz,dogru_kusursuz
/content/drive/MyDrive/DERİNMODEL/01_veri_seti/islenmis_veri/test/kusursuz/Class2_Test_0476.PNG,0,kusursuz,0.25908545,0,kusursuz,dogru_kusursuz
/content/drive/MyDrive/DERİNMODEL/01_veri_seti/islenmis_veri/test/kusursuz/Class2_Test_0477.PNG,0,kusursuz,0.15277095,0,kusursuz,dogru_kusursuz
/content/drive/MyDrive/DERİNMODEL/01_veri_seti/islenmis_veri/test/kusursuz/Class2_Test_0478.PNG,0,kusursuz,0.18680482,0,kusursuz,dogru_kusursuz
/content/drive/MyDrive/DERİNMODEL/01_veri_seti/islenmis_veri/test/kusursuz/Class2_Test_0479.PNG,0,kusursuz,0.27691638,0,kusursuz,dogru_kusursuz
/content/drive/MyDrive/DERİNMODEL/01_veri_seti/islenmis_veri/test/kusursuz/Class2_Test_0480.PNG,0,kusursuz,0.14788117,0,kusursuz,dogru_kusursuz
/content/drive/MyDrive/DERİNMODEL/01_veri_seti/islenmis_veri/test/kusursuz/Class2_Test_0481.PNG,0,kusursuz,0.44016156,0,kusursuz,dogru_kusursuz
/content/drive/MyDrive/DERİNMODEL/01_veri_seti/islenmis_veri/test/kusursuz/Class2_Test_0482.PNG,0,kusursuz,0.1272862,0,kusursuz,dogru_kusursuz
/content/drive/MyDrive/DERİNMODEL/01_veri_seti/islenmis_veri/test/kusursuz/Class2_Test_0484.PNG,0,kusursuz,0.4967731,0,kusursuz,dogru_kusursuz
/content/drive/MyDrive/DERİNMODEL/01_veri_seti/islenmis_veri/test/kusursuz/Class2_Test_0485.PNG,0,kusursuz,0.27184808,0,kusursuz,dogru_kusursuz
/content/drive/MyDrive/DERİNMODEL/01_veri_seti/islenmis_veri/test/kusursuz/Class2_Test_0486.PNG,0,kusursuz,0.4769634,0,kusursuz,dogru_kusursuz
/content/drive/MyDrive/DERİNMODEL/01_veri_seti/islenmis_veri/test/kusursuz/Class2_Test_0487.PNG,0,kusursuz,0.26518825,0,kusursuz,dogru_kusursuz
/content/drive/MyDrive/DERİNMODEL/01_veri_seti/islenmis_veri/test/kusursuz/Class2_Test_0489.PNG,0,kusursuz,0.22732876,0,kusursuz,dogru_kusursuz
/content/drive/MyDrive/DERİNMODEL/01_veri_seti/islenmis_veri/test/kusursuz/Class2_Test_0491.PNG,0,kusursuz,0.32434905,0,kusursuz,dogru_kusursuz
/content/drive/MyDrive/DERİNMODEL/01_veri_seti/islenmis_veri/test/kusursuz/Class2_Test_0492.PNG,0,kusursuz,0.13983497,0,kusursuz,dogru_kusursuz
/content/drive/MyDrive/DERİNMODEL/01_veri_seti/islenmis_veri/test/kusursuz/Class2_Test_0493.PNG,0,kusursuz,0.5024504,0,kusursuz,dogru_kusursuz
/content/drive/MyDrive/DERİNMODEL/01_veri_seti/islenmis_veri/test/kusursuz/Class2_Test_0494.PNG,0,kusursuz,0.2344353,0,kusursuz,dogru_kusursuz
/content/drive/MyDrive/DERİNMODEL/01_veri_seti/islenmis_veri/test/kusursuz/Class2_Test_0495.PNG,0,kusursuz,0.42417294,0,kusursuz,dogru_kusursuz
/content/drive/MyDrive/DERİNMODEL/01_veri_seti/islenmis_veri/test/kusursuz/Class2_Test_0496.PNG,0,kusursuz,0.450357,0,kusursuz,dogru_kusursuz
/content/drive/MyDrive/DERİNMODEL/01_veri_seti/islenmis_veri/test/kusursuz/Class2_Test_0497.PNG,0,kusursuz,0.14382917,0,kusursuz,dogru_kusursuz
/content/drive/MyDrive/DERİNMODEL/01_veri_seti/islenmis_veri/test/kusursuz/Class2_Test_0498.PNG,0,kusursuz,0.4350889,0,kusursuz,dogru_kusursuz
/content/drive/MyDrive/DERİNMODEL/01_veri_seti/islenmis_veri/test/kusursuz/Class2_Test_0499.PNG,0,kusursuz,0.16250762,0,kusursuz,dogru_kusursuz
/content/drive/MyDrive/DERİNMODEL/01_veri_seti/islenmis_veri/test/kusursuz/Class2_Test_0500.PNG,0,kusursuz,0.29136825,0,kusursuz,dogru_kusursuz
/content/drive/MyDrive/DERİNMODEL/01_veri_seti/islenmis_veri/test/kusursuz/Class2_Test_0501.PNG,0,kusursuz,0.27918983,0,kusursuz,dogru_kusursuz
/content/drive/MyDrive/DERİNMODEL/01_veri_seti/islenmis_veri/test/kusursuz/Class2_Test_0502.PNG,0,kusursuz,0.52476764,0,kusursuz,dogru_kusursuz
/content/drive/MyDrive/DERİNMODEL/01_veri_seti/islenmis_veri/test/kusursuz/Class2_Test_0504.PNG,0,kusursuz,0.18200955,0,kusursuz,dogru_kusursuz
/content/drive/MyDrive/DERİNMODEL/01_veri_seti/islenmis_veri/test/kusursuz/Class2_Test_0505.PNG,0,kusursuz,0.23301202,0,kusursuz,dogru_kusursuz
/content/drive/MyDrive/DERİNMODEL/01_veri_seti/islenmis_veri/test/kusursuz/Class2_Test_0506.PNG,0,kusursuz,0.35092223,0,kusursuz,dogru_kusursuz
/content/drive/MyDrive/DERİNMODEL/01_veri_seti/islenmis_veri/test/kusursuz/Class2_Test_0507.PNG,0,kusursuz,0.46006402,0,kusursuz,dogru_kusursuz
/content/drive/MyDrive/DERİNMODEL/01_veri_seti/islenmis_veri/test/kusursuz/Class2_Test_0508.PNG,0,kusursuz,0.43364447,0,kusursuz,dogru_kusursuz
/content/drive/MyDrive/DERİNMODEL/01_veri_seti/islenmis_veri/test/kusursuz/Class2_Test_0509.PNG,0,kusursuz,0.20641415,0,kusursuz,dogru_kusursuz
/content/drive/MyDrive/DERİNMODEL/01_veri_seti/islenmis_veri/test/kusursuz/Class2_Test_0510.PNG,0,kusursuz,0.25788233,0,kusursuz,dogru_kusursuz
/content/drive/MyDrive/DERİNMODEL/01_veri_seti/islenmis_veri/test/kusursuz/Class2_Test_0511.PNG,0,kusursuz,0.14435808,0,kusursuz,dogru_kusursuz
/content/drive/MyDrive/DERİNMODEL/01_veri_seti/islenmis_veri/test/kusursuz/Class2_Test_0512.PNG,0,kusursuz,0.15613493,0,kusursuz,dogru_kusursuz
/content/drive/MyDrive/DERİNMODEL/01_veri_seti/islenmis_veri/test/kusursuz/Class2_Test_0513.PNG,0,kusursuz,0.42893904,0,kusursuz,dogru_kusursuz
/content/drive/MyDrive/DERİNMODEL/01_veri_seti/islenmis_veri/test/kusursuz/Class2_Test_0516.PNG,0,kusursuz,0.1945517,0,kusursuz,dogru_kusursuz
/content/drive/MyDrive/DERİNMODEL/01_veri_seti/islenmis_veri/test/kusursuz/Class2_Test_0517.PNG,0,kusursuz,0.20795523,0,kusursuz,dogru_kusursuz
/content/drive/MyDrive/DERİNMODEL/01_veri_seti/islenmis_veri/test/kusursuz/Class2_Test_0518.PNG,0,kusursuz,0.20413542,0,kusursuz,dogru_kusursuz
/content/drive/MyDrive/DERİNMODEL/01_veri_seti/islenmis_veri/test/kusursuz/Class2_Test_0520.PNG,0,kusursuz,0.5676695,0,kusursuz,dogru_kusursuz
/content/drive/MyDrive/DERİNMODEL/01_veri_seti/islenmis_veri/test/kusursuz/Class2_Test_0521.PNG,0,kusursuz,0.35264862,0,kusursuz,dogru_kusursuz
/content/drive/MyDrive/DERİNMODEL/01_veri_seti/islenmis_veri/test/kusursuz/Class2_Test_0522.PNG,0,kusursuz,0.2012494,0,kusursuz,dogru_kusursuz
/content/drive/MyDrive/DERİNMODEL/01_veri_seti/islenmis_veri/test/kusursuz/Class2_Test_0523.PNG,0,kusursuz,0.45684996,0,kusursuz,dogru_kusursuz
/content/drive/MyDrive/DERİNMODEL/01_veri_seti/islenmis_veri/test/kusursuz/Class2_Test_0524.PNG,0,kusursuz,0.20149636,0,kusursuz,dogru_kusursuz
/content/drive/MyDrive/DERİNMODEL/01_veri_seti/islenmis_veri/test/kusursuz/Class2_Test_0525.PNG,0,kusursuz,0.17558402,0,kusursuz,dogru_kusursuz
/content/drive/MyDrive/DERİNMODEL/01_veri_seti/islenmis_veri/test/kusursuz/Class2_Test_0526.PNG,0,kusursuz,0.45940518,0,kusursuz,dogru_kusursuz
/content/drive/MyDrive/DERİNMODEL/01_veri_seti/islenmis_veri/test/kusursuz/Class2_Test_0527.PNG,0,kusursuz,0.21445483,0,kusursuz,dogru_kusursuz
/content/drive/MyDrive/DERİNMODEL/01_veri_seti/islenmis_veri/test/kusursuz/Class2_Test_0528.PNG,0,kusursuz,0.17282535,0,kusursuz,dogru_kusursuz
/content/drive/MyDrive/DERİNMODEL/01_veri_seti/islenmis_veri/test/kusursuz/Class2_Test_0530.PNG,0,kusursuz,0.2328588,0,kusursuz,dogru_kusursuz
/content/drive/MyDrive/DERİNMODEL/01_veri_seti/islenmis_veri/test/kusursuz/Class2_Test_0531.PNG,0,kusursuz,0.14668064,0,kusursuz,dogru_kusursuz
/content/drive/MyDrive/DERİNMODEL/01_veri_seti/islenmis_veri/test/kusursuz/Class2_Test_0532.PNG,0,kusursuz,0.31543,0,kusursuz,dogru_kusursuz
/content/drive/MyDrive/DERİNMODEL/01_veri_seti/islenmis_veri/test/kusursuz/Class2_Test_0533.PNG,0,kusursuz,0.29881,0,kusursuz,dogru_kusursuz
/content/drive/MyDrive/DERİNMODEL/01_veri_seti/islenmis_veri/test/kusursuz/Class2_Test_0534.PNG,0,kusursuz,0.40492946,0,kusursuz,dogru_kusursuz
/content/drive/MyDrive/DERİNMODEL/01_veri_seti/islenmis_veri/test/kusursuz/Class2_Test_0535.PNG,0,kusursuz,0.40145236,0,kusursuz,dogru_kusursuz
/content/drive/MyDrive/DERİNMODEL/01_veri_seti/islenmis_veri/test/kusursuz/Class2_Test_0536.PNG,0,kusursuz,0.4456781,0,kusursuz,dogru_kusursuz
/content/drive/MyDrive/DERİNMODEL/01_veri_seti/islenmis_veri/test/kusursuz/Class2_Test_0537.PNG,0,kusursuz,0.1840447,0,kusursuz,dogru_kusursuz
/content/drive/MyDrive/DERİNMODEL/01_veri_seti/islenmis_veri/test/kusursuz/Class2_Test_0539.PNG,0,kusursuz,0.2133099,0,kusursuz,dogru_kusursuz
/content/drive/MyDrive/DERİNMODEL/01_veri_seti/islenmis_veri/test/kusursuz/Class2_Test_0540.PNG,0,kusursuz,0.2108564,0,kusursuz,dogru_kusursuz
/content/drive/MyDrive/DERİNMODEL/01_veri_seti/islenmis_veri/test/kusursuz/Class2_Test_0541.PNG,0,kusursuz,0.3146877,0,kusursuz,dogru_kusursuz
/content/drive/MyDrive/DERİNMODEL/01_veri_seti/islenmis_veri/test/kusursuz/Class2_Test_0542.PNG,0,kusursuz,0.20035057,0,kusursuz,dogru_kusursuz
/content/drive/MyDrive/DERİNMODEL/01_veri_seti/islenmis_veri/test/kusursuz/Class2_Test_0543.PNG,0,kusursuz,0.31515723,0,kusursuz,dogru_kusursuz
/content/drive/MyDrive/DERİNMODEL/01_veri_seti/islenmis_veri/test/kusursuz/Class2_Test_0544.PNG,0,kusursuz,0.20187385,0,kusursuz,dogru_kusursuz
/content/drive/MyDrive/DERİNMODEL/01_veri_seti/islenmis_veri/test/kusursuz/Class2_Test_0545.PNG,0,kusursuz,0.49144033,0,kusursuz,dogru_kusursuz
/content/drive/MyDrive/DERİNMODEL/01_veri_seti/islenmis_veri/test/kusursuz/Class2_Test_0546.PNG,0,kusursuz,0.4528691,0,kusursuz,dogru_kusursuz
/content/drive/MyDrive/DERİNMODEL/01_veri_seti/islenmis_veri/test/kusursuz/Class2_Test_0547.PNG,0,kusursuz,0.43181175,0,kusursuz,dogru_kusursuz
/content/drive/MyDrive/DERİNMODEL/01_veri_seti/islenmis_veri/test/kusursuz/Class2_Test_0548.PNG,0,kusursuz,0.20001085,0,kusursuz,dogru_kusursuz
/content/drive/MyDrive/DERİNMODEL/01_veri_seti/islenmis_veri/test/kusursuz/Class2_Test_0549.PNG,0,kusursuz,0.31654745,0,kusursuz,dogru_kusursuz
/content/drive/MyDrive/DERİNMODEL/01_veri_seti/islenmis_veri/test/kusursuz/Class2_Test_0550.PNG,0,kusursuz,0.17847683,0,kusursuz,dogru_kusursuz
/content/drive/MyDrive/DERİNMODEL/01_veri_seti/islenmis_veri/test/kusursuz/Class2_Test_0551.PNG,0,kusursuz,0.43513164,0,kusursuz,dogru_kusursuz
/content/drive/MyDrive/DERİNMODEL/01_veri_seti/islenmis_veri/test/kusursuz/Class2_Test_0552.PNG,0,kusursuz,0.3568139,0,kusursuz,dogru_kusursuz
/content/drive/MyDrive/DERİNMODEL/01_veri_seti/islenmis_veri/test/kusursuz/Class2_Test_0553.PNG,0,kusursuz,0.24210654,0,kusursuz,dogru_kusursuz
/content/drive/MyDrive/DERİNMODEL/01_veri_seti/islenmis_veri/test/kusursuz/Class2_Test_0554.PNG,0,kusursuz,0.15513365,0,kusursuz,dogru_kusursuz
/content/drive/MyDrive/DERİNMODEL/01_veri_seti/islenmis_veri/test/kusursuz/Class2_Test_0555.PNG,0,kusursuz,0.46592838,0,kusursuz,dogru_kusursuz
/content/drive/MyDrive/DERİNMODEL/01_veri_seti/islenmis_veri/test/kusursuz/Class2_Test_0556.PNG,0,kusursuz,0.30781326,0,kusursuz,dogru_kusursuz
/content/drive/MyDrive/DERİNMODEL/01_veri_seti/islenmis_veri/test/kusursuz/Class2_Test_0557.PNG,0,kusursuz,0.43109232,0,kusursuz,dogru_kusursuz
/content/drive/MyDrive/DERİNMODEL/01_veri_seti/islenmis_veri/test/kusursuz/Class2_Test_0558.PNG,0,kusursuz,0.27293897,0,kusursuz,dogru_kusursuz
/content/drive/MyDrive/DERİNMODEL/01_veri_seti/islenmis_veri/test/kusursuz/Class2_Test_0559.PNG,0,kusursuz,0.5080749,0,kusursuz,dogru_kusursuz
/content/drive/MyDrive/DERİNMODEL/01_veri_seti/islenmis_veri/test/kusursuz/Class2_Test_0560.PNG,0,kusursuz,0.21706983,0,kusursuz,dogru_kusursuz
/content/drive/MyDrive/DERİNMODEL/01_veri_seti/islenmis_veri/test/kusursuz/Class2_Test_0561.PNG,0,kusursuz,0.20185687,0,kusursuz,dogru_kusursuz
/content/drive/MyDrive/DERİNMODEL/01_veri_seti/islenmis_veri/test/kusursuz/Class2_Test_0562.PNG,0,kusursuz,0.14989486,0,kusursuz,dogru_kusursuz
/content/drive/MyDrive/DERİNMODEL/01_veri_seti/islenmis_veri/test/kusursuz/Class2_Test_0563.PNG,0,kusursuz,0.15522462,0,kusursuz,dogru_kusursuz
/content/drive/MyDrive/DERİNMODEL/01_veri_seti/islenmis_veri/test/kusursuz/Class2_Test_0564.PNG,0,kusursuz,0.31103018,0,kusursuz,dogru_kusursuz
/content/drive/MyDrive/DERİNMODEL/01_veri_seti/islenmis_veri/test/kusursuz/Class2_Test_0565.PNG,0,kusursuz,0.18774453,0,kusursuz,dogru_kusursuz
/content/drive/MyDrive/DERİNMODEL/01_veri_seti/islenmis_veri/test/kusursuz/Class2_Test_0566.PNG,0,kusursuz,0.45016563,0,kusursuz,dogru_kusursuz
/content/drive/MyDrive/DERİNMODEL/01_veri_seti/islenmis_veri/test/kusursuz/Class2_Test_0567.PNG,0,kusursuz,0.17346755,0,kusursuz,dogru_kusursuz
/content/drive/MyDrive/DERİNMODEL/01_veri_seti/islenmis_veri/test/kusursuz/Class2_Test_0568.PNG,0,kusursuz,0.3812664,0,kusursuz,dogru_kusursuz
/content/drive/MyDrive/DERİNMODEL/01_veri_seti/islenmis_veri/test/kusursuz/Class2_Test_0569.PNG,0,kusursuz,0.39934376,0,kusursuz,dogru_kusursuz
/content/drive/MyDrive/DERİNMODEL/01_veri_seti/islenmis_veri/test/kusursuz/Class2_Test_0570.PNG,0,kusursuz,0.35383025,0,kusursuz,dogru_kusursuz
/content/drive/MyDrive/DERİNMODEL/01_veri_seti/islenmis_veri/test/kusursuz/Class2_Test_0571.PNG,0,kusursuz,0.20327331,0,kusursuz,dogru_kusursuz
/content/drive/MyDrive/DERİNMODEL/01_veri_seti/islenmis_veri/test/kusursuz/Class2_Test_0572.PNG,0,kusursuz,0.45320407,0,kusursuz,dogru_kusursuz
/content/drive/MyDrive/DERİNMODEL/01_veri_seti/islenmis_veri/test/kusursuz/Class2_Test_0573.PNG,0,kusursuz,0.37426442,0,kusursuz,dogru_kusursuz
/content/drive/MyDrive/DERİNMODEL/01_veri_seti/islenmis_veri/test/kusursuz/Class3_Test_0001.PNG,0,kusursuz,0.34591913,0,kusursuz,dogru_kusursuz
/content/drive/MyDrive/DERİNMODEL/01_veri_seti/islenmis_veri/test/kusursuz/Class3_Test_0002.PNG,0,kusursuz,0.5215862,0,kusursuz,dogru_kusursuz
/content/drive/MyDrive/DERİNMODEL/01_veri_seti/islenmis_veri/test/kusursuz/Class3_Test_0003.PNG,0,kusursuz,0.365865,0,kusursuz,dogru_kusursuz
/content/drive/MyDrive/DERİNMODEL/01_veri_seti/islenmis_veri/test/kusursuz/Class3_Test_0004.PNG,0,kusursuz,0.4308238,0,kusursuz,dogru_kusursuz
/content/drive/MyDrive/DERİNMODEL/01_veri_seti/islenmis_veri/test/kusursuz/Class3_Test_0005.PNG,0,kusursuz,0.3785621,0,kusursuz,dogru_kusursuz
/content/drive/MyDrive/DERİNMODEL/01_veri_seti/islenmis_veri/test/kusursuz/Class3_Test_0006.PNG,0,kusursuz,0.4436398,0,kusursuz,dogru_kusursuz
/content/drive/MyDrive/DERİNMODEL/01_veri_seti/islenmis_veri/test/kusursuz/Class3_Test_0008.PNG,0,kusursuz,0.29212433,0,kusursuz,dogru_kusursuz
/content/drive/MyDrive/DERİNMODEL/01_veri_seti/islenmis_veri/test/kusursuz/Class3_Test_0009.PNG,0,kusursuz,0.36992913,0,kusursuz,dogru_kusursuz
/content/drive/MyDrive/DERİNMODEL/01_veri_seti/islenmis_veri/test/kusursuz/Class3_Test_0010.PNG,0,kusursuz,0.3162628,0,kusursuz,dogru_kusursuz
/content/drive/MyDrive/DERİNMODEL/01_veri_seti/islenmis_veri/test/kusursuz/Class3_Test_0011.PNG,0,kusursuz,0.4291723,0,kusursuz,dogru_kusursuz
/content/drive/MyDrive/DERİNMODEL/01_veri_seti/islenmis_veri/test/kusursuz/Class3_Test_0012.PNG,0,kusursuz,0.3471594,0,kusursuz,dogru_kusursuz
/content/drive/MyDrive/DERİNMODEL/01_veri_seti/islenmis_veri/test/kusursuz/Class3_Test_0013.PNG,0,kusursuz,0.556457,0,kusursuz,dogru_kusursuz
/content/drive/MyDrive/DERİNMODEL/01_veri_seti/islenmis_veri/test/kusursuz/Class3_Test_0014.PNG,0,kusursuz,0.47440943,0,kusursuz,dogru_kusursuz
/content/drive/MyDrive/DERİNMODEL/01_veri_seti/islenmis_veri/test/kusursuz/Class3_Test_0015.PNG,0,kusursuz,0.3538372,0,kusursuz,dogru_kusursuz
/content/drive/MyDrive/DERİNMODEL/01_veri_seti/islenmis_veri/test/kusursuz/Class3_Test_0016.PNG,0,kusursuz,0.4294777,0,kusursuz,dogru_kusursuz
/content/drive/MyDrive/DERİNMODEL/01_veri_seti/islenmis_veri/test/kusursuz/Class3_Test_0017.PNG,0,kusursuz,0.43948278,0,kusursuz,dogru_kusursuz
/content/drive/MyDrive/DERİNMODEL/01_veri_seti/islenmis_veri/test/kusursuz/Class3_Test_0018.PNG,0,kusursuz,0.38930032,0,kusursuz,dogru_kusursuz
/content/drive/MyDrive/DERİNMODEL/01_veri_seti/islenmis_veri/test/kusursuz/Class3_Test_0019.PNG,0,kusursuz,0.4278141,0,kusursuz,dogru_kusursuz
/content/drive/MyDrive/DERİNMODEL/01_veri_seti/islenmis_veri/test/kusursuz/Class3_Test_0020.PNG,0,kusursuz,0.3782265,0,kusursuz,dogru_kusursuz
/content/drive/MyDrive/DERİNMODEL/01_veri_seti/islenmis_veri/test/kusursuz/Class3_Test_0021.PNG,0,kusursuz,0.41353962,0,kusursuz,dogru_kusursuz
/content/drive/MyDrive/DERİNMODEL/01_veri_seti/islenmis_veri/test/kusursuz/Class3_Test_0022.PNG,0,kusursuz,0.40071976,0,kusursuz,dogru_kusursuz
/content/drive/MyDrive/DERİNMODEL/01_veri_seti/islenmis_veri/test/kusursuz/Class3_Test_0023.PNG,0,kusursuz,0.28338066,0,kusursuz,dogru_kusursuz
/content/drive/MyDrive/DERİNMODEL/01_veri_seti/islenmis_veri/test/kusursuz/Class3_Test_0024.PNG,0,kusursuz,0.24785729,0,kusursuz,dogru_kusursuz
/content/drive/MyDrive/DERİNMODEL/01_veri_seti/islenmis_veri/test/kusursuz/Class3_Test_0025.PNG,0,kusursuz,0.4082805,0,kusursuz,dogru_kusursuz
/content/drive/MyDrive/DERİNMODEL/01_veri_seti/islenmis_veri/test/kusursuz/Class3_Test_0026.PNG,0,kusursuz,0.39242342,0,kusursuz,dogru_kusursuz
/content/drive/MyDrive/DERİNMODEL/01_veri_seti/islenmis_veri/test/kusursuz/Class3_Test_0027.PNG,0,kusursuz,0.4231257,0,kusursuz,dogru_kusursuz
/content/drive/MyDrive/DERİNMODEL/01_veri_seti/islenmis_veri/test/kusursuz/Class3_Test_0028.PNG,0,kusursuz,0.42747262,0,kusursuz,dogru_kusursuz
/content/drive/MyDrive/DERİNMODEL/01_veri_seti/islenmis_veri/test/kusursuz/Class3_Test_0029.PNG,0,kusursuz,0.33630657,0,kusursuz,dogru_kusursuz
/content/drive/MyDrive/DERİNMODEL/01_veri_seti/islenmis_veri/test/kusursuz/Class3_Test_0030.PNG,0,kusursuz,0.41026583,0,kusursuz,dogru_kusursuz
/content/drive/MyDrive/DERİNMODEL/01_veri_seti/islenmis_veri/test/kusursuz/Class3_Test_0031.PNG,0,kusursuz,0.3350254,0,kusursuz,dogru_kusursuz
/content/drive/MyDrive/DERİNMODEL/01_veri_seti/islenmis_veri/test/kusursuz/Class3_Test_0032.PNG,0,kusursuz,0.23975748,0,kusursuz,dogru_kusursuz
/content/drive/MyDrive/DERİNMODEL/01_veri_seti/islenmis_veri/test/kusursuz/Class3_Test_0033.PNG,0,kusursuz,0.4061281,0,kusursuz,dogru_kusursuz
/content/drive/MyDrive/DERİNMODEL/01_veri_seti/islenmis_veri/test/kusursuz/Class3_Test_0035.PNG,0,kusursuz,0.2867646,0,kusursuz,dogru_kusursuz
/content/drive/MyDrive/DERİNMODEL/01_veri_seti/islenmis_veri/test/kusursuz/Class3_Test_0036.PNG,0,kusursuz,0.31226858,0,kusursuz,dogru_kusursuz
/content/drive/MyDrive/DERİNMODEL/01_veri_seti/islenmis_veri/test/kusursuz/Class3_Test_0037.PNG,0,kusursuz,0.3907658,0,kusursuz,dogru_kusursuz
/content/drive/MyDrive/DERİNMODEL/01_veri_seti/islenmis_veri/test/kusursuz/Class3_Test_0038.PNG,0,kusursuz,0.37972298,0,kusursuz,dogru_kusursuz
/content/drive/MyDrive/DERİNMODEL/01_veri_seti/islenmis_veri/test/kusursuz/Class3_Test_0039.PNG,0,kusursuz,0.33357576,0,kusursuz,dogru_kusursuz
/content/drive/MyDrive/DERİNMODEL/01_veri_seti/islenmis_veri/test/kusursuz/Class3_Test_0040.PNG,0,kusursuz,0.42412496,0,kusursuz,dogru_kusursuz
/content/drive/MyDrive/DERİNMODEL/01_veri_seti/islenmis_veri/test/kusursuz/Class3_Test_0041.PNG,0,kusursuz,0.36387545,0,kusursuz,dogru_kusursuz
/content/drive/MyDrive/DERİNMODEL/01_veri_seti/islenmis_veri/test/kusursuz/Class3_Test_0042.PNG,0,kusursuz,0.37878966,0,kusursuz,dogru_kusursuz
/content/drive/MyDrive/DERİNMODEL/01_veri_seti/islenmis_veri/test/kusursuz/Class3_Test_0043.PNG,0,kusursuz,0.29421443,0,kusursuz,dogru_kusursuz
/content/drive/MyDrive/DERİNMODEL/01_veri_seti/islenmis_veri/test/kusursuz/Class3_Test_0044.PNG,0,kusursuz,0.34793618,0,kusursuz,dogru_kusursuz
/content/drive/MyDrive/DERİNMODEL/01_veri_seti/islenmis_veri/test/kusursuz/Class3_Test_0045.PNG,0,kusursuz,0.44120854,0,kusursuz,dogru_kusursuz
/content/drive/MyDrive/DERİNMODEL/01_veri_seti/islenmis_veri/test/kusursuz/Class3_Test_0046.PNG,0,kusursuz,0.458285,0,kusursuz,dogru_kusursuz
/content/drive/MyDrive/DERİNMODEL/01_veri_seti/islenmis_veri/test/kusursuz/Class3_Test_0047.PNG,0,kusursuz,0.4830251,0,kusursuz,dogru_kusursuz
/content/drive/MyDrive/DERİNMODEL/01_veri_seti/islenmis_veri/test/kusursuz/Class3_Test_0048.PNG,0,kusursuz,0.3167215,0,kusursuz,dogru_kusursuz
/content/drive/MyDrive/DERİNMODEL/01_veri_seti/islenmis_veri/test/kusursuz/Class3_Test_0049.PNG,0,kusursuz,0.43173102,0,kusursuz,dogru_kusursuz
/content/drive/MyDrive/DERİNMODEL/01_veri_seti/islenmis_veri/test/kusursuz/Class3_Test_0050.PNG,0,kusursuz,0.34439334,0,kusursuz,dogru_kusursuz
/content/drive/MyDrive/DERİNMODEL/01_veri_seti/islenmis_veri/test/kusursuz/Class3_Test_0051.PNG,0,kusursuz,0.27740094,0,kusursuz,dogru_kusursuz
/content/drive/MyDrive/DERİNMODEL/01_veri_seti/islenmis_veri/test/kusursuz/Class3_Test_0052.PNG,0,kusursuz,0.40651193,0,kusursuz,dogru_kusursuz
/content/drive/MyDrive/DERİNMODEL/01_veri_seti/islenmis_veri/test/kusursuz/Class3_Test_0053.PNG,0,kusursuz,0.34277752,0,kusursuz,dogru_kusursuz
/content/drive/MyDrive/DERİNMODEL/01_veri_seti/islenmis_veri/test/kusursuz/Class3_Test_0054.PNG,0,kusursuz,0.27668324,0,kusursuz,dogru_kusursuz
/content/drive/MyDrive/DERİNMODEL/01_veri_seti/islenmis_veri/test/kusursuz/Class3_Test_0055.PNG,0,kusursuz,0.46049958,0,kusursuz,dogru_kusursuz
/content/drive/MyDrive/DERİNMODEL/01_veri_seti/islenmis_veri/test/kusursuz/Class3_Test_0056.PNG,0,kusursuz,0.36271816,0,kusursuz,dogru_kusursuz
/content/drive/MyDrive/DERİNMODEL/01_veri_seti/islenmis_veri/test/kusursuz/Class3_Test_0057.PNG,0,kusursuz,0.3040683,0,kusursuz,dogru_kusursuz
/content/drive/MyDrive/DERİNMODEL/01_veri_seti/islenmis_veri/test/kusursuz/Class3_Test_0058.PNG,0,kusursuz,0.32549113,0,kusursuz,dogru_kusursuz
/content/drive/MyDrive/DERİNMODEL/01_veri_seti/islenmis_veri/test/kusursuz/Class3_Test_0059.PNG,0,kusursuz,0.40773237,0,kusursuz,dogru_kusursuz
/content/drive/MyDrive/DERİNMODEL/01_veri_seti/islenmis_veri/test/kusursuz/Class3_Test_0061.PNG,0,kusursuz,0.46154216,0,kusursuz,dogru_kusursuz
/content/drive/MyDrive/DERİNMODEL/01_veri_seti/islenmis_veri/test/kusursuz/Class3_Test_0062.PNG,0,kusursuz,0.39610475,0,kusursuz,dogru_kusursuz
/content/drive/MyDrive/DERİNMODEL/01_veri_seti/islenmis_veri/test/kusursuz/Class3_Test_0063.PNG,0,kusursuz,0.26983345,0,kusursuz,dogru_kusursuz
/content/drive/MyDrive/DERİNMODEL/01_veri_seti/islenmis_veri/test/kusursuz/Class3_Test_0065.PNG,0,kusursuz,0.45345563,0,kusursuz,dogru_kusursuz
/content/drive/MyDrive/DERİNMODEL/01_veri_seti/islenmis_veri/test/kusursuz/Class3_Test_0066.PNG,0,kusursuz,0.38897765,0,kusursuz,dogru_kusursuz
/content/drive/MyDrive/DERİNMODEL/01_veri_seti/islenmis_veri/test/kusursuz/Class3_Test_0067.PNG,0,kusursuz,0.30740422,0,kusursuz,dogru_kusursuz
/content/drive/MyDrive/DERİNMODEL/01_veri_seti/islenmis_veri/test/kusursuz/Class3_Test_0069.PNG,0,kusursuz,0.42026407,0,kusursuz,dogru_kusursuz
/content/drive/MyDrive/DERİNMODEL/01_veri_seti/islenmis_veri/test/kusursuz/Class3_Test_0070.PNG,0,kusursuz,0.33714464,0,kusursuz,dogru_kusursuz
/content/drive/MyDrive/DERİNMODEL/01_veri_seti/islenmis_veri/test/kusursuz/Class3_Test_0071.PNG,0,kusursuz,0.43300113,0,kusursuz,dogru_kusursuz
/content/drive/MyDrive/DERİNMODEL/01_veri_seti/islenmis_veri/test/kusursuz/Class3_Test_0072.PNG,0,kusursuz,0.29643214,0,kusursuz,dogru_kusursuz
/content/drive/MyDrive/DERİNMODEL/01_veri_seti/islenmis_veri/test/kusursuz/Class3_Test_0073.PNG,0,kusursuz,0.29711813,0,kusursuz,dogru_kusursuz
/content/drive/MyDrive/DERİNMODEL/01_veri_seti/islenmis_veri/test/kusursuz/Class3_Test_0074.PNG,0,kusursuz,0.36434525,0,kusursuz,dogru_kusursuz
/content/drive/MyDrive/DERİNMODEL/01_veri_seti/islenmis_veri/test/kusursuz/Class3_Test_0075.PNG,0,kusursuz,0.4694612,0,kusursuz,dogru_kusursuz
/content/drive/MyDrive/DERİNMODEL/01_veri_seti/islenmis_veri/test/kusursuz/Class3_Test_0076.PNG,0,kusursuz,0.34451658,0,kusursuz,dogru_kusursuz
/content/drive/MyDrive/DERİNMODEL/01_veri_seti/islenmis_veri/test/kusursuz/Class3_Test_0077.PNG,0,kusursuz,0.37559626,0,kusursuz,dogru_kusursuz
/content/drive/MyDrive/DERİNMODEL/01_veri_seti/islenmis_veri/test/kusursuz/Class3_Test_0078.PNG,0,kusursuz,0.44913772,0,kusursuz,dogru_kusursuz
/content/drive/MyDrive/DERİNMODEL/01_veri_seti/islenmis_veri/test/kusursuz/Class3_Test_0079.PNG,0,kusursuz,0.4531207,0,kusursuz,dogru_kusursuz
/content/drive/MyDrive/DERİNMODEL/01_veri_seti/islenmis_veri/test/kusursuz/Class3_Test_0080.PNG,0,kusursuz,0.37414894,0,kusursuz,dogru_kusursuz
/content/drive/MyDrive/DERİNMODEL/01_veri_seti/islenmis_veri/test/kusursuz/Class3_Test_0081.PNG,0,kusursuz,0.41209415,0,kusursuz,dogru_kusursuz
/content/drive/MyDrive/DERİNMODEL/01_veri_seti/islenmis_veri/test/kusursuz/Class3_Test_0082.PNG,0,kusursuz,0.33298334,0,kusursuz,dogru_kusursuz
/content/drive/MyDrive/DERİNMODEL/01_veri_seti/islenmis_veri/test/kusursuz/Class3_Test_0083.PNG,0,kusursuz,0.3724542,0,kusursuz,dogru_kusursuz
/content/drive/MyDrive/DERİNMODEL/01_veri_seti/islenmis_veri/test/kusursuz/Class3_Test_0084.PNG,0,kusursuz,0.34367758,0,kusursuz,dogru_kusursuz
/content/drive/MyDrive/DERİNMODEL/01_veri_seti/islenmis_veri/test/kusursuz/Class3_Test_0085.PNG,0,kusursuz,0.31657422,0,kusursuz,dogru_kusursuz
/content/drive/MyDrive/DERİNMODEL/01_veri_seti/islenmis_veri/test/kusursuz/Class3_Test_0086.PNG,0,kusursuz,0.47828108,0,kusursuz,dogru_kusursuz
/content/drive/MyDrive/DERİNMODEL/01_veri_seti/islenmis_veri/test/kusursuz/Class3_Test_0087.PNG,0,kusursuz,0.4719589,0,kusursuz,dogru_kusursuz
/content/drive/MyDrive/DERİNMODEL/01_veri_seti/islenmis_veri/test/kusursuz/Class3_Test_0088.PNG,0,kusursuz,0.46264613,0,kusursuz,dogru_kusursuz
/content/drive/MyDrive/DERİNMODEL/01_veri_seti/islenmis_veri/test/kusursuz/Class3_Test_0089.PNG,0,kusursuz,0.29915574,0,kusursuz,dogru_kusursuz
/content/drive/MyDrive/DERİNMODEL/01_veri_seti/islenmis_veri/test/kusursuz/Class3_Test_0090.PNG,0,kusursuz,0.5083713,0,kusursuz,dogru_kusursuz
/content/drive/MyDrive/DERİNMODEL/01_veri_seti/islenmis_veri/test/kusursuz/Class3_Test_0091.PNG,0,kusursuz,0.4658039,0,kusursuz,dogru_kusursuz
/content/drive/MyDrive/DERİNMODEL/01_veri_seti/islenmis_veri/test/kusursuz/Class3_Test_0092.PNG,0,kusursuz,0.39500853,0,kusursuz,dogru_kusursuz
/content/drive/MyDrive/DERİNMODEL/01_veri_seti/islenmis_veri/test/kusursuz/Class3_Test_0093.PNG,0,kusursuz,0.33707246,0,kusursuz,dogru_kusursuz
/content/drive/MyDrive/DERİNMODEL/01_veri_seti/islenmis_veri/test/kusursuz/Class3_Test_0094.PNG,0,kusursuz,0.3918272,0,kusursuz,dogru_kusursuz
/content/drive/MyDrive/DERİNMODEL/01_veri_seti/islenmis_veri/test/kusursuz/Class3_Test_0095.PNG,0,kusursuz,0.2968336,0,kusursuz,dogru_kusursuz
/content/drive/MyDrive/DERİNMODEL/01_veri_seti/islenmis_veri/test/kusursuz/Class3_Test_0096.PNG,0,kusursuz,0.38511518,0,kusursuz,dogru_kusursuz
/content/drive/MyDrive/DERİNMODEL/01_veri_seti/islenmis_veri/test/kusursuz/Class3_Test_0098.PNG,0,kusursuz,0.3299946,0,kusursuz,dogru_kusursuz
/content/drive/MyDrive/DERİNMODEL/01_veri_seti/islenmis_veri/test/kusursuz/Class3_Test_0099.PNG,0,kusursuz,0.30870643,0,kusursuz,dogru_kusursuz
/content/drive/MyDrive/DERİNMODEL/01_veri_seti/islenmis_veri/test/kusursuz/Class3_Test_0100.PNG,0,kusursuz,0.36433557,0,kusursuz,dogru_kusursuz
/content/drive/MyDrive/DERİNMODEL/01_veri_seti/islenmis_veri/test/kusursuz/Class3_Test_0101.PNG,0,kusursuz,0.33918884,0,kusursuz,dogru_kusursuz
/content/drive/MyDrive/DERİNMODEL/01_veri_seti/islenmis_veri/test/kusursuz/Class3_Test_0103.PNG,0,kusursuz,0.31606647,0,kusursuz,dogru_kusursuz
/content/drive/MyDrive/DERİNMODEL/01_veri_seti/islenmis_veri/test/kusursuz/Class3_Test_0104.PNG,0,kusursuz,0.3746397,0,kusursuz,dogru_kusursuz
/content/drive/MyDrive/DERİNMODEL/01_veri_seti/islenmis_veri/test/kusursuz/Class3_Test_0105.PNG,0,kusursuz,0.3995533,0,kusursuz,dogru_kusursuz
/content/drive/MyDrive/DERİNMODEL/01_veri_seti/islenmis_veri/test/kusursuz/Class3_Test_0106.PNG,0,kusursuz,0.3695711,0,kusursuz,dogru_kusursuz
/content/drive/MyDrive/DERİNMODEL/01_veri_seti/islenmis_veri/test/kusursuz/Class3_Test_0107.PNG,0,kusursuz,0.34325233,0,kusursuz,dogru_kusursuz
/content/drive/MyDrive/DERİNMODEL/01_veri_seti/islenmis_veri/test/kusursuz/Class3_Test_0108.PNG,0,kusursuz,0.4035724,0,kusursuz,dogru_kusursuz
/content/drive/MyDrive/DERİNMODEL/01_veri_seti/islenmis_veri/test/kusursuz/Class3_Test_0109.PNG,0,kusursuz,0.28329375,0,kusursuz,dogru_kusursuz
/content/drive/MyDrive/DERİNMODEL/01_veri_seti/islenmis_veri/test/kusursuz/Class3_Test_0110.PNG,0,kusursuz,0.30317158,0,kusursuz,dogru_kusursuz
/content/drive/MyDrive/DERİNMODEL/01_veri_seti/islenmis_veri/test/kusursuz/Class3_Test_0112.PNG,0,kusursuz,0.31689316,0,kusursuz,dogru_kusursuz
/content/drive/MyDrive/DERİNMODEL/01_veri_seti/islenmis_veri/test/kusursuz/Class3_Test_0117.PNG,0,kusursuz,0.31516248,0,kusursuz,dogru_kusursuz
/content/drive/MyDrive/DERİNMODEL/01_veri_seti/islenmis_veri/test/kusursuz/Class3_Test_0118.PNG,0,kusursuz,0.38341027,0,kusursuz,dogru_kusursuz
/content/drive/MyDrive/DERİNMODEL/01_veri_seti/islenmis_veri/test/kusursuz/Class3_Test_0120.PNG,0,kusursuz,0.3415656,0,kusursuz,dogru_kusursuz
/content/drive/MyDrive/DERİNMODEL/01_veri_seti/islenmis_veri/test/kusursuz/Class3_Test_0121.PNG,0,kusursuz,0.33884695,0,kusursuz,dogru_kusursuz
/content/drive/MyDrive/DERİNMODEL/01_veri_seti/islenmis_veri/test/kusursuz/Class3_Test_0122.PNG,0,kusursuz,0.39259622,0,kusursuz,dogru_kusursuz
/content/drive/MyDrive/DERİNMODEL/01_veri_seti/islenmis_veri/test/kusursuz/Class3_Test_0123.PNG,0,kusursuz,0.4724847,0,kusursuz,dogru_kusursuz
/content/drive/MyDrive/DERİNMODEL/01_veri_seti/islenmis_veri/test/kusursuz/Class3_Test_0124.PNG,0,kusursuz,0.31276202,0,kusursuz,dogru_kusursuz
/content/drive/MyDrive/DERİNMODEL/01_veri_seti/islenmis_veri/test/kusursuz/Class3_Test_0125.PNG,0,kusursuz,0.5680183,0,kusursuz,dogru_kusursuz
/content/drive/MyDrive/DERİNMODEL/01_veri_seti/islenmis_veri/test/kusursuz/Class3_Test_0126.PNG,0,kusursuz,0.60351616,1,kusurlu,yanlis_alarm
/content/drive/MyDrive/DERİNMODEL/01_veri_seti/islenmis_veri/test/kusursuz/Class3_Test_0127.PNG,0,kusursuz,0.38356817,0,kusursuz,dogru_kusursuz
/content/drive/MyDrive/DERİNMODEL/01_veri_seti/islenmis_veri/test/kusursuz/Class3_Test_0128.PNG,0,kusursuz,0.32025096,0,kusursuz,dogru_kusursuz
/content/drive/MyDrive/DERİNMODEL/01_veri_seti/islenmis_veri/test/kusursuz/Class3_Test_0130.PNG,0,kusursuz,0.35804635,0,kusursuz,dogru_kusursuz
/content/drive/MyDrive/DERİNMODEL/01_veri_seti/islenmis_veri/test/kusursuz/Class3_Test_0131.PNG,0,kusursuz,0.3740187,0,kusursuz,dogru_kusursuz
/content/drive/MyDrive/DERİNMODEL/01_veri_seti/islenmis_veri/test/kusursuz/Class3_Test_0132.PNG,0,kusursuz,0.40449664,0,kusursuz,dogru_kusursuz
/content/drive/MyDrive/DERİNMODEL/01_veri_seti/islenmis_veri/test/kusursuz/Class3_Test_0133.PNG,0,kusursuz,0.33518338,0,kusursuz,dogru_kusursuz
/content/drive/MyDrive/DERİNMODEL/01_veri_seti/islenmis_veri/test/kusursuz/Class3_Test_0136.PNG,0,kusursuz,0.33205152,0,kusursuz,dogru_kusursuz
/content/drive/MyDrive/DERİNMODEL/01_veri_seti/islenmis_veri/test/kusursuz/Class3_Test_0139.PNG,0,kusursuz,0.29783702,0,kusursuz,dogru_kusursuz
/content/drive/MyDrive/DERİNMODEL/01_veri_seti/islenmis_veri/test/kusursuz/Class3_Test_0140.PNG,0,kusursuz,0.28281936,0,kusursuz,dogru_kusursuz
/content/drive/MyDrive/DERİNMODEL/01_veri_seti/islenmis_veri/test/kusursuz/Class3_Test_0141.PNG,0,kusursuz,0.24728152,0,kusursuz,dogru_kusursuz
/content/drive/MyDrive/DERİNMODEL/01_veri_seti/islenmis_veri/test/kusursuz/Class3_Test_0142.PNG,0,kusursuz,0.45250264,0,kusursuz,dogru_kusursuz
/content/drive/MyDrive/DERİNMODEL/01_veri_seti/islenmis_veri/test/kusursuz/Class3_Test_0143.PNG,0,kusursuz,0.44049627,0,kusursuz,dogru_kusursuz
/content/drive/MyDrive/DERİNMODEL/01_veri_seti/islenmis_veri/test/kusursuz/Class3_Test_0144.PNG,0,kusursuz,0.38648584,0,kusursuz,dogru_kusursuz
/content/drive/MyDrive/DERİNMODEL/01_veri_seti/islenmis_veri/test/kusursuz/Class3_Test_0145.PNG,0,kusursuz,0.4155013,0,kusursuz,dogru_kusursuz
/content/drive/MyDrive/DERİNMODEL/01_veri_seti/islenmis_veri/test/kusursuz/Class3_Test_0146.PNG,0,kusursuz,0.31157437,0,kusursuz,dogru_kusursuz
/content/drive/MyDrive/DERİNMODEL/01_veri_seti/islenmis_veri/test/kusursuz/Class3_Test_0147.PNG,0,kusursuz,0.38433978,0,kusursuz,dogru_kusursuz
/content/drive/MyDrive/DERİNMODEL/01_veri_seti/islenmis_veri/test/kusursuz/Class3_Test_0148.PNG,0,kusursuz,0.34056473,0,kusursuz,dogru_kusursuz
/content/drive/MyDrive/DERİNMODEL/01_veri_seti/islenmis_veri/test/kusursuz/Class3_Test_0149.PNG,0,kusursuz,0.23761003,0,kusursuz,dogru_kusursuz
/content/drive/MyDrive/DERİNMODEL/01_veri_seti/islenmis_veri/test/kusursuz/Class3_Test_0150.PNG,0,kusursuz,0.30403048,0,kusursuz,dogru_kusursuz
/content/drive/MyDrive/DERİNMODEL/01_veri_seti/islenmis_veri/test/kusursuz/Class3_Test_0152.PNG,0,kusursuz,0.27815342,0,kusursuz,dogru_kusursuz
/content/drive/MyDrive/DERİNMODEL/01_veri_seti/islenmis_veri/test/kusursuz/Class3_Test_0153.PNG,0,kusursuz,0.35852057,0,kusursuz,dogru_kusursuz
/content/drive/MyDrive/DERİNMODEL/01_veri_seti/islenmis_veri/test/kusursuz/Class3_Test_0154.PNG,0,kusursuz,0.31270832,0,kusursuz,dogru_kusursuz
/content/drive/MyDrive/DERİNMODEL/01_veri_seti/islenmis_veri/test/kusursuz/Class3_Test_0155.PNG,0,kusursuz,0.30419925,0,kusursuz,dogru_kusursuz
/content/drive/MyDrive/DERİNMODEL/01_veri_seti/islenmis_veri/test/kusursuz/Class3_Test_0156.PNG,0,kusursuz,0.41019526,0,kusursuz,dogru_kusursuz
/content/drive/MyDrive/DERİNMODEL/01_veri_seti/islenmis_veri/test/kusursuz/Class3_Test_0158.PNG,0,kusursuz,0.36668542,0,kusursuz,dogru_kusursuz
/content/drive/MyDrive/DERİNMODEL/01_veri_seti/islenmis_veri/test/kusursuz/Class3_Test_0159.PNG,0,kusursuz,0.32734674,0,kusursuz,dogru_kusursuz
/content/drive/MyDrive/DERİNMODEL/01_veri_seti/islenmis_veri/test/kusursuz/Class3_Test_0161.PNG,0,kusursuz,0.5203992,0,kusursuz,dogru_kusursuz
/content/drive/MyDrive/DERİNMODEL/01_veri_seti/islenmis_veri/test/kusursuz/Class3_Test_0162.PNG,0,kusursuz,0.38088888,0,kusursuz,dogru_kusursuz
/content/drive/MyDrive/DERİNMODEL/01_veri_seti/islenmis_veri/test/kusursuz/Class3_Test_0163.PNG,0,kusursuz,0.32663992,0,kusursuz,dogru_kusursuz
/content/drive/MyDrive/DERİNMODEL/01_veri_seti/islenmis_veri/test/kusursuz/Class3_Test_0164.PNG,0,kusursuz,0.35726237,0,kusursuz,dogru_kusursuz
/content/drive/MyDrive/DERİNMODEL/01_veri_seti/islenmis_veri/test/kusursuz/Class3_Test_0165.PNG,0,kusursuz,0.26965013,0,kusursuz,dogru_kusursuz
/content/drive/MyDrive/DERİNMODEL/01_veri_seti/islenmis_veri/test/kusursuz/Class3_Test_0166.PNG,0,kusursuz,0.34862652,0,kusursuz,dogru_kusursuz
/content/drive/MyDrive/DERİNMODEL/01_veri_seti/islenmis_veri/test/kusursuz/Class3_Test_0167.PNG,0,kusursuz,0.36205822,0,kusursuz,dogru_kusursuz
/content/drive/MyDrive/DERİNMODEL/01_veri_seti/islenmis_veri/test/kusursuz/Class3_Test_0169.PNG,0,kusursuz,0.28763482,0,kusursuz,dogru_kusursuz
/content/drive/MyDrive/DERİNMODEL/01_veri_seti/islenmis_veri/test/kusursuz/Class3_Test_0170.PNG,0,kusursuz,0.34420264,0,kusursuz,dogru_kusursuz
/content/drive/MyDrive/DERİNMODEL/01_veri_seti/islenmis_veri/test/kusursuz/Class3_Test_0172.PNG,0,kusursuz,0.2743943,0,kusursuz,dogru_kusursuz
/content/drive/MyDrive/DERİNMODEL/01_veri_seti/islenmis_veri/test/kusursuz/Class3_Test_0173.PNG,0,kusursuz,0.41310674,0,kusursuz,dogru_kusursuz
/content/drive/MyDrive/DERİNMODEL/01_veri_seti/islenmis_veri/test/kusursuz/Class3_Test_0174.PNG,0,kusursuz,0.42455095,0,kusursuz,dogru_kusursuz
/content/drive/MyDrive/DERİNMODEL/01_veri_seti/islenmis_veri/test/kusursuz/Class3_Test_0175.PNG,0,kusursuz,0.43811285,0,kusursuz,dogru_kusursuz
/content/drive/MyDrive/DERİNMODEL/01_veri_seti/islenmis_veri/test/kusursuz/Class3_Test_0176.PNG,0,kusursuz,0.34941748,0,kusursuz,dogru_kusursuz
/content/drive/MyDrive/DERİNMODEL/01_veri_seti/islenmis_veri/test/kusursuz/Class3_Test_0177.PNG,0,kusursuz,0.27489555,0,kusursuz,dogru_kusursuz
/content/drive/MyDrive/DERİNMODEL/01_veri_seti/islenmis_veri/test/kusursuz/Class3_Test_0179.PNG,0,kusursuz,0.3678718,0,kusursuz,dogru_kusursuz
/content/drive/MyDrive/DERİNMODEL/01_veri_seti/islenmis_veri/test/kusursuz/Class3_Test_0180.PNG,0,kusursuz,0.45058396,0,kusursuz,dogru_kusursuz
/content/drive/MyDrive/DERİNMODEL/01_veri_seti/islenmis_veri/test/kusursuz/Class3_Test_0181.PNG,0,kusursuz,0.37910903,0,kusursuz,dogru_kusursuz
/content/drive/MyDrive/DERİNMODEL/01_veri_seti/islenmis_veri/test/kusursuz/Class3_Test_0183.PNG,0,kusursuz,0.40362075,0,kusursuz,dogru_kusursuz
/content/drive/MyDrive/DERİNMODEL/01_veri_seti/islenmis_veri/test/kusursuz/Class3_Test_0184.PNG,0,kusursuz,0.32179546,0,kusursuz,dogru_kusursuz
/content/drive/MyDrive/DERİNMODEL/01_veri_seti/islenmis_veri/test/kusursuz/Class3_Test_0185.PNG,0,kusursuz,0.3206304,0,kusursuz,dogru_kusursuz
/content/drive/MyDrive/DERİNMODEL/01_veri_seti/islenmis_veri/test/kusursuz/Class3_Test_0186.PNG,0,kusursuz,0.29830554,0,kusursuz,dogru_kusursuz
/content/drive/MyDrive/DERİNMODEL/01_veri_seti/islenmis_veri/test/kusursuz/Class3_Test_0187.PNG,0,kusursuz,0.3185137,0,kusursuz,dogru_kusursuz
/content/drive/MyDrive/DERİNMODEL/01_veri_seti/islenmis_veri/test/kusursuz/Class3_Test_0189.PNG,0,kusursuz,0.38899642,0,kusursuz,dogru_kusursuz
/content/drive/MyDrive/DERİNMODEL/01_veri_seti/islenmis_veri/test/kusursuz/Class3_Test_0190.PNG,0,kusursuz,0.31680816,0,kusursuz,dogru_kusursuz
/content/drive/MyDrive/DERİNMODEL/01_veri_seti/islenmis_veri/test/kusursuz/Class3_Test_0191.PNG,0,kusursuz,0.42281383,0,kusursuz,dogru_kusursuz
/content/drive/MyDrive/DERİNMODEL/01_veri_seti/islenmis_veri/test/kusursuz/Class3_Test_0192.PNG,0,kusursuz,0.26761264,0,kusursuz,dogru_kusursuz
/content/drive/MyDrive/DERİNMODEL/01_veri_seti/islenmis_veri/test/kusursuz/Class3_Test_0193.PNG,0,kusursuz,0.3521617,0,kusursuz,dogru_kusursuz
/content/drive/MyDrive/DERİNMODEL/01_veri_seti/islenmis_veri/test/kusursuz/Class3_Test_0194.PNG,0,kusursuz,0.4055782,0,kusursuz,dogru_kusursuz
/content/drive/MyDrive/DERİNMODEL/01_veri_seti/islenmis_veri/test/kusursuz/Class3_Test_0195.PNG,0,kusursuz,0.64654076,1,kusurlu,yanlis_alarm
/content/drive/MyDrive/DERİNMODEL/01_veri_seti/islenmis_veri/test/kusursuz/Class3_Test_0196.PNG,0,kusursuz,0.3195993,0,kusursuz,dogru_kusursuz
/content/drive/MyDrive/DERİNMODEL/01_veri_seti/islenmis_veri/test/kusursuz/Class3_Test_0197.PNG,0,kusursuz,0.31535694,0,kusursuz,dogru_kusursuz
/content/drive/MyDrive/DERİNMODEL/01_veri_seti/islenmis_veri/test/kusursuz/Class3_Test_0198.PNG,0,kusursuz,0.36361977,0,kusursuz,dogru_kusursuz
/content/drive/MyDrive/DERİNMODEL/01_veri_seti/islenmis_veri/test/kusursuz/Class3_Test_0199.PNG,0,kusursuz,0.33997828,0,kusursuz,dogru_kusursuz
/content/drive/MyDrive/DERİNMODEL/01_veri_seti/islenmis_veri/test/kusursuz/Class3_Test_0200.PNG,0,kusursuz,0.3485629,0,kusursuz,dogru_kusursuz
/content/drive/MyDrive/DERİNMODEL/01_veri_seti/islenmis_veri/test/kusursuz/Class3_Test_0201.PNG,0,kusursuz,0.5049118,0,kusursuz,dogru_kusursuz
/content/drive/MyDrive/DERİNMODEL/01_veri_seti/islenmis_veri/test/kusursuz/Class3_Test_0202.PNG,0,kusursuz,0.39157218,0,kusursuz,dogru_kusursuz
/content/drive/MyDrive/DERİNMODEL/01_veri_seti/islenmis_veri/test/kusursuz/Class3_Test_0203.PNG,0,kusursuz,0.38153303,0,kusursuz,dogru_kusursuz
/content/drive/MyDrive/DERİNMODEL/01_veri_seti/islenmis_veri/test/kusursuz/Class3_Test_0205.PNG,0,kusursuz,0.2770849,0,kusursuz,dogru_kusursuz
/content/drive/MyDrive/DERİNMODEL/01_veri_seti/islenmis_veri/test/kusursuz/Class3_Test_0206.PNG,0,kusursuz,0.3214309,0,kusursuz,dogru_kusursuz
/content/drive/MyDrive/DERİNMODEL/01_veri_seti/islenmis_veri/test/kusursuz/Class3_Test_0207.PNG,0,kusursuz,0.36464152,0,kusursuz,dogru_kusursuz
/content/drive/MyDrive/DERİNMODEL/01_veri_seti/islenmis_veri/test/kusursuz/Class3_Test_0208.PNG,0,kusursuz,0.3516324,0,kusursuz,dogru_kusursuz
/content/drive/MyDrive/DERİNMODEL/01_veri_seti/islenmis_veri/test/kusursuz/Class3_Test_0209.PNG,0,kusursuz,0.382278,0,kusursuz,dogru_kusursuz
/content/drive/MyDrive/DERİNMODEL/01_veri_seti/islenmis_veri/test/kusursuz/Class3_Test_0210.PNG,0,kusursuz,0.2665374,0,kusursuz,dogru_kusursuz
/content/drive/MyDrive/DERİNMODEL/01_veri_seti/islenmis_veri/test/kusursuz/Class3_Test_0211.PNG,0,kusursuz,0.267692,0,kusursuz,dogru_kusursuz
/content/drive/MyDrive/DERİNMODEL/01_veri_seti/islenmis_veri/test/kusursuz/Class3_Test_0212.PNG,0,kusursuz,0.32602194,0,kusursuz,dogru_kusursuz
/content/drive/MyDrive/DERİNMODEL/01_veri_seti/islenmis_veri/test/kusursuz/Class3_Test_0213.PNG,0,kusursuz,0.33944726,0,kusursuz,dogru_kusursuz
/content/drive/MyDrive/DERİNMODEL/01_veri_seti/islenmis_veri/test/kusursuz/Class3_Test_0214.PNG,0,kusursuz,0.43662873,0,kusursuz,dogru_kusursuz
/content/drive/MyDrive/DERİNMODEL/01_veri_seti/islenmis_veri/test/kusursuz/Class3_Test_0215.PNG,0,kusursuz,0.28233048,0,kusursuz,dogru_kusursuz
/content/drive/MyDrive/DERİNMODEL/01_veri_seti/islenmis_veri/test/kusursuz/Class3_Test_0216.PNG,0,kusursuz,0.34131548,0,kusursuz,dogru_kusursuz
/content/drive/MyDrive/DERİNMODEL/01_veri_seti/islenmis_veri/test/kusursuz/Class3_Test_0217.PNG,0,kusursuz,0.3487674,0,kusursuz,dogru_kusursuz
/content/drive/MyDrive/DERİNMODEL/01_veri_seti/islenmis_veri/test/kusursuz/Class3_Test_0218.PNG,0,kusursuz,0.35178047,0,kusursuz,dogru_kusursuz
/content/drive/MyDrive/DERİNMODEL/01_veri_seti/islenmis_veri/test/kusursuz/Class3_Test_0219.PNG,0,kusursuz,0.44248503,0,kusursuz,dogru_kusursuz
/content/drive/MyDrive/DERİNMODEL/01_veri_seti/islenmis_veri/test/kusursuz/Class3_Test_0220.PNG,0,kusursuz,0.31032994,0,kusursuz,dogru_kusursuz
/content/drive/MyDrive/DERİNMODEL/01_veri_seti/islenmis_veri/test/kusursuz/Class3_Test_0221.PNG,0,kusursuz,0.3766871,0,kusursuz,dogru_kusursuz
/content/drive/MyDrive/DERİNMODEL/01_veri_seti/islenmis_veri/test/kusursuz/Class3_Test_0222.PNG,0,kusursuz,0.31825492,0,kusursuz,dogru_kusursuz
/content/drive/MyDrive/DERİNMODEL/01_veri_seti/islenmis_veri/test/kusursuz/Class3_Test_0223.PNG,0,kusursuz,0.41714096,0,kusursuz,dogru_kusursuz
/content/drive/MyDrive/DERİNMODEL/01_veri_seti/islenmis_veri/test/kusursuz/Class3_Test_0224.PNG,0,kusursuz,0.36555085,0,kusursuz,dogru_kusursuz
/content/drive/MyDrive/DERİNMODEL/01_veri_seti/islenmis_veri/test/kusursuz/Class3_Test_0225.PNG,0,kusursuz,0.2805744,0,kusursuz,dogru_kusursuz
/content/drive/MyDrive/DERİNMODEL/01_veri_seti/islenmis_veri/test/kusursuz/Class3_Test_0226.PNG,0,kusursuz,0.3158953,0,kusursuz,dogru_kusursuz
/content/drive/MyDrive/DERİNMODEL/01_veri_seti/islenmis_veri/test/kusursuz/Class3_Test_0228.PNG,0,kusursuz,0.34684905,0,kusursuz,dogru_kusursuz
/content/drive/MyDrive/DERİNMODEL/01_veri_seti/islenmis_veri/test/kusursuz/Class3_Test_0229.PNG,0,kusursuz,0.30946144,0,kusursuz,dogru_kusursuz
/content/drive/MyDrive/DERİNMODEL/01_veri_seti/islenmis_veri/test/kusursuz/Class3_Test_0230.PNG,0,kusursuz,0.36489633,0,kusursuz,dogru_kusursuz
/content/drive/MyDrive/DERİNMODEL/01_veri_seti/islenmis_veri/test/kusursuz/Class3_Test_0233.PNG,0,kusursuz,0.3674517,0,kusursuz,dogru_kusursuz
/content/drive/MyDrive/DERİNMODEL/01_veri_seti/islenmis_veri/test/kusursuz/Class3_Test_0234.PNG,0,kusursuz,0.36707073,0,kusursuz,dogru_kusursuz
/content/drive/MyDrive/DERİNMODEL/01_veri_seti/islenmis_veri/test/kusursuz/Class3_Test_0235.PNG,0,kusursuz,0.31120443,0,kusursuz,dogru_kusursuz
/content/drive/MyDrive/DERİNMODEL/01_veri_seti/islenmis_veri/test/kusursuz/Class3_Test_0236.PNG,0,kusursuz,0.32088572,0,kusursuz,dogru_kusursuz
/content/drive/MyDrive/DERİNMODEL/01_veri_seti/islenmis_veri/test/kusursuz/Class3_Test_0237.PNG,0,kusursuz,0.31070998,0,kusursuz,dogru_kusursuz
/content/drive/MyDrive/DERİNMODEL/01_veri_seti/islenmis_veri/test/kusursuz/Class3_Test_0238.PNG,0,kusursuz,0.3742771,0,kusursuz,dogru_kusursuz
/content/drive/MyDrive/DERİNMODEL/01_veri_seti/islenmis_veri/test/kusursuz/Class3_Test_0239.PNG,0,kusursuz,0.37785447,0,kusursuz,dogru_kusursuz
/content/drive/MyDrive/DERİNMODEL/01_veri_seti/islenmis_veri/test/kusursuz/Class3_Test_0241.PNG,0,kusursuz,0.35445097,0,kusursuz,dogru_kusursuz
/content/drive/MyDrive/DERİNMODEL/01_veri_seti/islenmis_veri/test/kusursuz/Class3_Test_0244.PNG,0,kusursuz,0.4468299,0,kusursuz,dogru_kusursuz
/content/drive/MyDrive/DERİNMODEL/01_veri_seti/islenmis_veri/test/kusursuz/Class3_Test_0245.PNG,0,kusursuz,0.3150901,0,kusursuz,dogru_kusursuz
/content/drive/MyDrive/DERİNMODEL/01_veri_seti/islenmis_veri/test/kusursuz/Class3_Test_0247.PNG,0,kusursuz,0.37419453,0,kusursuz,dogru_kusursuz
/content/drive/MyDrive/DERİNMODEL/01_veri_seti/islenmis_veri/test/kusursuz/Class3_Test_0249.PNG,0,kusursuz,0.35900497,0,kusursuz,dogru_kusursuz
/content/drive/MyDrive/DERİNMODEL/01_veri_seti/islenmis_veri/test/kusursuz/Class3_Test_0250.PNG,0,kusursuz,0.3678881,0,kusursuz,dogru_kusursuz
/content/drive/MyDrive/DERİNMODEL/01_veri_seti/islenmis_veri/test/kusursuz/Class3_Test_0251.PNG,0,kusursuz,0.29973927,0,kusursuz,dogru_kusursuz
/content/drive/MyDrive/DERİNMODEL/01_veri_seti/islenmis_veri/test/kusursuz/Class3_Test_0252.PNG,0,kusursuz,0.30562502,0,kusursuz,dogru_kusursuz
/content/drive/MyDrive/DERİNMODEL/01_veri_seti/islenmis_veri/test/kusursuz/Class3_Test_0253.PNG,0,kusursuz,0.41381827,0,kusursuz,dogru_kusursuz
/content/drive/MyDrive/DERİNMODEL/01_veri_seti/islenmis_veri/test/kusursuz/Class3_Test_0255.PNG,0,kusursuz,0.26470944,0,kusursuz,dogru_kusursuz
/content/drive/MyDrive/DERİNMODEL/01_veri_seti/islenmis_veri/test/kusursuz/Class3_Test_0256.PNG,0,kusursuz,0.31805786,0,kusursuz,dogru_kusursuz
/content/drive/MyDrive/DERİNMODEL/01_veri_seti/islenmis_veri/test/kusursuz/Class3_Test_0258.PNG,0,kusursuz,0.3168296,0,kusursuz,dogru_kusursuz
/content/drive/MyDrive/DERİNMODEL/01_veri_seti/islenmis_veri/test/kusursuz/Class3_Test_0259.PNG,0,kusursuz,0.36647624,0,kusursuz,dogru_kusursuz
/content/drive/MyDrive/DERİNMODEL/01_veri_seti/islenmis_veri/test/kusursuz/Class3_Test_0260.PNG,0,kusursuz,0.3907537,0,kusursuz,dogru_kusursuz
/content/drive/MyDrive/DERİNMODEL/01_veri_seti/islenmis_veri/test/kusursuz/Class3_Test_0262.PNG,0,kusursuz,0.3437243,0,kusursuz,dogru_kusursuz
/content/drive/MyDrive/DERİNMODEL/01_veri_seti/islenmis_veri/test/kusursuz/Class3_Test_0263.PNG,0,kusursuz,0.31892878,0,kusursuz,dogru_kusursuz
/content/drive/MyDrive/DERİNMODEL/01_veri_seti/islenmis_veri/test/kusursuz/Class3_Test_0264.PNG,0,kusursuz,0.36063403,0,kusursuz,dogru_kusursuz
/content/drive/MyDrive/DERİNMODEL/01_veri_seti/islenmis_veri/test/kusursuz/Class3_Test_0265.PNG,0,kusursuz,0.33276898,0,kusursuz,dogru_kusursuz
/content/drive/MyDrive/DERİNMODEL/01_veri_seti/islenmis_veri/test/kusursuz/Class3_Test_0266.PNG,0,kusursuz,0.32045972,0,kusursuz,dogru_kusursuz
/content/drive/MyDrive/DERİNMODEL/01_veri_seti/islenmis_veri/test/kusursuz/Class3_Test_0268.PNG,0,kusursuz,0.4031505,0,kusursuz,dogru_kusursuz
/content/drive/MyDrive/DERİNMODEL/01_veri_seti/islenmis_veri/test/kusursuz/Class3_Test_0269.PNG,0,kusursuz,0.32009754,0,kusursuz,dogru_kusursuz
/content/drive/MyDrive/DERİNMODEL/01_veri_seti/islenmis_veri/test/kusursuz/Class3_Test_0272.PNG,0,kusursuz,0.3056066,0,kusursuz,dogru_kusursuz
/content/drive/MyDrive/DERİNMODEL/01_veri_seti/islenmis_veri/test/kusursuz/Class3_Test_0273.PNG,0,kusursuz,0.43229744,0,kusursuz,dogru_kusursuz
/content/drive/MyDrive/DERİNMODEL/01_veri_seti/islenmis_veri/test/kusursuz/Class3_Test_0274.PNG,0,kusursuz,0.3008942,0,kusursuz,dogru_kusursuz
/content/drive/MyDrive/DERİNMODEL/01_veri_seti/islenmis_veri/test/kusursuz/Class3_Test_0275.PNG,0,kusursuz,0.3974965,0,kusursuz,dogru_kusursuz
/content/drive/MyDrive/DERİNMODEL/01_veri_seti/islenmis_veri/test/kusursuz/Class3_Test_0276.PNG,0,kusursuz,0.44741848,0,kusursuz,dogru_kusursuz
/content/drive/MyDrive/DERİNMODEL/01_veri_seti/islenmis_veri/test/kusursuz/Class3_Test_0277.PNG,0,kusursuz,0.5132574,0,kusursuz,dogru_kusursuz
/content/drive/MyDrive/DERİNMODEL/01_veri_seti/islenmis_veri/test/kusursuz/Class3_Test_0278.PNG,0,kusursuz,0.46889618,0,kusursuz,dogru_kusursuz
/content/drive/MyDrive/DERİNMODEL/01_veri_seti/islenmis_veri/test/kusursuz/Class3_Test_0279.PNG,0,kusursuz,0.3824119,0,kusursuz,dogru_kusursuz
/content/drive/MyDrive/DERİNMODEL/01_veri_seti/islenmis_veri/test/kusursuz/Class3_Test_0280.PNG,0,kusursuz,0.38694754,0,kusursuz,dogru_kusursuz
/content/drive/MyDrive/DERİNMODEL/01_veri_seti/islenmis_veri/test/kusursuz/Class3_Test_0281.PNG,0,kusursuz,0.46785572,0,kusursuz,dogru_kusursuz
/content/drive/MyDrive/DERİNMODEL/01_veri_seti/islenmis_veri/test/kusursuz/Class3_Test_0283.PNG,0,kusursuz,0.33890635,0,kusursuz,dogru_kusursuz
/content/drive/MyDrive/DERİNMODEL/01_veri_seti/islenmis_veri/test/kusursuz/Class3_Test_0284.PNG,0,kusursuz,0.3362544,0,kusursuz,dogru_kusursuz
/content/drive/MyDrive/DERİNMODEL/01_veri_seti/islenmis_veri/test/kusursuz/Class3_Test_0285.PNG,0,kusursuz,0.282336,0,kusursuz,dogru_kusursuz
/content/drive/MyDrive/DERİNMODEL/01_veri_seti/islenmis_veri/test/kusursuz/Class3_Test_0287.PNG,0,kusursuz,0.38995358,0,kusursuz,dogru_kusursuz
/content/drive/MyDrive/DERİNMODEL/01_veri_seti/islenmis_veri/test/kusursuz/Class3_Test_0288.PNG,0,kusursuz,0.44912362,0,kusursuz,dogru_kusursuz
/content/drive/MyDrive/DERİNMODEL/01_veri_seti/islenmis_veri/test/kusursuz/Class3_Test_0289.PNG,0,kusursuz,0.3919048,0,kusursuz,dogru_kusursuz
/content/drive/MyDrive/DERİNMODEL/01_veri_seti/islenmis_veri/test/kusursuz/Class3_Test_0290.PNG,0,kusursuz,0.29975262,0,kusursuz,dogru_kusursuz
/content/drive/MyDrive/DERİNMODEL/01_veri_seti/islenmis_veri/test/kusursuz/Class3_Test_0291.PNG,0,kusursuz,0.30031803,0,kusursuz,dogru_kusursuz
/content/drive/MyDrive/DERİNMODEL/01_veri_seti/islenmis_veri/test/kusursuz/Class3_Test_0293.PNG,0,kusursuz,0.3337947,0,kusursuz,dogru_kusursuz
/content/drive/MyDrive/DERİNMODEL/01_veri_seti/islenmis_veri/test/kusursuz/Class3_Test_0294.PNG,0,kusursuz,0.32795948,0,kusursuz,dogru_kusursuz
/content/drive/MyDrive/DERİNMODEL/01_veri_seti/islenmis_veri/test/kusursuz/Class3_Test_0295.PNG,0,kusursuz,0.36058855,0,kusursuz,dogru_kusursuz
/content/drive/MyDrive/DERİNMODEL/01_veri_seti/islenmis_veri/test/kusursuz/Class3_Test_0296.PNG,0,kusursuz,0.39567643,0,kusursuz,dogru_kusursuz
/content/drive/MyDrive/DERİNMODEL/01_veri_seti/islenmis_veri/test/kusursuz/Class3_Test_0297.PNG,0,kusursuz,0.35319376,0,kusursuz,dogru_kusursuz
/content/drive/MyDrive/DERİNMODEL/01_veri_seti/islenmis_veri/test/kusursuz/Class3_Test_0298.PNG,0,kusursuz,0.2565283,0,kusursuz,dogru_kusursuz
/content/drive/MyDrive/DERİNMODEL/01_veri_seti/islenmis_veri/test/kusursuz/Class3_Test_0300.PNG,0,kusursuz,0.29941344,0,kusursuz,dogru_kusursuz
/content/drive/MyDrive/DERİNMODEL/01_veri_seti/islenmis_veri/test/kusursuz/Class3_Test_0301.PNG,0,kusursuz,0.35162982,0,kusursuz,dogru_kusursuz
/content/drive/MyDrive/DERİNMODEL/01_veri_seti/islenmis_veri/test/kusursuz/Class3_Test_0302.PNG,0,kusursuz,0.38365576,0,kusursuz,dogru_kusursuz
/content/drive/MyDrive/DERİNMODEL/01_veri_seti/islenmis_veri/test/kusursuz/Class3_Test_0303.PNG,0,kusursuz,0.3934877,0,kusursuz,dogru_kusursuz
/content/drive/MyDrive/DERİNMODEL/01_veri_seti/islenmis_veri/test/kusursuz/Class3_Test_0304.PNG,0,kusursuz,0.34137607,0,kusursuz,dogru_kusursuz
/content/drive/MyDrive/DERİNMODEL/01_veri_seti/islenmis_veri/test/kusursuz/Class3_Test_0305.PNG,0,kusursuz,0.31510898,0,kusursuz,dogru_kusursuz
/content/drive/MyDrive/DERİNMODEL/01_veri_seti/islenmis_veri/test/kusursuz/Class3_Test_0306.PNG,0,kusursuz,0.28187346,0,kusursuz,dogru_kusursuz
/content/drive/MyDrive/DERİNMODEL/01_veri_seti/islenmis_veri/test/kusursuz/Class3_Test_0309.PNG,0,kusursuz,0.28157112,0,kusursuz,dogru_kusursuz
/content/drive/MyDrive/DERİNMODEL/01_veri_seti/islenmis_veri/test/kusursuz/Class3_Test_0310.PNG,0,kusursuz,0.41068113,0,kusursuz,dogru_kusursuz
/content/drive/MyDrive/DERİNMODEL/01_veri_seti/islenmis_veri/test/kusursuz/Class3_Test_0312.PNG,0,kusursuz,0.2939677,0,kusursuz,dogru_kusursuz
/content/drive/MyDrive/DERİNMODEL/01_veri_seti/islenmis_veri/test/kusursuz/Class3_Test_0313.PNG,0,kusursuz,0.37377244,0,kusursuz,dogru_kusursuz
/content/drive/MyDrive/DERİNMODEL/01_veri_seti/islenmis_veri/test/kusursuz/Class3_Test_0314.PNG,0,kusursuz,0.2710407,0,kusursuz,dogru_kusursuz
/content/drive/MyDrive/DERİNMODEL/01_veri_seti/islenmis_veri/test/kusursuz/Class3_Test_0315.PNG,0,kusursuz,0.22899038,0,kusursuz,dogru_kusursuz
/content/drive/MyDrive/DERİNMODEL/01_veri_seti/islenmis_veri/test/kusursuz/Class3_Test_0317.PNG,0,kusursuz,0.3966563,0,kusursuz,dogru_kusursuz
/content/drive/MyDrive/DERİNMODEL/01_veri_seti/islenmis_veri/test/kusursuz/Class3_Test_0318.PNG,0,kusursuz,0.37983468,0,kusursuz,dogru_kusursuz
/content/drive/MyDrive/DERİNMODEL/01_veri_seti/islenmis_veri/test/kusursuz/Class3_Test_0319.PNG,0,kusursuz,0.34195083,0,kusursuz,dogru_kusursuz
/content/drive/MyDrive/DERİNMODEL/01_veri_seti/islenmis_veri/test/kusursuz/Class3_Test_0321.PNG,0,kusursuz,0.35006046,0,kusursuz,dogru_kusursuz
/content/drive/MyDrive/DERİNMODEL/01_veri_seti/islenmis_veri/test/kusursuz/Class3_Test_0322.PNG,0,kusursuz,0.2416444,0,kusursuz,dogru_kusursuz
/content/drive/MyDrive/DERİNMODEL/01_veri_seti/islenmis_veri/test/kusursuz/Class3_Test_0324.PNG,0,kusursuz,0.41489896,0,kusursuz,dogru_kusursuz
/content/drive/MyDrive/DERİNMODEL/01_veri_seti/islenmis_veri/test/kusursuz/Class3_Test_0325.PNG,0,kusursuz,0.4445985,0,kusursuz,dogru_kusursuz
/content/drive/MyDrive/DERİNMODEL/01_veri_seti/islenmis_veri/test/kusursuz/Class3_Test_0326.PNG,0,kusursuz,0.45813102,0,kusursuz,dogru_kusursuz
/content/drive/MyDrive/DERİNMODEL/01_veri_seti/islenmis_veri/test/kusursuz/Class3_Test_0327.PNG,0,kusursuz,0.36601886,0,kusursuz,dogru_kusursuz
/content/drive/MyDrive/DERİNMODEL/01_veri_seti/islenmis_veri/test/kusursuz/Class3_Test_0328.PNG,0,kusursuz,0.3746621,0,kusursuz,dogru_kusursuz
/content/drive/MyDrive/DERİNMODEL/01_veri_seti/islenmis_veri/test/kusursuz/Class3_Test_0329.PNG,0,kusursuz,0.37455973,0,kusursuz,dogru_kusursuz
/content/drive/MyDrive/DERİNMODEL/01_veri_seti/islenmis_veri/test/kusursuz/Class3_Test_0331.PNG,0,kusursuz,0.42779526,0,kusursuz,dogru_kusursuz
/content/drive/MyDrive/DERİNMODEL/01_veri_seti/islenmis_veri/test/kusursuz/Class3_Test_0332.PNG,0,kusursuz,0.31632197,0,kusursuz,dogru_kusursuz
/content/drive/MyDrive/DERİNMODEL/01_veri_seti/islenmis_veri/test/kusursuz/Class3_Test_0333.PNG,0,kusursuz,0.3742099,0,kusursuz,dogru_kusursuz
/content/drive/MyDrive/DERİNMODEL/01_veri_seti/islenmis_veri/test/kusursuz/Class3_Test_0334.PNG,0,kusursuz,0.43133596,0,kusursuz,dogru_kusursuz
/content/drive/MyDrive/DERİNMODEL/01_veri_seti/islenmis_veri/test/kusursuz/Class3_Test_0335.PNG,0,kusursuz,0.2759204,0,kusursuz,dogru_kusursuz
/content/drive/MyDrive/DERİNMODEL/01_veri_seti/islenmis_veri/test/kusursuz/Class3_Test_0336.PNG,0,kusursuz,0.3971739,0,kusursuz,dogru_kusursuz
/content/drive/MyDrive/DERİNMODEL/01_veri_seti/islenmis_veri/test/kusursuz/Class3_Test_0337.PNG,0,kusursuz,0.2811534,0,kusursuz,dogru_kusursuz
/content/drive/MyDrive/DERİNMODEL/01_veri_seti/islenmis_veri/test/kusursuz/Class3_Test_0338.PNG,0,kusursuz,0.47220573,0,kusursuz,dogru_kusursuz
/content/drive/MyDrive/DERİNMODEL/01_veri_seti/islenmis_veri/test/kusursuz/Class3_Test_0339.PNG,0,kusursuz,0.48601994,0,kusursuz,dogru_kusursuz
/content/drive/MyDrive/DERİNMODEL/01_veri_seti/islenmis_veri/test/kusursuz/Class3_Test_0340.PNG,0,kusursuz,0.34653217,0,kusursuz,dogru_kusursuz
/content/drive/MyDrive/DERİNMODEL/01_veri_seti/islenmis_veri/test/kusursuz/Class3_Test_0344.PNG,0,kusursuz,0.40099367,0,kusursuz,dogru_kusursuz
/content/drive/MyDrive/DERİNMODEL/01_veri_seti/islenmis_veri/test/kusursuz/Class3_Test_0345.PNG,0,kusursuz,0.35551018,0,kusursuz,dogru_kusursuz
/content/drive/MyDrive/DERİNMODEL/01_veri_seti/islenmis_veri/test/kusursuz/Class3_Test_0346.PNG,0,kusursuz,0.31781617,0,kusursuz,dogru_kusursuz
/content/drive/MyDrive/DERİNMODEL/01_veri_seti/islenmis_veri/test/kusursuz/Class3_Test_0347.PNG,0,kusursuz,0.45399213,0,kusursuz,dogru_kusursuz
/content/drive/MyDrive/DERİNMODEL/01_veri_seti/islenmis_veri/test/kusursuz/Class3_Test_0348.PNG,0,kusursuz,0.47104666,0,kusursuz,dogru_kusursuz
/content/drive/MyDrive/DERİNMODEL/01_veri_seti/islenmis_veri/test/kusursuz/Class3_Test_0349.PNG,0,kusursuz,0.4124752,0,kusursuz,dogru_kusursuz
/content/drive/MyDrive/DERİNMODEL/01_veri_seti/islenmis_veri/test/kusursuz/Class3_Test_0350.PNG,0,kusursuz,0.31569624,0,kusursuz,dogru_kusursuz
/content/drive/MyDrive/DERİNMODEL/01_veri_seti/islenmis_veri/test/kusursuz/Class3_Test_0351.PNG,0,kusursuz,0.32982835,0,kusursuz,dogru_kusursuz
/content/drive/MyDrive/DERİNMODEL/01_veri_seti/islenmis_veri/test/kusursuz/Class3_Test_0353.PNG,0,kusursuz,0.40107742,0,kusursuz,dogru_kusursuz
/content/drive/MyDrive/DERİNMODEL/01_veri_seti/islenmis_veri/test/kusursuz/Class3_Test_0354.PNG,0,kusursuz,0.26086122,0,kusursuz,dogru_kusursuz
/content/drive/MyDrive/DERİNMODEL/01_veri_seti/islenmis_veri/test/kusursuz/Class3_Test_0355.PNG,0,kusursuz,0.33719924,0,kusursuz,dogru_kusursuz
/content/drive/MyDrive/DERİNMODEL/01_veri_seti/islenmis_veri/test/kusursuz/Class3_Test_0356.PNG,0,kusursuz,0.45441705,0,kusursuz,dogru_kusursuz
/content/drive/MyDrive/DERİNMODEL/01_veri_seti/islenmis_veri/test/kusursuz/Class3_Test_0357.PNG,0,kusursuz,0.41286674,0,kusursuz,dogru_kusursuz
/content/drive/MyDrive/DERİNMODEL/01_veri_seti/islenmis_veri/test/kusursuz/Class3_Test_0358.PNG,0,kusursuz,0.36533427,0,kusursuz,dogru_kusursuz
/content/drive/MyDrive/DERİNMODEL/01_veri_seti/islenmis_veri/test/kusursuz/Class3_Test_0359.PNG,0,kusursuz,0.2445202,0,kusursuz,dogru_kusursuz
/content/drive/MyDrive/DERİNMODEL/01_veri_seti/islenmis_veri/test/kusursuz/Class3_Test_0360.PNG,0,kusursuz,0.36171654,0,kusursuz,dogru_kusursuz
/content/drive/MyDrive/DERİNMODEL/01_veri_seti/islenmis_veri/test/kusursuz/Class3_Test_0361.PNG,0,kusursuz,0.3060514,0,kusursuz,dogru_kusursuz
/content/drive/MyDrive/DERİNMODEL/01_veri_seti/islenmis_veri/test/kusursuz/Class3_Test_0362.PNG,0,kusursuz,0.40168822,0,kusursuz,dogru_kusursuz
/content/drive/MyDrive/DERİNMODEL/01_veri_seti/islenmis_veri/test/kusursuz/Class3_Test_0363.PNG,0,kusursuz,0.3011599,0,kusursuz,dogru_kusursuz
/content/drive/MyDrive/DERİNMODEL/01_veri_seti/islenmis_veri/test/kusursuz/Class3_Test_0364.PNG,0,kusursuz,0.25633398,0,kusursuz,dogru_kusursuz
/content/drive/MyDrive/DERİNMODEL/01_veri_seti/islenmis_veri/test/kusursuz/Class3_Test_0365.PNG,0,kusursuz,0.3370162,0,kusursuz,dogru_kusursuz
/content/drive/MyDrive/DERİNMODEL/01_veri_seti/islenmis_veri/test/kusursuz/Class3_Test_0366.PNG,0,kusursuz,0.31994748,0,kusursuz,dogru_kusursuz
/content/drive/MyDrive/DERİNMODEL/01_veri_seti/islenmis_veri/test/kusursuz/Class3_Test_0368.PNG,0,kusursuz,0.35783175,0,kusursuz,dogru_kusursuz
/content/drive/MyDrive/DERİNMODEL/01_veri_seti/islenmis_veri/test/kusursuz/Class3_Test_0369.PNG,0,kusursuz,0.2979293,0,kusursuz,dogru_kusursuz
/content/drive/MyDrive/DERİNMODEL/01_veri_seti/islenmis_veri/test/kusursuz/Class3_Test_0370.PNG,0,kusursuz,0.26819307,0,kusursuz,dogru_kusursuz
/content/drive/MyDrive/DERİNMODEL/01_veri_seti/islenmis_veri/test/kusursuz/Class3_Test_0371.PNG,0,kusursuz,0.29368025,0,kusursuz,dogru_kusursuz
/content/drive/MyDrive/DERİNMODEL/01_veri_seti/islenmis_veri/test/kusursuz/Class3_Test_0372.PNG,0,kusursuz,0.34380278,0,kusursuz,dogru_kusursuz
/content/drive/MyDrive/DERİNMODEL/01_veri_seti/islenmis_veri/test/kusursuz/Class3_Test_0373.PNG,0,kusursuz,0.36861676,0,kusursuz,dogru_kusursuz
/content/drive/MyDrive/DERİNMODEL/01_veri_seti/islenmis_veri/test/kusursuz/Class3_Test_0374.PNG,0,kusursuz,0.25928473,0,kusursuz,dogru_kusursuz
/content/drive/MyDrive/DERİNMODEL/01_veri_seti/islenmis_veri/test/kusursuz/Class3_Test_0375.PNG,0,kusursuz,0.6318452,1,kusurlu,yanlis_alarm
/content/drive/MyDrive/DERİNMODEL/01_veri_seti/islenmis_veri/test/kusursuz/Class3_Test_0376.PNG,0,kusursuz,0.42688143,0,kusursuz,dogru_kusursuz
/content/drive/MyDrive/DERİNMODEL/01_veri_seti/islenmis_veri/test/kusursuz/Class3_Test_0377.PNG,0,kusursuz,0.44443333,0,kusursuz,dogru_kusursuz
/content/drive/MyDrive/DERİNMODEL/01_veri_seti/islenmis_veri/test/kusursuz/Class3_Test_0378.PNG,0,kusursuz,0.31216562,0,kusursuz,dogru_kusursuz
/content/drive/MyDrive/DERİNMODEL/01_veri_seti/islenmis_veri/test/kusursuz/Class3_Test_0379.PNG,0,kusursuz,0.32479027,0,kusursuz,dogru_kusursuz
/content/drive/MyDrive/DERİNMODEL/01_veri_seti/islenmis_veri/test/kusursuz/Class3_Test_0380.PNG,0,kusursuz,0.4386759,0,kusursuz,dogru_kusursuz
/content/drive/MyDrive/DERİNMODEL/01_veri_seti/islenmis_veri/test/kusursuz/Class3_Test_0381.PNG,0,kusursuz,0.3931673,0,kusursuz,dogru_kusursuz
/content/drive/MyDrive/DERİNMODEL/01_veri_seti/islenmis_veri/test/kusursuz/Class3_Test_0382.PNG,0,kusursuz,0.26384178,0,kusursuz,dogru_kusursuz
/content/drive/MyDrive/DERİNMODEL/01_veri_seti/islenmis_veri/test/kusursuz/Class3_Test_0383.PNG,0,kusursuz,0.50078624,0,kusursuz,dogru_kusursuz
/content/drive/MyDrive/DERİNMODEL/01_veri_seti/islenmis_veri/test/kusursuz/Class3_Test_0384.PNG,0,kusursuz,0.43192783,0,kusursuz,dogru_kusursuz
/content/drive/MyDrive/DERİNMODEL/01_veri_seti/islenmis_veri/test/kusursuz/Class3_Test_0386.PNG,0,kusursuz,0.33999488,0,kusursuz,dogru_kusursuz
/content/drive/MyDrive/DERİNMODEL/01_veri_seti/islenmis_veri/test/kusursuz/Class3_Test_0387.PNG,0,kusursuz,0.32781792,0,kusursuz,dogru_kusursuz
/content/drive/MyDrive/DERİNMODEL/01_veri_seti/islenmis_veri/test/kusursuz/Class3_Test_0388.PNG,0,kusursuz,0.3240152,0,kusursuz,dogru_kusursuz
/content/drive/MyDrive/DERİNMODEL/01_veri_seti/islenmis_veri/test/kusursuz/Class3_Test_0389.PNG,0,kusursuz,0.3366655,0,kusursuz,dogru_kusursuz
/content/drive/MyDrive/DERİNMODEL/01_veri_seti/islenmis_veri/test/kusursuz/Class3_Test_0390.PNG,0,kusursuz,0.38320336,0,kusursuz,dogru_kusursuz
/content/drive/MyDrive/DERİNMODEL/01_veri_seti/islenmis_veri/test/kusursuz/Class3_Test_0391.PNG,0,kusursuz,0.28498843,0,kusursuz,dogru_kusursuz
/content/drive/MyDrive/DERİNMODEL/01_veri_seti/islenmis_veri/test/kusursuz/Class3_Test_0392.PNG,0,kusursuz,0.2760006,0,kusursuz,dogru_kusursuz
/content/drive/MyDrive/DERİNMODEL/01_veri_seti/islenmis_veri/test/kusursuz/Class3_Test_0394.PNG,0,kusursuz,0.28322995,0,kusursuz,dogru_kusursuz
/content/drive/MyDrive/DERİNMODEL/01_veri_seti/islenmis_veri/test/kusursuz/Class3_Test_0396.PNG,0,kusursuz,0.34534487,0,kusursuz,dogru_kusursuz
/content/drive/MyDrive/DERİNMODEL/01_veri_seti/islenmis_veri/test/kusursuz/Class3_Test_0397.PNG,0,kusursuz,0.5047469,0,kusursuz,dogru_kusursuz
/content/drive/MyDrive/DERİNMODEL/01_veri_seti/islenmis_veri/test/kusursuz/Class3_Test_0398.PNG,0,kusursuz,0.37595984,0,kusursuz,dogru_kusursuz
/content/drive/MyDrive/DERİNMODEL/01_veri_seti/islenmis_veri/test/kusursuz/Class3_Test_0399.PNG,0,kusursuz,0.39060962,0,kusursuz,dogru_kusursuz
/content/drive/MyDrive/DERİNMODEL/01_veri_seti/islenmis_veri/test/kusursuz/Class3_Test_0401.PNG,0,kusursuz,0.36902902,0,kusursuz,dogru_kusursuz
/content/drive/MyDrive/DERİNMODEL/01_veri_seti/islenmis_veri/test/kusursuz/Class3_Test_0402.PNG,0,kusursuz,0.3912675,0,kusursuz,dogru_kusursuz
/content/drive/MyDrive/DERİNMODEL/01_veri_seti/islenmis_veri/test/kusursuz/Class3_Test_0403.PNG,0,kusursuz,0.45414507,0,kusursuz,dogru_kusursuz
/content/drive/MyDrive/DERİNMODEL/01_veri_seti/islenmis_veri/test/kusursuz/Class3_Test_0404.PNG,0,kusursuz,0.4410211,0,kusursuz,dogru_kusursuz
/content/drive/MyDrive/DERİNMODEL/01_veri_seti/islenmis_veri/test/kusursuz/Class3_Test_0405.PNG,0,kusursuz,0.5510358,0,kusursuz,dogru_kusursuz
/content/drive/MyDrive/DERİNMODEL/01_veri_seti/islenmis_veri/test/kusursuz/Class3_Test_0406.PNG,0,kusursuz,0.38324046,0,kusursuz,dogru_kusursuz
/content/drive/MyDrive/DERİNMODEL/01_veri_seti/islenmis_veri/test/kusursuz/Class3_Test_0407.PNG,0,kusursuz,0.29447046,0,kusursuz,dogru_kusursuz
/content/drive/MyDrive/DERİNMODEL/01_veri_seti/islenmis_veri/test/kusursuz/Class3_Test_0408.PNG,0,kusursuz,0.32237208,0,kusursuz,dogru_kusursuz
/content/drive/MyDrive/DERİNMODEL/01_veri_seti/islenmis_veri/test/kusursuz/Class3_Test_0409.PNG,0,kusursuz,0.37440208,0,kusursuz,dogru_kusursuz
/content/drive/MyDrive/DERİNMODEL/01_veri_seti/islenmis_veri/test/kusursuz/Class3_Test_0410.PNG,0,kusursuz,0.42128247,0,kusursuz,dogru_kusursuz
/content/drive/MyDrive/DERİNMODEL/01_veri_seti/islenmis_veri/test/kusursuz/Class3_Test_0411.PNG,0,kusursuz,0.3414859,0,kusursuz,dogru_kusursuz
/content/drive/MyDrive/DERİNMODEL/01_veri_seti/islenmis_veri/test/kusursuz/Class3_Test_0412.PNG,0,kusursuz,0.41494608,0,kusursuz,dogru_kusursuz
/content/drive/MyDrive/DERİNMODEL/01_veri_seti/islenmis_veri/test/kusursuz/Class3_Test_0413.PNG,0,kusursuz,0.3412873,0,kusursuz,dogru_kusursuz
/content/drive/MyDrive/DERİNMODEL/01_veri_seti/islenmis_veri/test/kusursuz/Class3_Test_0414.PNG,0,kusursuz,0.3866633,0,kusursuz,dogru_kusursuz
/content/drive/MyDrive/DERİNMODEL/01_veri_seti/islenmis_veri/test/kusursuz/Class3_Test_0415.PNG,0,kusursuz,0.517551,0,kusursuz,dogru_kusursuz
/content/drive/MyDrive/DERİNMODEL/01_veri_seti/islenmis_veri/test/kusursuz/Class3_Test_0416.PNG,0,kusursuz,0.23633166,0,kusursuz,dogru_kusursuz
/content/drive/MyDrive/DERİNMODEL/01_veri_seti/islenmis_veri/test/kusursuz/Class3_Test_0417.PNG,0,kusursuz,0.48345602,0,kusursuz,dogru_kusursuz
/content/drive/MyDrive/DERİNMODEL/01_veri_seti/islenmis_veri/test/kusursuz/Class3_Test_0418.PNG,0,kusursuz,0.3874433,0,kusursuz,dogru_kusursuz
/content/drive/MyDrive/DERİNMODEL/01_veri_seti/islenmis_veri/test/kusursuz/Class3_Test_0419.PNG,0,kusursuz,0.3806527,0,kusursuz,dogru_kusursuz
/content/drive/MyDrive/DERİNMODEL/01_veri_seti/islenmis_veri/test/kusursuz/Class3_Test_0420.PNG,0,kusursuz,0.3136599,0,kusursuz,dogru_kusursuz
/content/drive/MyDrive/DERİNMODEL/01_veri_seti/islenmis_veri/test/kusursuz/Class3_Test_0422.PNG,0,kusursuz,0.35026446,0,kusursuz,dogru_kusursuz
/content/drive/MyDrive/DERİNMODEL/01_veri_seti/islenmis_veri/test/kusursuz/Class3_Test_0424.PNG,0,kusursuz,0.2781048,0,kusursuz,dogru_kusursuz
/content/drive/MyDrive/DERİNMODEL/01_veri_seti/islenmis_veri/test/kusursuz/Class3_Test_0425.PNG,0,kusursuz,0.52288514,0,kusursuz,dogru_kusursuz
/content/drive/MyDrive/DERİNMODEL/01_veri_seti/islenmis_veri/test/kusursuz/Class3_Test_0426.PNG,0,kusursuz,0.35297996,0,kusursuz,dogru_kusursuz
/content/drive/MyDrive/DERİNMODEL/01_veri_seti/islenmis_veri/test/kusursuz/Class3_Test_0427.PNG,0,kusursuz,0.37428564,0,kusursuz,dogru_kusursuz
/content/drive/MyDrive/DERİNMODEL/01_veri_seti/islenmis_veri/test/kusursuz/Class3_Test_0428.PNG,0,kusursuz,0.4241186,0,kusursuz,dogru_kusursuz
/content/drive/MyDrive/DERİNMODEL/01_veri_seti/islenmis_veri/test/kusursuz/Class3_Test_0429.PNG,0,kusursuz,0.37952963,0,kusursuz,dogru_kusursuz
/content/drive/MyDrive/DERİNMODEL/01_veri_seti/islenmis_veri/test/kusursuz/Class3_Test_0430.PNG,0,kusursuz,0.3359401,0,kusursuz,dogru_kusursuz
/content/drive/MyDrive/DERİNMODEL/01_veri_seti/islenmis_veri/test/kusursuz/Class3_Test_0431.PNG,0,kusursuz,0.38876984,0,kusursuz,dogru_kusursuz
/content/drive/MyDrive/DERİNMODEL/01_veri_seti/islenmis_veri/test/kusursuz/Class3_Test_0432.PNG,0,kusursuz,0.34256873,0,kusursuz,dogru_kusursuz
/content/drive/MyDrive/DERİNMODEL/01_veri_seti/islenmis_veri/test/kusursuz/Class3_Test_0433.PNG,0,kusursuz,0.35257488,0,kusursuz,dogru_kusursuz
/content/drive/MyDrive/DERİNMODEL/01_veri_seti/islenmis_veri/test/kusursuz/Class3_Test_0434.PNG,0,kusursuz,0.37015533,0,kusursuz,dogru_kusursuz
/content/drive/MyDrive/DERİNMODEL/01_veri_seti/islenmis_veri/test/kusursuz/Class3_Test_0435.PNG,0,kusursuz,0.3972927,0,kusursuz,dogru_kusursuz
/content/drive/MyDrive/DERİNMODEL/01_veri_seti/islenmis_veri/test/kusursuz/Class3_Test_0436.PNG,0,kusursuz,0.3279311,0,kusursuz,dogru_kusursuz
/content/drive/MyDrive/DERİNMODEL/01_veri_seti/islenmis_veri/test/kusursuz/Class3_Test_0437.PNG,0,kusursuz,0.27561918,0,kusursuz,dogru_kusursuz
/content/drive/MyDrive/DERİNMODEL/01_veri_seti/islenmis_veri/test/kusursuz/Class3_Test_0438.PNG,0,kusursuz,0.34832403,0,kusursuz,dogru_kusursuz
/content/drive/MyDrive/DERİNMODEL/01_veri_seti/islenmis_veri/test/kusursuz/Class3_Test_0439.PNG,0,kusursuz,0.29186705,0,kusursuz,dogru_kusursuz
/content/drive/MyDrive/DERİNMODEL/01_veri_seti/islenmis_veri/test/kusursuz/Class3_Test_0440.PNG,0,kusursuz,0.26079533,0,kusursuz,dogru_kusursuz
/content/drive/MyDrive/DERİNMODEL/01_veri_seti/islenmis_veri/test/kusursuz/Class3_Test_0442.PNG,0,kusursuz,0.36780533,0,kusursuz,dogru_kusursuz
/content/drive/MyDrive/DERİNMODEL/01_veri_seti/islenmis_veri/test/kusursuz/Class3_Test_0443.PNG,0,kusursuz,0.38114017,0,kusursuz,dogru_kusursuz
/content/drive/MyDrive/DERİNMODEL/01_veri_seti/islenmis_veri/test/kusursuz/Class3_Test_0444.PNG,0,kusursuz,0.38596976,0,kusursuz,dogru_kusursuz
/content/drive/MyDrive/DERİNMODEL/01_veri_seti/islenmis_veri/test/kusursuz/Class3_Test_0445.PNG,0,kusursuz,0.5447712,0,kusursuz,dogru_kusursuz
/content/drive/MyDrive/DERİNMODEL/01_veri_seti/islenmis_veri/test/kusursuz/Class3_Test_0446.PNG,0,kusursuz,0.3749906,0,kusursuz,dogru_kusursuz
/content/drive/MyDrive/DERİNMODEL/01_veri_seti/islenmis_veri/test/kusursuz/Class3_Test_0447.PNG,0,kusursuz,0.39239648,0,kusursuz,dogru_kusursuz
/content/drive/MyDrive/DERİNMODEL/01_veri_seti/islenmis_veri/test/kusursuz/Class3_Test_0448.PNG,0,kusursuz,0.4058183,0,kusursuz,dogru_kusursuz
/content/drive/MyDrive/DERİNMODEL/01_veri_seti/islenmis_veri/test/kusursuz/Class3_Test_0449.PNG,0,kusursuz,0.5071638,0,kusursuz,dogru_kusursuz
/content/drive/MyDrive/DERİNMODEL/01_veri_seti/islenmis_veri/test/kusursuz/Class3_Test_0450.PNG,0,kusursuz,0.42394018,0,kusursuz,dogru_kusursuz
/content/drive/MyDrive/DERİNMODEL/01_veri_seti/islenmis_veri/test/kusursuz/Class3_Test_0451.PNG,0,kusursuz,0.2934499,0,kusursuz,dogru_kusursuz
/content/drive/MyDrive/DERİNMODEL/01_veri_seti/islenmis_veri/test/kusursuz/Class3_Test_0452.PNG,0,kusursuz,0.32306612,0,kusursuz,dogru_kusursuz
/content/drive/MyDrive/DERİNMODEL/01_veri_seti/islenmis_veri/test/kusursuz/Class3_Test_0453.PNG,0,kusursuz,0.32490557,0,kusursuz,dogru_kusursuz
/content/drive/MyDrive/DERİNMODEL/01_veri_seti/islenmis_veri/test/kusursuz/Class3_Test_0454.PNG,0,kusursuz,0.2881868,0,kusursuz,dogru_kusursuz
/content/drive/MyDrive/DERİNMODEL/01_veri_seti/islenmis_veri/test/kusursuz/Class3_Test_0455.PNG,0,kusursuz,0.25530726,0,kusursuz,dogru_kusursuz
/content/drive/MyDrive/DERİNMODEL/01_veri_seti/islenmis_veri/test/kusursuz/Class3_Test_0456.PNG,0,kusursuz,0.51175666,0,kusursuz,dogru_kusursuz
/content/drive/MyDrive/DERİNMODEL/01_veri_seti/islenmis_veri/test/kusursuz/Class3_Test_0457.PNG,0,kusursuz,0.37205493,0,kusursuz,dogru_kusursuz
/content/drive/MyDrive/DERİNMODEL/01_veri_seti/islenmis_veri/test/kusursuz/Class3_Test_0458.PNG,0,kusursuz,0.31548256,0,kusursuz,dogru_kusursuz
/content/drive/MyDrive/DERİNMODEL/01_veri_seti/islenmis_veri/test/kusursuz/Class3_Test_0459.PNG,0,kusursuz,0.3934673,0,kusursuz,dogru_kusursuz
/content/drive/MyDrive/DERİNMODEL/01_veri_seti/islenmis_veri/test/kusursuz/Class3_Test_0461.PNG,0,kusursuz,0.44114923,0,kusursuz,dogru_kusursuz
/content/drive/MyDrive/DERİNMODEL/01_veri_seti/islenmis_veri/test/kusursuz/Class3_Test_0463.PNG,0,kusursuz,0.4226228,0,kusursuz,dogru_kusursuz
/content/drive/MyDrive/DERİNMODEL/01_veri_seti/islenmis_veri/test/kusursuz/Class3_Test_0464.PNG,0,kusursuz,0.49096233,0,kusursuz,dogru_kusursuz
/content/drive/MyDrive/DERİNMODEL/01_veri_seti/islenmis_veri/test/kusursuz/Class3_Test_0465.PNG,0,kusursuz,0.28209087,0,kusursuz,dogru_kusursuz
/content/drive/MyDrive/DERİNMODEL/01_veri_seti/islenmis_veri/test/kusursuz/Class3_Test_0466.PNG,0,kusursuz,0.35024813,0,kusursuz,dogru_kusursuz
/content/drive/MyDrive/DERİNMODEL/01_veri_seti/islenmis_veri/test/kusursuz/Class3_Test_0467.PNG,0,kusursuz,0.35583085,0,kusursuz,dogru_kusursuz
/content/drive/MyDrive/DERİNMODEL/01_veri_seti/islenmis_veri/test/kusursuz/Class3_Test_0468.PNG,0,kusursuz,0.42142093,0,kusursuz,dogru_kusursuz
/content/drive/MyDrive/DERİNMODEL/01_veri_seti/islenmis_veri/test/kusursuz/Class3_Test_0469.PNG,0,kusursuz,0.37530026,0,kusursuz,dogru_kusursuz
/content/drive/MyDrive/DERİNMODEL/01_veri_seti/islenmis_veri/test/kusursuz/Class3_Test_0470.PNG,0,kusursuz,0.32646668,0,kusursuz,dogru_kusursuz
/content/drive/MyDrive/DERİNMODEL/01_veri_seti/islenmis_veri/test/kusursuz/Class3_Test_0471.PNG,0,kusursuz,0.32485187,0,kusursuz,dogru_kusursuz
/content/drive/MyDrive/DERİNMODEL/01_veri_seti/islenmis_veri/test/kusursuz/Class3_Test_0472.PNG,0,kusursuz,0.36213094,0,kusursuz,dogru_kusursuz
/content/drive/MyDrive/DERİNMODEL/01_veri_seti/islenmis_veri/test/kusursuz/Class3_Test_0473.PNG,0,kusursuz,0.38250944,0,kusursuz,dogru_kusursuz
/content/drive/MyDrive/DERİNMODEL/01_veri_seti/islenmis_veri/test/kusursuz/Class3_Test_0474.PNG,0,kusursuz,0.432315,0,kusursuz,dogru_kusursuz
/content/drive/MyDrive/DERİNMODEL/01_veri_seti/islenmis_veri/test/kusursuz/Class3_Test_0475.PNG,0,kusursuz,0.30265602,0,kusursuz,dogru_kusursuz
/content/drive/MyDrive/DERİNMODEL/01_veri_seti/islenmis_veri/test/kusursuz/Class3_Test_0476.PNG,0,kusursuz,0.2945276,0,kusursuz,dogru_kusursuz
/content/drive/MyDrive/DERİNMODEL/01_veri_seti/islenmis_veri/test/kusursuz/Class3_Test_0479.PNG,0,kusursuz,0.34269008,0,kusursuz,dogru_kusursuz
/content/drive/MyDrive/DERİNMODEL/01_veri_seti/islenmis_veri/test/kusursuz/Class3_Test_0481.PNG,0,kusursuz,0.33294943,0,kusursuz,dogru_kusursuz
/content/drive/MyDrive/DERİNMODEL/01_veri_seti/islenmis_veri/test/kusursuz/Class3_Test_0482.PNG,0,kusursuz,0.3382183,0,kusursuz,dogru_kusursuz
/content/drive/MyDrive/DERİNMODEL/01_veri_seti/islenmis_veri/test/kusursuz/Class3_Test_0484.PNG,0,kusursuz,0.26654008,0,kusursuz,dogru_kusursuz
/content/drive/MyDrive/DERİNMODEL/01_veri_seti/islenmis_veri/test/kusursuz/Class3_Test_0485.PNG,0,kusursuz,0.40035215,0,kusursuz,dogru_kusursuz
/content/drive/MyDrive/DERİNMODEL/01_veri_seti/islenmis_veri/test/kusursuz/Class3_Test_0487.PNG,0,kusursuz,0.3080019,0,kusursuz,dogru_kusursuz
/content/drive/MyDrive/DERİNMODEL/01_veri_seti/islenmis_veri/test/kusursuz/Class3_Test_0488.PNG,0,kusursuz,0.43922964,0,kusursuz,dogru_kusursuz
/content/drive/MyDrive/DERİNMODEL/01_veri_seti/islenmis_veri/test/kusursuz/Class3_Test_0489.PNG,0,kusursuz,0.29720545,0,kusursuz,dogru_kusursuz
/content/drive/MyDrive/DERİNMODEL/01_veri_seti/islenmis_veri/test/kusursuz/Class3_Test_0490.PNG,0,kusursuz,0.25396624,0,kusursuz,dogru_kusursuz
/content/drive/MyDrive/DERİNMODEL/01_veri_seti/islenmis_veri/test/kusursuz/Class3_Test_0491.PNG,0,kusursuz,0.3553589,0,kusursuz,dogru_kusursuz
/content/drive/MyDrive/DERİNMODEL/01_veri_seti/islenmis_veri/test/kusursuz/Class3_Test_0492.PNG,0,kusursuz,0.4205257,0,kusursuz,dogru_kusursuz
/content/drive/MyDrive/DERİNMODEL/01_veri_seti/islenmis_veri/test/kusursuz/Class3_Test_0493.PNG,0,kusursuz,0.33904982,0,kusursuz,dogru_kusursuz
/content/drive/MyDrive/DERİNMODEL/01_veri_seti/islenmis_veri/test/kusursuz/Class3_Test_0494.PNG,0,kusursuz,0.32270938,0,kusursuz,dogru_kusursuz
/content/drive/MyDrive/DERİNMODEL/01_veri_seti/islenmis_veri/test/kusursuz/Class3_Test_0495.PNG,0,kusursuz,0.33695495,0,kusursuz,dogru_kusursuz
/content/drive/MyDrive/DERİNMODEL/01_veri_seti/islenmis_veri/test/kusursuz/Class3_Test_0497.PNG,0,kusursuz,0.40455523,0,kusursuz,dogru_kusursuz
/content/drive/MyDrive/DERİNMODEL/01_veri_seti/islenmis_veri/test/kusursuz/Class3_Test_0498.PNG,0,kusursuz,0.44237497,0,kusursuz,dogru_kusursuz
/content/drive/MyDrive/DERİNMODEL/01_veri_seti/islenmis_veri/test/kusursuz/Class3_Test_0500.PNG,0,kusursuz,0.3365584,0,kusursuz,dogru_kusursuz
/content/drive/MyDrive/DERİNMODEL/01_veri_seti/islenmis_veri/test/kusursuz/Class3_Test_0501.PNG,0,kusursuz,0.36938962,0,kusursuz,dogru_kusursuz
/content/drive/MyDrive/DERİNMODEL/01_veri_seti/islenmis_veri/test/kusursuz/Class3_Test_0502.PNG,0,kusursuz,0.26296446,0,kusursuz,dogru_kusursuz
/content/drive/MyDrive/DERİNMODEL/01_veri_seti/islenmis_veri/test/kusursuz/Class3_Test_0503.PNG,0,kusursuz,0.37540293,0,kusursuz,dogru_kusursuz
/content/drive/MyDrive/DERİNMODEL/01_veri_seti/islenmis_veri/test/kusursuz/Class3_Test_0504.PNG,0,kusursuz,0.3592367,0,kusursuz,dogru_kusursuz
/content/drive/MyDrive/DERİNMODEL/01_veri_seti/islenmis_veri/test/kusursuz/Class3_Test_0505.PNG,0,kusursuz,0.40954304,0,kusursuz,dogru_kusursuz
/content/drive/MyDrive/DERİNMODEL/01_veri_seti/islenmis_veri/test/kusursuz/Class3_Test_0506.PNG,0,kusursuz,0.24230263,0,kusursuz,dogru_kusursuz
/content/drive/MyDrive/DERİNMODEL/01_veri_seti/islenmis_veri/test/kusursuz/Class3_Test_0507.PNG,0,kusursuz,0.32968023,0,kusursuz,dogru_kusursuz
/content/drive/MyDrive/DERİNMODEL/01_veri_seti/islenmis_veri/test/kusursuz/Class3_Test_0508.PNG,0,kusursuz,0.3492907,0,kusursuz,dogru_kusursuz
/content/drive/MyDrive/DERİNMODEL/01_veri_seti/islenmis_veri/test/kusursuz/Class3_Test_0510.PNG,0,kusursuz,0.3653748,0,kusursuz,dogru_kusursuz
/content/drive/MyDrive/DERİNMODEL/01_veri_seti/islenmis_veri/test/kusursuz/Class3_Test_0511.PNG,0,kusursuz,0.40886432,0,kusursuz,dogru_kusursuz
/content/drive/MyDrive/DERİNMODEL/01_veri_seti/islenmis_veri/test/kusursuz/Class3_Test_0512.PNG,0,kusursuz,0.37939882,0,kusursuz,dogru_kusursuz
/content/drive/MyDrive/DERİNMODEL/01_veri_seti/islenmis_veri/test/kusursuz/Class3_Test_0513.PNG,0,kusursuz,0.37962517,0,kusursuz,dogru_kusursuz
/content/drive/MyDrive/DERİNMODEL/01_veri_seti/islenmis_veri/test/kusursuz/Class3_Test_0514.PNG,0,kusursuz,0.45832574,0,kusursuz,dogru_kusursuz
/content/drive/MyDrive/DERİNMODEL/01_veri_seti/islenmis_veri/test/kusursuz/Class3_Test_0515.PNG,0,kusursuz,0.33527696,0,kusursuz,dogru_kusursuz
/content/drive/MyDrive/DERİNMODEL/01_veri_seti/islenmis_veri/test/kusursuz/Class3_Test_0516.PNG,0,kusursuz,0.28450844,0,kusursuz,dogru_kusursuz
/content/drive/MyDrive/DERİNMODEL/01_veri_seti/islenmis_veri/test/kusursuz/Class3_Test_0517.PNG,0,kusursuz,0.28985187,0,kusursuz,dogru_kusursuz
/content/drive/MyDrive/DERİNMODEL/01_veri_seti/islenmis_veri/test/kusursuz/Class3_Test_0518.PNG,0,kusursuz,0.3924539,0,kusursuz,dogru_kusursuz
/content/drive/MyDrive/DERİNMODEL/01_veri_seti/islenmis_veri/test/kusursuz/Class3_Test_0520.PNG,0,kusursuz,0.33722273,0,kusursuz,dogru_kusursuz
/content/drive/MyDrive/DERİNMODEL/01_veri_seti/islenmis_veri/test/kusursuz/Class3_Test_0522.PNG,0,kusursuz,0.44787216,0,kusursuz,dogru_kusursuz
/content/drive/MyDrive/DERİNMODEL/01_veri_seti/islenmis_veri/test/kusursuz/Class3_Test_0523.PNG,0,kusursuz,0.28025147,0,kusursuz,dogru_kusursuz
/content/drive/MyDrive/DERİNMODEL/01_veri_seti/islenmis_veri/test/kusursuz/Class3_Test_0524.PNG,0,kusursuz,0.47473493,0,kusursuz,dogru_kusursuz
/content/drive/MyDrive/DERİNMODEL/01_veri_seti/islenmis_veri/test/kusursuz/Class3_Test_0525.PNG,0,kusursuz,0.29041487,0,kusursuz,dogru_kusursuz
/content/drive/MyDrive/DERİNMODEL/01_veri_seti/islenmis_veri/test/kusursuz/Class3_Test_0526.PNG,0,kusursuz,0.5329574,0,kusursuz,dogru_kusursuz
/content/drive/MyDrive/DERİNMODEL/01_veri_seti/islenmis_veri/test/kusursuz/Class3_Test_0527.PNG,0,kusursuz,0.3728025,0,kusursuz,dogru_kusursuz
/content/drive/MyDrive/DERİNMODEL/01_veri_seti/islenmis_veri/test/kusursuz/Class3_Test_0528.PNG,0,kusursuz,0.5539527,0,kusursuz,dogru_kusursuz
/content/drive/MyDrive/DERİNMODEL/01_veri_seti/islenmis_veri/test/kusursuz/Class3_Test_0529.PNG,0,kusursuz,0.38145542,0,kusursuz,dogru_kusursuz
/content/drive/MyDrive/DERİNMODEL/01_veri_seti/islenmis_veri/test/kusursuz/Class3_Test_0530.PNG,0,kusursuz,0.443048,0,kusursuz,dogru_kusursuz
/content/drive/MyDrive/DERİNMODEL/01_veri_seti/islenmis_veri/test/kusursuz/Class3_Test_0531.PNG,0,kusursuz,0.41320655,0,kusursuz,dogru_kusursuz
/content/drive/MyDrive/DERİNMODEL/01_veri_seti/islenmis_veri/test/kusursuz/Class3_Test_0532.PNG,0,kusursuz,0.38217616,0,kusursuz,dogru_kusursuz
/content/drive/MyDrive/DERİNMODEL/01_veri_seti/islenmis_veri/test/kusursuz/Class3_Test_0534.PNG,0,kusursuz,0.40036893,0,kusursuz,dogru_kusursuz
/content/drive/MyDrive/DERİNMODEL/01_veri_seti/islenmis_veri/test/kusursuz/Class3_Test_0535.PNG,0,kusursuz,0.36695668,0,kusursuz,dogru_kusursuz
/content/drive/MyDrive/DERİNMODEL/01_veri_seti/islenmis_veri/test/kusursuz/Class3_Test_0536.PNG,0,kusursuz,0.53464466,0,kusursuz,dogru_kusursuz
/content/drive/MyDrive/DERİNMODEL/01_veri_seti/islenmis_veri/test/kusursuz/Class3_Test_0537.PNG,0,kusursuz,0.34072277,0,kusursuz,dogru_kusursuz
/content/drive/MyDrive/DERİNMODEL/01_veri_seti/islenmis_veri/test/kusursuz/Class3_Test_0539.PNG,0,kusursuz,0.31698063,0,kusursuz,dogru_kusursuz
/content/drive/MyDrive/DERİNMODEL/01_veri_seti/islenmis_veri/test/kusursuz/Class3_Test_0540.PNG,0,kusursuz,0.3446484,0,kusursuz,dogru_kusursuz
/content/drive/MyDrive/DERİNMODEL/01_veri_seti/islenmis_veri/test/kusursuz/Class3_Test_0541.PNG,0,kusursuz,0.36663908,0,kusursuz,dogru_kusursuz
/content/drive/MyDrive/DERİNMODEL/01_veri_seti/islenmis_veri/test/kusursuz/Class3_Test_0542.PNG,0,kusursuz,0.3212963,0,kusursuz,dogru_kusursuz
/content/drive/MyDrive/DERİNMODEL/01_veri_seti/islenmis_veri/test/kusursuz/Class3_Test_0543.PNG,0,kusursuz,0.3357004,0,kusursuz,dogru_kusursuz
/content/drive/MyDrive/DERİNMODEL/01_veri_seti/islenmis_veri/test/kusursuz/Class3_Test_0544.PNG,0,kusursuz,0.38990253,0,kusursuz,dogru_kusursuz
/content/drive/MyDrive/DERİNMODEL/01_veri_seti/islenmis_veri/test/kusursuz/Class3_Test_0545.PNG,0,kusursuz,0.42722848,0,kusursuz,dogru_kusursuz
/content/drive/MyDrive/DERİNMODEL/01_veri_seti/islenmis_veri/test/kusursuz/Class3_Test_0548.PNG,0,kusursuz,0.30945513,0,kusursuz,dogru_kusursuz
/content/drive/MyDrive/DERİNMODEL/01_veri_seti/islenmis_veri/test/kusursuz/Class3_Test_0549.PNG,0,kusursuz,0.46042636,0,kusursuz,dogru_kusursuz
/content/drive/MyDrive/DERİNMODEL/01_veri_seti/islenmis_veri/test/kusursuz/Class3_Test_0550.PNG,0,kusursuz,0.40112114,0,kusursuz,dogru_kusursuz
/content/drive/MyDrive/DERİNMODEL/01_veri_seti/islenmis_veri/test/kusursuz/Class3_Test_0552.PNG,0,kusursuz,0.30791235,0,kusursuz,dogru_kusursuz
/content/drive/MyDrive/DERİNMODEL/01_veri_seti/islenmis_veri/test/kusursuz/Class3_Test_0553.PNG,0,kusursuz,0.36384866,0,kusursuz,dogru_kusursuz
/content/drive/MyDrive/DERİNMODEL/01_veri_seti/islenmis_veri/test/kusursuz/Class3_Test_0555.PNG,0,kusursuz,0.40638724,0,kusursuz,dogru_kusursuz
/content/drive/MyDrive/DERİNMODEL/01_veri_seti/islenmis_veri/test/kusursuz/Class3_Test_0556.PNG,0,kusursuz,0.29840335,0,kusursuz,dogru_kusursuz
/content/drive/MyDrive/DERİNMODEL/01_veri_seti/islenmis_veri/test/kusursuz/Class3_Test_0557.PNG,0,kusursuz,0.43973383,0,kusursuz,dogru_kusursuz
/content/drive/MyDrive/DERİNMODEL/01_veri_seti/islenmis_veri/test/kusursuz/Class3_Test_0558.PNG,0,kusursuz,0.3551494,0,kusursuz,dogru_kusursuz
/content/drive/MyDrive/DERİNMODEL/01_veri_seti/islenmis_veri/test/kusursuz/Class3_Test_0559.PNG,0,kusursuz,0.4199768,0,kusursuz,dogru_kusursuz
/content/drive/MyDrive/DERİNMODEL/01_veri_seti/islenmis_veri/test/kusursuz/Class3_Test_0561.PNG,0,kusursuz,0.26182875,0,kusursuz,dogru_kusursuz
/content/drive/MyDrive/DERİNMODEL/01_veri_seti/islenmis_veri/test/kusursuz/Class3_Test_0562.PNG,0,kusursuz,0.46133837,0,kusursuz,dogru_kusursuz
/content/drive/MyDrive/DERİNMODEL/01_veri_seti/islenmis_veri/test/kusursuz/Class3_Test_0563.PNG,0,kusursuz,0.24703386,0,kusursuz,dogru_kusursuz
/content/drive/MyDrive/DERİNMODEL/01_veri_seti/islenmis_veri/test/kusursuz/Class3_Test_0564.PNG,0,kusursuz,0.3414859,0,kusursuz,dogru_kusursuz
/content/drive/MyDrive/DERİNMODEL/01_veri_seti/islenmis_veri/test/kusursuz/Class3_Test_0565.PNG,0,kusursuz,0.3123054,0,kusursuz,dogru_kusursuz
/content/drive/MyDrive/DERİNMODEL/01_veri_seti/islenmis_veri/test/kusursuz/Class3_Test_0566.PNG,0,kusursuz,0.39266723,0,kusursuz,dogru_kusursuz
/content/drive/MyDrive/DERİNMODEL/01_veri_seti/islenmis_veri/test/kusursuz/Class3_Test_0567.PNG,0,kusursuz,0.3593672,0,kusursuz,dogru_kusursuz
/content/drive/MyDrive/DERİNMODEL/01_veri_seti/islenmis_veri/test/kusursuz/Class3_Test_0568.PNG,0,kusursuz,0.39633545,0,kusursuz,dogru_kusursuz
/content/drive/MyDrive/DERİNMODEL/01_veri_seti/islenmis_veri/test/kusursuz/Class3_Test_0569.PNG,0,kusursuz,0.43653902,0,kusursuz,dogru_kusursuz
/content/drive/MyDrive/DERİNMODEL/01_veri_seti/islenmis_veri/test/kusursuz/Class3_Test_0570.PNG,0,kusursuz,0.46078962,0,kusursuz,dogru_kusursuz
/content/drive/MyDrive/DERİNMODEL/01_veri_seti/islenmis_veri/test/kusursuz/Class3_Test_0572.PNG,0,kusursuz,0.39602557,0,kusursuz,dogru_kusursuz
/content/drive/MyDrive/DERİNMODEL/01_veri_seti/islenmis_veri/test/kusursuz/Class3_Test_0573.PNG,0,kusursuz,0.37616012,0,kusursuz,dogru_kusursuz
/content/drive/MyDrive/DERİNMODEL/01_veri_seti/islenmis_veri/test/kusursuz/Class3_Test_0574.PNG,0,kusursuz,0.28330597,0,kusursuz,dogru_kusursuz
/content/drive/MyDrive/DERİNMODEL/01_veri_seti/islenmis_veri/test/kusursuz/Class3_Test_0575.PNG,0,kusursuz,0.36041015,0,kusursuz,dogru_kusursuz
/content/drive/MyDrive/DERİNMODEL/01_veri_seti/islenmis_veri/test/kusursuz/Class4_Test_0001.PNG,0,kusursuz,0.38955662,0,kusursuz,dogru_kusursuz
/content/drive/MyDrive/DERİNMODEL/01_veri_seti/islenmis_veri/test/kusursuz/Class4_Test_0002.PNG,0,kusursuz,0.34799302,0,kusursuz,dogru_kusursuz
/content/drive/MyDrive/DERİNMODEL/01_veri_seti/islenmis_veri/test/kusursuz/Class4_Test_0003.PNG,0,kusursuz,0.37429675,0,kusursuz,dogru_kusursuz
/content/drive/MyDrive/DERİNMODEL/01_veri_seti/islenmis_veri/test/kusursuz/Class4_Test_0004.PNG,0,kusursuz,0.3562297,0,kusursuz,dogru_kusursuz
/content/drive/MyDrive/DERİNMODEL/01_veri_seti/islenmis_veri/test/kusursuz/Class4_Test_0005.PNG,0,kusursuz,0.28157896,0,kusursuz,dogru_kusursuz
/content/drive/MyDrive/DERİNMODEL/01_veri_seti/islenmis_veri/test/kusursuz/Class4_Test_0006.PNG,0,kusursuz,0.32926187,0,kusursuz,dogru_kusursuz
/content/drive/MyDrive/DERİNMODEL/01_veri_seti/islenmis_veri/test/kusursuz/Class4_Test_0007.PNG,0,kusursuz,0.3036417,0,kusursuz,dogru_kusursuz
/content/drive/MyDrive/DERİNMODEL/01_veri_seti/islenmis_veri/test/kusursuz/Class4_Test_0008.PNG,0,kusursuz,0.21788219,0,kusursuz,dogru_kusursuz
/content/drive/MyDrive/DERİNMODEL/01_veri_seti/islenmis_veri/test/kusursuz/Class4_Test_0009.PNG,0,kusursuz,0.37720582,0,kusursuz,dogru_kusursuz
/content/drive/MyDrive/DERİNMODEL/01_veri_seti/islenmis_veri/test/kusursuz/Class4_Test_0010.PNG,0,kusursuz,0.35006952,0,kusursuz,dogru_kusursuz
/content/drive/MyDrive/DERİNMODEL/01_veri_seti/islenmis_veri/test/kusursuz/Class4_Test_0011.PNG,0,kusursuz,0.24545594,0,kusursuz,dogru_kusursuz
/content/drive/MyDrive/DERİNMODEL/01_veri_seti/islenmis_veri/test/kusursuz/Class4_Test_0012.PNG,0,kusursuz,0.45543045,0,kusursuz,dogru_kusursuz
/content/drive/MyDrive/DERİNMODEL/01_veri_seti/islenmis_veri/test/kusursuz/Class4_Test_0013.PNG,0,kusursuz,0.565937,0,kusursuz,dogru_kusursuz
/content/drive/MyDrive/DERİNMODEL/01_veri_seti/islenmis_veri/test/kusursuz/Class4_Test_0014.PNG,0,kusursuz,0.36962643,0,kusursuz,dogru_kusursuz
/content/drive/MyDrive/DERİNMODEL/01_veri_seti/islenmis_veri/test/kusursuz/Class4_Test_0015.PNG,0,kusursuz,0.40085486,0,kusursuz,dogru_kusursuz
/content/drive/MyDrive/DERİNMODEL/01_veri_seti/islenmis_veri/test/kusursuz/Class4_Test_0016.PNG,0,kusursuz,0.33898005,0,kusursuz,dogru_kusursuz
/content/drive/MyDrive/DERİNMODEL/01_veri_seti/islenmis_veri/test/kusursuz/Class4_Test_0017.PNG,0,kusursuz,0.32990205,0,kusursuz,dogru_kusursuz
/content/drive/MyDrive/DERİNMODEL/01_veri_seti/islenmis_veri/test/kusursuz/Class4_Test_0018.PNG,0,kusursuz,0.4524508,0,kusursuz,dogru_kusursuz
/content/drive/MyDrive/DERİNMODEL/01_veri_seti/islenmis_veri/test/kusursuz/Class4_Test_0019.PNG,0,kusursuz,0.31260404,0,kusursuz,dogru_kusursuz
/content/drive/MyDrive/DERİNMODEL/01_veri_seti/islenmis_veri/test/kusursuz/Class4_Test_0020.PNG,0,kusursuz,0.38095653,0,kusursuz,dogru_kusursuz
/content/drive/MyDrive/DERİNMODEL/01_veri_seti/islenmis_veri/test/kusursuz/Class4_Test_0021.PNG,0,kusursuz,0.36256066,0,kusursuz,dogru_kusursuz
/content/drive/MyDrive/DERİNMODEL/01_veri_seti/islenmis_veri/test/kusursuz/Class4_Test_0023.PNG,0,kusursuz,0.3459759,0,kusursuz,dogru_kusursuz
/content/drive/MyDrive/DERİNMODEL/01_veri_seti/islenmis_veri/test/kusursuz/Class4_Test_0024.PNG,0,kusursuz,0.23905714,0,kusursuz,dogru_kusursuz
/content/drive/MyDrive/DERİNMODEL/01_veri_seti/islenmis_veri/test/kusursuz/Class4_Test_0025.PNG,0,kusursuz,0.40646443,0,kusursuz,dogru_kusursuz
/content/drive/MyDrive/DERİNMODEL/01_veri_seti/islenmis_veri/test/kusursuz/Class4_Test_0026.PNG,0,kusursuz,0.36903948,0,kusursuz,dogru_kusursuz
/content/drive/MyDrive/DERİNMODEL/01_veri_seti/islenmis_veri/test/kusursuz/Class4_Test_0027.PNG,0,kusursuz,0.31916755,0,kusursuz,dogru_kusursuz
/content/drive/MyDrive/DERİNMODEL/01_veri_seti/islenmis_veri/test/kusursuz/Class4_Test_0029.PNG,0,kusursuz,0.5663856,0,kusursuz,dogru_kusursuz
/content/drive/MyDrive/DERİNMODEL/01_veri_seti/islenmis_veri/test/kusursuz/Class4_Test_0030.PNG,0,kusursuz,0.44941723,0,kusursuz,dogru_kusursuz
/content/drive/MyDrive/DERİNMODEL/01_veri_seti/islenmis_veri/test/kusursuz/Class4_Test_0031.PNG,0,kusursuz,0.21003856,0,kusursuz,dogru_kusursuz
/content/drive/MyDrive/DERİNMODEL/01_veri_seti/islenmis_veri/test/kusursuz/Class4_Test_0032.PNG,0,kusursuz,0.42142594,0,kusursuz,dogru_kusursuz
/content/drive/MyDrive/DERİNMODEL/01_veri_seti/islenmis_veri/test/kusursuz/Class4_Test_0033.PNG,0,kusursuz,0.3335638,0,kusursuz,dogru_kusursuz
/content/drive/MyDrive/DERİNMODEL/01_veri_seti/islenmis_veri/test/kusursuz/Class4_Test_0034.PNG,0,kusursuz,0.43143362,0,kusursuz,dogru_kusursuz
/content/drive/MyDrive/DERİNMODEL/01_veri_seti/islenmis_veri/test/kusursuz/Class4_Test_0035.PNG,0,kusursuz,0.5163189,0,kusursuz,dogru_kusursuz
/content/drive/MyDrive/DERİNMODEL/01_veri_seti/islenmis_veri/test/kusursuz/Class4_Test_0036.PNG,0,kusursuz,0.46319306,0,kusursuz,dogru_kusursuz
/content/drive/MyDrive/DERİNMODEL/01_veri_seti/islenmis_veri/test/kusursuz/Class4_Test_0037.PNG,0,kusursuz,0.36218122,0,kusursuz,dogru_kusursuz
/content/drive/MyDrive/DERİNMODEL/01_veri_seti/islenmis_veri/test/kusursuz/Class4_Test_0038.PNG,0,kusursuz,0.43204632,0,kusursuz,dogru_kusursuz
/content/drive/MyDrive/DERİNMODEL/01_veri_seti/islenmis_veri/test/kusursuz/Class4_Test_0039.PNG,0,kusursuz,0.32329988,0,kusursuz,dogru_kusursuz
/content/drive/MyDrive/DERİNMODEL/01_veri_seti/islenmis_veri/test/kusursuz/Class4_Test_0040.PNG,0,kusursuz,0.28191134,0,kusursuz,dogru_kusursuz
/content/drive/MyDrive/DERİNMODEL/01_veri_seti/islenmis_veri/test/kusursuz/Class4_Test_0041.PNG,0,kusursuz,0.37764177,0,kusursuz,dogru_kusursuz
/content/drive/MyDrive/DERİNMODEL/01_veri_seti/islenmis_veri/test/kusursuz/Class4_Test_0042.PNG,0,kusursuz,0.34309337,0,kusursuz,dogru_kusursuz
/content/drive/MyDrive/DERİNMODEL/01_veri_seti/islenmis_veri/test/kusursuz/Class4_Test_0043.PNG,0,kusursuz,0.35962936,0,kusursuz,dogru_kusursuz
/content/drive/MyDrive/DERİNMODEL/01_veri_seti/islenmis_veri/test/kusursuz/Class4_Test_0044.PNG,0,kusursuz,0.33155522,0,kusursuz,dogru_kusursuz
/content/drive/MyDrive/DERİNMODEL/01_veri_seti/islenmis_veri/test/kusursuz/Class4_Test_0045.PNG,0,kusursuz,0.41333243,0,kusursuz,dogru_kusursuz
/content/drive/MyDrive/DERİNMODEL/01_veri_seti/islenmis_veri/test/kusursuz/Class4_Test_0046.PNG,0,kusursuz,0.35389745,0,kusursuz,dogru_kusursuz
/content/drive/MyDrive/DERİNMODEL/01_veri_seti/islenmis_veri/test/kusursuz/Class4_Test_0047.PNG,0,kusursuz,0.44483602,0,kusursuz,dogru_kusursuz
/content/drive/MyDrive/DERİNMODEL/01_veri_seti/islenmis_veri/test/kusursuz/Class4_Test_0048.PNG,0,kusursuz,0.46331802,0,kusursuz,dogru_kusursuz
/content/drive/MyDrive/DERİNMODEL/01_veri_seti/islenmis_veri/test/kusursuz/Class4_Test_0051.PNG,0,kusursuz,0.36827126,0,kusursuz,dogru_kusursuz
/content/drive/MyDrive/DERİNMODEL/01_veri_seti/islenmis_veri/test/kusursuz/Class4_Test_0053.PNG,0,kusursuz,0.41774672,0,kusursuz,dogru_kusursuz
/content/drive/MyDrive/DERİNMODEL/01_veri_seti/islenmis_veri/test/kusursuz/Class4_Test_0054.PNG,0,kusursuz,0.34153447,0,kusursuz,dogru_kusursuz
/content/drive/MyDrive/DERİNMODEL/01_veri_seti/islenmis_veri/test/kusursuz/Class4_Test_0056.PNG,0,kusursuz,0.5459554,0,kusursuz,dogru_kusursuz
/content/drive/MyDrive/DERİNMODEL/01_veri_seti/islenmis_veri/test/kusursuz/Class4_Test_0057.PNG,0,kusursuz,0.33640233,0,kusursuz,dogru_kusursuz
/content/drive/MyDrive/DERİNMODEL/01_veri_seti/islenmis_veri/test/kusursuz/Class4_Test_0058.PNG,0,kusursuz,0.43461156,0,kusursuz,dogru_kusursuz
/content/drive/MyDrive/DERİNMODEL/01_veri_seti/islenmis_veri/test/kusursuz/Class4_Test_0059.PNG,0,kusursuz,0.48514336,0,kusursuz,dogru_kusursuz
/content/drive/MyDrive/DERİNMODEL/01_veri_seti/islenmis_veri/test/kusursuz/Class4_Test_0060.PNG,0,kusursuz,0.37636307,0,kusursuz,dogru_kusursuz
/content/drive/MyDrive/DERİNMODEL/01_veri_seti/islenmis_veri/test/kusursuz/Class4_Test_0061.PNG,0,kusursuz,0.4840175,0,kusursuz,dogru_kusursuz
/content/drive/MyDrive/DERİNMODEL/01_veri_seti/islenmis_veri/test/kusursuz/Class4_Test_0062.PNG,0,kusursuz,0.3518704,0,kusursuz,dogru_kusursuz
/content/drive/MyDrive/DERİNMODEL/01_veri_seti/islenmis_veri/test/kusursuz/Class4_Test_0063.PNG,0,kusursuz,0.40841174,0,kusursuz,dogru_kusursuz
/content/drive/MyDrive/DERİNMODEL/01_veri_seti/islenmis_veri/test/kusursuz/Class4_Test_0064.PNG,0,kusursuz,0.3980609,0,kusursuz,dogru_kusursuz
/content/drive/MyDrive/DERİNMODEL/01_veri_seti/islenmis_veri/test/kusursuz/Class4_Test_0065.PNG,0,kusursuz,0.431503,0,kusursuz,dogru_kusursuz
/content/drive/MyDrive/DERİNMODEL/01_veri_seti/islenmis_veri/test/kusursuz/Class4_Test_0066.PNG,0,kusursuz,0.36088455,0,kusursuz,dogru_kusursuz
/content/drive/MyDrive/DERİNMODEL/01_veri_seti/islenmis_veri/test/kusursuz/Class4_Test_0067.PNG,0,kusursuz,0.3867345,0,kusursuz,dogru_kusursuz
/content/drive/MyDrive/DERİNMODEL/01_veri_seti/islenmis_veri/test/kusursuz/Class4_Test_0068.PNG,0,kusursuz,0.3144189,0,kusursuz,dogru_kusursuz
/content/drive/MyDrive/DERİNMODEL/01_veri_seti/islenmis_veri/test/kusursuz/Class4_Test_0069.PNG,0,kusursuz,0.43713126,0,kusursuz,dogru_kusursuz
/content/drive/MyDrive/DERİNMODEL/01_veri_seti/islenmis_veri/test/kusursuz/Class4_Test_0070.PNG,0,kusursuz,0.4991728,0,kusursuz,dogru_kusursuz
/content/drive/MyDrive/DERİNMODEL/01_veri_seti/islenmis_veri/test/kusursuz/Class4_Test_0071.PNG,0,kusursuz,0.44059074,0,kusursuz,dogru_kusursuz
/content/drive/MyDrive/DERİNMODEL/01_veri_seti/islenmis_veri/test/kusursuz/Class4_Test_0072.PNG,0,kusursuz,0.36246124,0,kusursuz,dogru_kusursuz
/content/drive/MyDrive/DERİNMODEL/01_veri_seti/islenmis_veri/test/kusursuz/Class4_Test_0073.PNG,0,kusursuz,0.33279338,0,kusursuz,dogru_kusursuz
/content/drive/MyDrive/DERİNMODEL/01_veri_seti/islenmis_veri/test/kusursuz/Class4_Test_0074.PNG,0,kusursuz,0.4657718,0,kusursuz,dogru_kusursuz
/content/drive/MyDrive/DERİNMODEL/01_veri_seti/islenmis_veri/test/kusursuz/Class4_Test_0075.PNG,0,kusursuz,0.31550732,0,kusursuz,dogru_kusursuz
/content/drive/MyDrive/DERİNMODEL/01_veri_seti/islenmis_veri/test/kusursuz/Class4_Test_0076.PNG,0,kusursuz,0.40696403,0,kusursuz,dogru_kusursuz
/content/drive/MyDrive/DERİNMODEL/01_veri_seti/islenmis_veri/test/kusursuz/Class4_Test_0077.PNG,0,kusursuz,0.36068034,0,kusursuz,dogru_kusursuz
/content/drive/MyDrive/DERİNMODEL/01_veri_seti/islenmis_veri/test/kusursuz/Class4_Test_0078.PNG,0,kusursuz,0.3406843,0,kusursuz,dogru_kusursuz
/content/drive/MyDrive/DERİNMODEL/01_veri_seti/islenmis_veri/test/kusursuz/Class4_Test_0079.PNG,0,kusursuz,0.35052973,0,kusursuz,dogru_kusursuz
/content/drive/MyDrive/DERİNMODEL/01_veri_seti/islenmis_veri/test/kusursuz/Class4_Test_0082.PNG,0,kusursuz,0.36507046,0,kusursuz,dogru_kusursuz
/content/drive/MyDrive/DERİNMODEL/01_veri_seti/islenmis_veri/test/kusursuz/Class4_Test_0083.PNG,0,kusursuz,0.40638772,0,kusursuz,dogru_kusursuz
/content/drive/MyDrive/DERİNMODEL/01_veri_seti/islenmis_veri/test/kusursuz/Class4_Test_0084.PNG,0,kusursuz,0.507501,0,kusursuz,dogru_kusursuz
/content/drive/MyDrive/DERİNMODEL/01_veri_seti/islenmis_veri/test/kusursuz/Class4_Test_0085.PNG,0,kusursuz,0.442038,0,kusursuz,dogru_kusursuz
/content/drive/MyDrive/DERİNMODEL/01_veri_seti/islenmis_veri/test/kusursuz/Class4_Test_0086.PNG,0,kusursuz,0.37862998,0,kusursuz,dogru_kusursuz
/content/drive/MyDrive/DERİNMODEL/01_veri_seti/islenmis_veri/test/kusursuz/Class4_Test_0087.PNG,0,kusursuz,0.44309223,0,kusursuz,dogru_kusursuz
/content/drive/MyDrive/DERİNMODEL/01_veri_seti/islenmis_veri/test/kusursuz/Class4_Test_0088.PNG,0,kusursuz,0.48545387,0,kusursuz,dogru_kusursuz
/content/drive/MyDrive/DERİNMODEL/01_veri_seti/islenmis_veri/test/kusursuz/Class4_Test_0089.PNG,0,kusursuz,0.39729917,0,kusursuz,dogru_kusursuz
/content/drive/MyDrive/DERİNMODEL/01_veri_seti/islenmis_veri/test/kusursuz/Class4_Test_0090.PNG,0,kusursuz,0.32207817,0,kusursuz,dogru_kusursuz
/content/drive/MyDrive/DERİNMODEL/01_veri_seti/islenmis_veri/test/kusursuz/Class4_Test_0091.PNG,0,kusursuz,0.2538908,0,kusursuz,dogru_kusursuz
/content/drive/MyDrive/DERİNMODEL/01_veri_seti/islenmis_veri/test/kusursuz/Class4_Test_0092.PNG,0,kusursuz,0.53232294,0,kusursuz,dogru_kusursuz
/content/drive/MyDrive/DERİNMODEL/01_veri_seti/islenmis_veri/test/kusursuz/Class4_Test_0093.PNG,0,kusursuz,0.35795525,0,kusursuz,dogru_kusursuz
/content/drive/MyDrive/DERİNMODEL/01_veri_seti/islenmis_veri/test/kusursuz/Class4_Test_0094.PNG,0,kusursuz,0.39142466,0,kusursuz,dogru_kusursuz
/content/drive/MyDrive/DERİNMODEL/01_veri_seti/islenmis_veri/test/kusursuz/Class4_Test_0096.PNG,0,kusursuz,0.49294293,0,kusursuz,dogru_kusursuz
/content/drive/MyDrive/DERİNMODEL/01_veri_seti/islenmis_veri/test/kusursuz/Class4_Test_0097.PNG,0,kusursuz,0.35667312,0,kusursuz,dogru_kusursuz
/content/drive/MyDrive/DERİNMODEL/01_veri_seti/islenmis_veri/test/kusursuz/Class4_Test_0098.PNG,0,kusursuz,0.33175465,0,kusursuz,dogru_kusursuz
/content/drive/MyDrive/DERİNMODEL/01_veri_seti/islenmis_veri/test/kusursuz/Class4_Test_0099.PNG,0,kusursuz,0.2752348,0,kusursuz,dogru_kusursuz
/content/drive/MyDrive/DERİNMODEL/01_veri_seti/islenmis_veri/test/kusursuz/Class4_Test_0100.PNG,0,kusursuz,0.34629545,0,kusursuz,dogru_kusursuz
/content/drive/MyDrive/DERİNMODEL/01_veri_seti/islenmis_veri/test/kusursuz/Class4_Test_0101.PNG,0,kusursuz,0.5284115,0,kusursuz,dogru_kusursuz
/content/drive/MyDrive/DERİNMODEL/01_veri_seti/islenmis_veri/test/kusursuz/Class4_Test_0102.PNG,0,kusursuz,0.5968639,0,kusursuz,dogru_kusursuz
/content/drive/MyDrive/DERİNMODEL/01_veri_seti/islenmis_veri/test/kusursuz/Class4_Test_0103.PNG,0,kusursuz,0.41394758,0,kusursuz,dogru_kusursuz
/content/drive/MyDrive/DERİNMODEL/01_veri_seti/islenmis_veri/test/kusursuz/Class4_Test_0104.PNG,0,kusursuz,0.38438824,0,kusursuz,dogru_kusursuz
/content/drive/MyDrive/DERİNMODEL/01_veri_seti/islenmis_veri/test/kusursuz/Class4_Test_0105.PNG,0,kusursuz,0.4295546,0,kusursuz,dogru_kusursuz
/content/drive/MyDrive/DERİNMODEL/01_veri_seti/islenmis_veri/test/kusursuz/Class4_Test_0106.PNG,0,kusursuz,0.31252986,0,kusursuz,dogru_kusursuz
/content/drive/MyDrive/DERİNMODEL/01_veri_seti/islenmis_veri/test/kusursuz/Class4_Test_0107.PNG,0,kusursuz,0.458407,0,kusursuz,dogru_kusursuz
/content/drive/MyDrive/DERİNMODEL/01_veri_seti/islenmis_veri/test/kusursuz/Class4_Test_0108.PNG,0,kusursuz,0.53459275,0,kusursuz,dogru_kusursuz
/content/drive/MyDrive/DERİNMODEL/01_veri_seti/islenmis_veri/test/kusursuz/Class4_Test_0109.PNG,0,kusursuz,0.31626815,0,kusursuz,dogru_kusursuz
/content/drive/MyDrive/DERİNMODEL/01_veri_seti/islenmis_veri/test/kusursuz/Class4_Test_0110.PNG,0,kusursuz,0.35248134,0,kusursuz,dogru_kusursuz
/content/drive/MyDrive/DERİNMODEL/01_veri_seti/islenmis_veri/test/kusursuz/Class4_Test_0111.PNG,0,kusursuz,0.34196115,0,kusursuz,dogru_kusursuz
/content/drive/MyDrive/DERİNMODEL/01_veri_seti/islenmis_veri/test/kusursuz/Class4_Test_0112.PNG,0,kusursuz,0.45230198,0,kusursuz,dogru_kusursuz
/content/drive/MyDrive/DERİNMODEL/01_veri_seti/islenmis_veri/test/kusursuz/Class4_Test_0113.PNG,0,kusursuz,0.46207646,0,kusursuz,dogru_kusursuz
/content/drive/MyDrive/DERİNMODEL/01_veri_seti/islenmis_veri/test/kusursuz/Class4_Test_0114.PNG,0,kusursuz,0.38099927,0,kusursuz,dogru_kusursuz
/content/drive/MyDrive/DERİNMODEL/01_veri_seti/islenmis_veri/test/kusursuz/Class4_Test_0115.PNG,0,kusursuz,0.4067335,0,kusursuz,dogru_kusursuz
/content/drive/MyDrive/DERİNMODEL/01_veri_seti/islenmis_veri/test/kusursuz/Class4_Test_0116.PNG,0,kusursuz,0.380009,0,kusursuz,dogru_kusursuz
/content/drive/MyDrive/DERİNMODEL/01_veri_seti/islenmis_veri/test/kusursuz/Class4_Test_0117.PNG,0,kusursuz,0.28999645,0,kusursuz,dogru_kusursuz
/content/drive/MyDrive/DERİNMODEL/01_veri_seti/islenmis_veri/test/kusursuz/Class4_Test_0118.PNG,0,kusursuz,0.37143257,0,kusursuz,dogru_kusursuz
/content/drive/MyDrive/DERİNMODEL/01_veri_seti/islenmis_veri/test/kusursuz/Class4_Test_0119.PNG,0,kusursuz,0.44320577,0,kusursuz,dogru_kusursuz
/content/drive/MyDrive/DERİNMODEL/01_veri_seti/islenmis_veri/test/kusursuz/Class4_Test_0120.PNG,0,kusursuz,0.49722457,0,kusursuz,dogru_kusursuz
/content/drive/MyDrive/DERİNMODEL/01_veri_seti/islenmis_veri/test/kusursuz/Class4_Test_0121.PNG,0,kusursuz,0.4757994,0,kusursuz,dogru_kusursuz
/content/drive/MyDrive/DERİNMODEL/01_veri_seti/islenmis_veri/test/kusursuz/Class4_Test_0122.PNG,0,kusursuz,0.33317077,0,kusursuz,dogru_kusursuz
/content/drive/MyDrive/DERİNMODEL/01_veri_seti/islenmis_veri/test/kusursuz/Class4_Test_0123.PNG,0,kusursuz,0.3047389,0,kusursuz,dogru_kusursuz
/content/drive/MyDrive/DERİNMODEL/01_veri_seti/islenmis_veri/test/kusursuz/Class4_Test_0124.PNG,0,kusursuz,0.27051646,0,kusursuz,dogru_kusursuz
/content/drive/MyDrive/DERİNMODEL/01_veri_seti/islenmis_veri/test/kusursuz/Class4_Test_0125.PNG,0,kusursuz,0.34147182,0,kusursuz,dogru_kusursuz
/content/drive/MyDrive/DERİNMODEL/01_veri_seti/islenmis_veri/test/kusursuz/Class4_Test_0126.PNG,0,kusursuz,0.34980837,0,kusursuz,dogru_kusursuz
/content/drive/MyDrive/DERİNMODEL/01_veri_seti/islenmis_veri/test/kusursuz/Class4_Test_0127.PNG,0,kusursuz,0.5315566,0,kusursuz,dogru_kusursuz
/content/drive/MyDrive/DERİNMODEL/01_veri_seti/islenmis_veri/test/kusursuz/Class4_Test_0128.PNG,0,kusursuz,0.45202336,0,kusursuz,dogru_kusursuz
/content/drive/MyDrive/DERİNMODEL/01_veri_seti/islenmis_veri/test/kusursuz/Class4_Test_0129.PNG,0,kusursuz,0.56461686,0,kusursuz,dogru_kusursuz
/content/drive/MyDrive/DERİNMODEL/01_veri_seti/islenmis_veri/test/kusursuz/Class4_Test_0130.PNG,0,kusursuz,0.33864626,0,kusursuz,dogru_kusursuz
/content/drive/MyDrive/DERİNMODEL/01_veri_seti/islenmis_veri/test/kusursuz/Class4_Test_0131.PNG,0,kusursuz,0.4630186,0,kusursuz,dogru_kusursuz
/content/drive/MyDrive/DERİNMODEL/01_veri_seti/islenmis_veri/test/kusursuz/Class4_Test_0132.PNG,0,kusursuz,0.32216045,0,kusursuz,dogru_kusursuz
/content/drive/MyDrive/DERİNMODEL/01_veri_seti/islenmis_veri/test/kusursuz/Class4_Test_0133.PNG,0,kusursuz,0.41437516,0,kusursuz,dogru_kusursuz
/content/drive/MyDrive/DERİNMODEL/01_veri_seti/islenmis_veri/test/kusursuz/Class4_Test_0135.PNG,0,kusursuz,0.26926082,0,kusursuz,dogru_kusursuz
/content/drive/MyDrive/DERİNMODEL/01_veri_seti/islenmis_veri/test/kusursuz/Class4_Test_0136.PNG,0,kusursuz,0.5196707,0,kusursuz,dogru_kusursuz
/content/drive/MyDrive/DERİNMODEL/01_veri_seti/islenmis_veri/test/kusursuz/Class4_Test_0137.PNG,0,kusursuz,0.38303262,0,kusursuz,dogru_kusursuz
/content/drive/MyDrive/DERİNMODEL/01_veri_seti/islenmis_veri/test/kusursuz/Class4_Test_0138.PNG,0,kusursuz,0.30492687,0,kusursuz,dogru_kusursuz
/content/drive/MyDrive/DERİNMODEL/01_veri_seti/islenmis_veri/test/kusursuz/Class4_Test_0139.PNG,0,kusursuz,0.34837234,0,kusursuz,dogru_kusursuz
/content/drive/MyDrive/DERİNMODEL/01_veri_seti/islenmis_veri/test/kusursuz/Class4_Test_0140.PNG,0,kusursuz,0.2840292,0,kusursuz,dogru_kusursuz
/content/drive/MyDrive/DERİNMODEL/01_veri_seti/islenmis_veri/test/kusursuz/Class4_Test_0141.PNG,0,kusursuz,0.4148782,0,kusursuz,dogru_kusursuz
/content/drive/MyDrive/DERİNMODEL/01_veri_seti/islenmis_veri/test/kusursuz/Class4_Test_0142.PNG,0,kusursuz,0.30895245,0,kusursuz,dogru_kusursuz
/content/drive/MyDrive/DERİNMODEL/01_veri_seti/islenmis_veri/test/kusursuz/Class4_Test_0144.PNG,0,kusursuz,0.37274402,0,kusursuz,dogru_kusursuz
/content/drive/MyDrive/DERİNMODEL/01_veri_seti/islenmis_veri/test/kusursuz/Class4_Test_0145.PNG,0,kusursuz,0.34833854,0,kusursuz,dogru_kusursuz
/content/drive/MyDrive/DERİNMODEL/01_veri_seti/islenmis_veri/test/kusursuz/Class4_Test_0146.PNG,0,kusursuz,0.5548111,0,kusursuz,dogru_kusursuz
/content/drive/MyDrive/DERİNMODEL/01_veri_seti/islenmis_veri/test/kusursuz/Class4_Test_0147.PNG,0,kusursuz,0.2856469,0,kusursuz,dogru_kusursuz
/content/drive/MyDrive/DERİNMODEL/01_veri_seti/islenmis_veri/test/kusursuz/Class4_Test_0148.PNG,0,kusursuz,0.34626144,0,kusursuz,dogru_kusursuz
/content/drive/MyDrive/DERİNMODEL/01_veri_seti/islenmis_veri/test/kusursuz/Class4_Test_0149.PNG,0,kusursuz,0.39208356,0,kusursuz,dogru_kusursuz
/content/drive/MyDrive/DERİNMODEL/01_veri_seti/islenmis_veri/test/kusursuz/Class4_Test_0150.PNG,0,kusursuz,0.37666824,0,kusursuz,dogru_kusursuz
/content/drive/MyDrive/DERİNMODEL/01_veri_seti/islenmis_veri/test/kusursuz/Class4_Test_0151.PNG,0,kusursuz,0.30793703,0,kusursuz,dogru_kusursuz
/content/drive/MyDrive/DERİNMODEL/01_veri_seti/islenmis_veri/test/kusursuz/Class4_Test_0152.PNG,0,kusursuz,0.30629677,0,kusursuz,dogru_kusursuz
/content/drive/MyDrive/DERİNMODEL/01_veri_seti/islenmis_veri/test/kusursuz/Class4_Test_0154.PNG,0,kusursuz,0.3240449,0,kusursuz,dogru_kusursuz
/content/drive/MyDrive/DERİNMODEL/01_veri_seti/islenmis_veri/test/kusursuz/Class4_Test_0155.PNG,0,kusursuz,0.5698679,0,kusursuz,dogru_kusursuz
/content/drive/MyDrive/DERİNMODEL/01_veri_seti/islenmis_veri/test/kusursuz/Class4_Test_0156.PNG,0,kusursuz,0.42917973,0,kusursuz,dogru_kusursuz
/content/drive/MyDrive/DERİNMODEL/01_veri_seti/islenmis_veri/test/kusursuz/Class4_Test_0157.PNG,0,kusursuz,0.50821173,0,kusursuz,dogru_kusursuz
/content/drive/MyDrive/DERİNMODEL/01_veri_seti/islenmis_veri/test/kusursuz/Class4_Test_0158.PNG,0,kusursuz,0.2805129,0,kusursuz,dogru_kusursuz
/content/drive/MyDrive/DERİNMODEL/01_veri_seti/islenmis_veri/test/kusursuz/Class4_Test_0159.PNG,0,kusursuz,0.31829318,0,kusursuz,dogru_kusursuz
/content/drive/MyDrive/DERİNMODEL/01_veri_seti/islenmis_veri/test/kusursuz/Class4_Test_0160.PNG,0,kusursuz,0.4176409,0,kusursuz,dogru_kusursuz
/content/drive/MyDrive/DERİNMODEL/01_veri_seti/islenmis_veri/test/kusursuz/Class4_Test_0161.PNG,0,kusursuz,0.3536741,0,kusursuz,dogru_kusursuz
/content/drive/MyDrive/DERİNMODEL/01_veri_seti/islenmis_veri/test/kusursuz/Class4_Test_0162.PNG,0,kusursuz,0.4151183,0,kusursuz,dogru_kusursuz
/content/drive/MyDrive/DERİNMODEL/01_veri_seti/islenmis_veri/test/kusursuz/Class4_Test_0163.PNG,0,kusursuz,0.36149704,0,kusursuz,dogru_kusursuz
/content/drive/MyDrive/DERİNMODEL/01_veri_seti/islenmis_veri/test/kusursuz/Class4_Test_0164.PNG,0,kusursuz,0.35645115,0,kusursuz,dogru_kusursuz
/content/drive/MyDrive/DERİNMODEL/01_veri_seti/islenmis_veri/test/kusursuz/Class4_Test_0166.PNG,0,kusursuz,0.36188895,0,kusursuz,dogru_kusursuz
/content/drive/MyDrive/DERİNMODEL/01_veri_seti/islenmis_veri/test/kusursuz/Class4_Test_0167.PNG,0,kusursuz,0.35559192,0,kusursuz,dogru_kusursuz
/content/drive/MyDrive/DERİNMODEL/01_veri_seti/islenmis_veri/test/kusursuz/Class4_Test_0168.PNG,0,kusursuz,0.42998987,0,kusursuz,dogru_kusursuz
/content/drive/MyDrive/DERİNMODEL/01_veri_seti/islenmis_veri/test/kusursuz/Class4_Test_0169.PNG,0,kusursuz,0.3430457,0,kusursuz,dogru_kusursuz
/content/drive/MyDrive/DERİNMODEL/01_veri_seti/islenmis_veri/test/kusursuz/Class4_Test_0170.PNG,0,kusursuz,0.43309855,0,kusursuz,dogru_kusursuz
/content/drive/MyDrive/DERİNMODEL/01_veri_seti/islenmis_veri/test/kusursuz/Class4_Test_0171.PNG,0,kusursuz,0.401803,0,kusursuz,dogru_kusursuz
/content/drive/MyDrive/DERİNMODEL/01_veri_seti/islenmis_veri/test/kusursuz/Class4_Test_0172.PNG,0,kusursuz,0.4352986,0,kusursuz,dogru_kusursuz
/content/drive/MyDrive/DERİNMODEL/01_veri_seti/islenmis_veri/test/kusursuz/Class4_Test_0173.PNG,0,kusursuz,0.46696502,0,kusursuz,dogru_kusursuz
/content/drive/MyDrive/DERİNMODEL/01_veri_seti/islenmis_veri/test/kusursuz/Class4_Test_0174.PNG,0,kusursuz,0.42045432,0,kusursuz,dogru_kusursuz
/content/drive/MyDrive/DERİNMODEL/01_veri_seti/islenmis_veri/test/kusursuz/Class4_Test_0175.PNG,0,kusursuz,0.27476585,0,kusursuz,dogru_kusursuz
/content/drive/MyDrive/DERİNMODEL/01_veri_seti/islenmis_veri/test/kusursuz/Class4_Test_0176.PNG,0,kusursuz,0.45112994,0,kusursuz,dogru_kusursuz
/content/drive/MyDrive/DERİNMODEL/01_veri_seti/islenmis_veri/test/kusursuz/Class4_Test_0177.PNG,0,kusursuz,0.40622386,0,kusursuz,dogru_kusursuz
/content/drive/MyDrive/DERİNMODEL/01_veri_seti/islenmis_veri/test/kusursuz/Class4_Test_0178.PNG,0,kusursuz,0.34278202,0,kusursuz,dogru_kusursuz
/content/drive/MyDrive/DERİNMODEL/01_veri_seti/islenmis_veri/test/kusursuz/Class4_Test_0179.PNG,0,kusursuz,0.34880942,0,kusursuz,dogru_kusursuz
/content/drive/MyDrive/DERİNMODEL/01_veri_seti/islenmis_veri/test/kusursuz/Class4_Test_0180.PNG,0,kusursuz,0.3483314,0,kusursuz,dogru_kusursuz
/content/drive/MyDrive/DERİNMODEL/01_veri_seti/islenmis_veri/test/kusursuz/Class4_Test_0182.PNG,0,kusursuz,0.34433267,0,kusursuz,dogru_kusursuz
/content/drive/MyDrive/DERİNMODEL/01_veri_seti/islenmis_veri/test/kusursuz/Class4_Test_0183.PNG,0,kusursuz,0.271455,0,kusursuz,dogru_kusursuz
/content/drive/MyDrive/DERİNMODEL/01_veri_seti/islenmis_veri/test/kusursuz/Class4_Test_0184.PNG,0,kusursuz,0.5553744,0,kusursuz,dogru_kusursuz
/content/drive/MyDrive/DERİNMODEL/01_veri_seti/islenmis_veri/test/kusursuz/Class4_Test_0185.PNG,0,kusursuz,0.37041166,0,kusursuz,dogru_kusursuz
/content/drive/MyDrive/DERİNMODEL/01_veri_seti/islenmis_veri/test/kusursuz/Class4_Test_0186.PNG,0,kusursuz,0.3719648,0,kusursuz,dogru_kusursuz
/content/drive/MyDrive/DERİNMODEL/01_veri_seti/islenmis_veri/test/kusursuz/Class4_Test_0187.PNG,0,kusursuz,0.44424072,0,kusursuz,dogru_kusursuz
/content/drive/MyDrive/DERİNMODEL/01_veri_seti/islenmis_veri/test/kusursuz/Class4_Test_0188.PNG,0,kusursuz,0.46751076,0,kusursuz,dogru_kusursuz
/content/drive/MyDrive/DERİNMODEL/01_veri_seti/islenmis_veri/test/kusursuz/Class4_Test_0189.PNG,0,kusursuz,0.5556593,0,kusursuz,dogru_kusursuz
/content/drive/MyDrive/DERİNMODEL/01_veri_seti/islenmis_veri/test/kusursuz/Class4_Test_0190.PNG,0,kusursuz,0.5293012,0,kusursuz,dogru_kusursuz
/content/drive/MyDrive/DERİNMODEL/01_veri_seti/islenmis_veri/test/kusursuz/Class4_Test_0191.PNG,0,kusursuz,0.38754734,0,kusursuz,dogru_kusursuz
/content/drive/MyDrive/DERİNMODEL/01_veri_seti/islenmis_veri/test/kusursuz/Class4_Test_0192.PNG,0,kusursuz,0.2892129,0,kusursuz,dogru_kusursuz
/content/drive/MyDrive/DERİNMODEL/01_veri_seti/islenmis_veri/test/kusursuz/Class4_Test_0193.PNG,0,kusursuz,0.3761296,0,kusursuz,dogru_kusursuz
/content/drive/MyDrive/DERİNMODEL/01_veri_seti/islenmis_veri/test/kusursuz/Class4_Test_0194.PNG,0,kusursuz,0.56475943,0,kusursuz,dogru_kusursuz
/content/drive/MyDrive/DERİNMODEL/01_veri_seti/islenmis_veri/test/kusursuz/Class4_Test_0195.PNG,0,kusursuz,0.43413138,0,kusursuz,dogru_kusursuz
/content/drive/MyDrive/DERİNMODEL/01_veri_seti/islenmis_veri/test/kusursuz/Class4_Test_0196.PNG,0,kusursuz,0.40948597,0,kusursuz,dogru_kusursuz
/content/drive/MyDrive/DERİNMODEL/01_veri_seti/islenmis_veri/test/kusursuz/Class4_Test_0198.PNG,0,kusursuz,0.29867223,0,kusursuz,dogru_kusursuz
/content/drive/MyDrive/DERİNMODEL/01_veri_seti/islenmis_veri/test/kusursuz/Class4_Test_0199.PNG,0,kusursuz,0.34320137,0,kusursuz,dogru_kusursuz
/content/drive/MyDrive/DERİNMODEL/01_veri_seti/islenmis_veri/test/kusursuz/Class4_Test_0201.PNG,0,kusursuz,0.3858408,0,kusursuz,dogru_kusursuz
/content/drive/MyDrive/DERİNMODEL/01_veri_seti/islenmis_veri/test/kusursuz/Class4_Test_0202.PNG,0,kusursuz,0.37927002,0,kusursuz,dogru_kusursuz
/content/drive/MyDrive/DERİNMODEL/01_veri_seti/islenmis_veri/test/kusursuz/Class4_Test_0203.PNG,0,kusursuz,0.45297417,0,kusursuz,dogru_kusursuz
/content/drive/MyDrive/DERİNMODEL/01_veri_seti/islenmis_veri/test/kusursuz/Class4_Test_0204.PNG,0,kusursuz,0.25120312,0,kusursuz,dogru_kusursuz
/content/drive/MyDrive/DERİNMODEL/01_veri_seti/islenmis_veri/test/kusursuz/Class4_Test_0205.PNG,0,kusursuz,0.3172327,0,kusursuz,dogru_kusursuz
/content/drive/MyDrive/DERİNMODEL/01_veri_seti/islenmis_veri/test/kusursuz/Class4_Test_0206.PNG,0,kusursuz,0.37431255,0,kusursuz,dogru_kusursuz
/content/drive/MyDrive/DERİNMODEL/01_veri_seti/islenmis_veri/test/kusursuz/Class4_Test_0207.PNG,0,kusursuz,0.49023694,0,kusursuz,dogru_kusursuz
/content/drive/MyDrive/DERİNMODEL/01_veri_seti/islenmis_veri/test/kusursuz/Class4_Test_0208.PNG,0,kusursuz,0.37100202,0,kusursuz,dogru_kusursuz
/content/drive/MyDrive/DERİNMODEL/01_veri_seti/islenmis_veri/test/kusursuz/Class4_Test_0209.PNG,0,kusursuz,0.36879584,0,kusursuz,dogru_kusursuz
/content/drive/MyDrive/DERİNMODEL/01_veri_seti/islenmis_veri/test/kusursuz/Class4_Test_0210.PNG,0,kusursuz,0.48977652,0,kusursuz,dogru_kusursuz
/content/drive/MyDrive/DERİNMODEL/01_veri_seti/islenmis_veri/test/kusursuz/Class4_Test_0212.PNG,0,kusursuz,0.6435948,1,kusurlu,yanlis_alarm
/content/drive/MyDrive/DERİNMODEL/01_veri_seti/islenmis_veri/test/kusursuz/Class4_Test_0213.PNG,0,kusursuz,0.31271774,0,kusursuz,dogru_kusursuz
/content/drive/MyDrive/DERİNMODEL/01_veri_seti/islenmis_veri/test/kusursuz/Class4_Test_0214.PNG,0,kusursuz,0.32494366,0,kusursuz,dogru_kusursuz
/content/drive/MyDrive/DERİNMODEL/01_veri_seti/islenmis_veri/test/kusursuz/Class4_Test_0215.PNG,0,kusursuz,0.45561063,0,kusursuz,dogru_kusursuz
/content/drive/MyDrive/DERİNMODEL/01_veri_seti/islenmis_veri/test/kusursuz/Class4_Test_0216.PNG,0,kusursuz,0.45731074,0,kusursuz,dogru_kusursuz
/content/drive/MyDrive/DERİNMODEL/01_veri_seti/islenmis_veri/test/kusursuz/Class4_Test_0218.PNG,0,kusursuz,0.29348812,0,kusursuz,dogru_kusursuz
/content/drive/MyDrive/DERİNMODEL/01_veri_seti/islenmis_veri/test/kusursuz/Class4_Test_0219.PNG,0,kusursuz,0.66238683,1,kusurlu,yanlis_alarm
/content/drive/MyDrive/DERİNMODEL/01_veri_seti/islenmis_veri/test/kusursuz/Class4_Test_0220.PNG,0,kusursuz,0.41378734,0,kusursuz,dogru_kusursuz
/content/drive/MyDrive/DERİNMODEL/01_veri_seti/islenmis_veri/test/kusursuz/Class4_Test_0221.PNG,0,kusursuz,0.4470505,0,kusursuz,dogru_kusursuz
/content/drive/MyDrive/DERİNMODEL/01_veri_seti/islenmis_veri/test/kusursuz/Class4_Test_0222.PNG,0,kusursuz,0.34137094,0,kusursuz,dogru_kusursuz
/content/drive/MyDrive/DERİNMODEL/01_veri_seti/islenmis_veri/test/kusursuz/Class4_Test_0223.PNG,0,kusursuz,0.40518552,0,kusursuz,dogru_kusursuz
/content/drive/MyDrive/DERİNMODEL/01_veri_seti/islenmis_veri/test/kusursuz/Class4_Test_0224.PNG,0,kusursuz,0.4366206,0,kusursuz,dogru_kusursuz
/content/drive/MyDrive/DERİNMODEL/01_veri_seti/islenmis_veri/test/kusursuz/Class4_Test_0225.PNG,0,kusursuz,0.25235426,0,kusursuz,dogru_kusursuz
/content/drive/MyDrive/DERİNMODEL/01_veri_seti/islenmis_veri/test/kusursuz/Class4_Test_0226.PNG,0,kusursuz,0.466772,0,kusursuz,dogru_kusursuz
/content/drive/MyDrive/DERİNMODEL/01_veri_seti/islenmis_veri/test/kusursuz/Class4_Test_0227.PNG,0,kusursuz,0.38449338,0,kusursuz,dogru_kusursuz
/content/drive/MyDrive/DERİNMODEL/01_veri_seti/islenmis_veri/test/kusursuz/Class4_Test_0228.PNG,0,kusursuz,0.22243011,0,kusursuz,dogru_kusursuz
/content/drive/MyDrive/DERİNMODEL/01_veri_seti/islenmis_veri/test/kusursuz/Class4_Test_0229.PNG,0,kusursuz,0.31724107,0,kusursuz,dogru_kusursuz
/content/drive/MyDrive/DERİNMODEL/01_veri_seti/islenmis_veri/test/kusursuz/Class4_Test_0230.PNG,0,kusursuz,0.4432908,0,kusursuz,dogru_kusursuz
/content/drive/MyDrive/DERİNMODEL/01_veri_seti/islenmis_veri/test/kusursuz/Class4_Test_0231.PNG,0,kusursuz,0.3246845,0,kusursuz,dogru_kusursuz
/content/drive/MyDrive/DERİNMODEL/01_veri_seti/islenmis_veri/test/kusursuz/Class4_Test_0232.PNG,0,kusursuz,0.41724768,0,kusursuz,dogru_kusursuz
/content/drive/MyDrive/DERİNMODEL/01_veri_seti/islenmis_veri/test/kusursuz/Class4_Test_0233.PNG,0,kusursuz,0.3875152,0,kusursuz,dogru_kusursuz
/content/drive/MyDrive/DERİNMODEL/01_veri_seti/islenmis_veri/test/kusursuz/Class4_Test_0234.PNG,0,kusursuz,0.42356327,0,kusursuz,dogru_kusursuz
/content/drive/MyDrive/DERİNMODEL/01_veri_seti/islenmis_veri/test/kusursuz/Class4_Test_0235.PNG,0,kusursuz,0.33089152,0,kusursuz,dogru_kusursuz
/content/drive/MyDrive/DERİNMODEL/01_veri_seti/islenmis_veri/test/kusursuz/Class4_Test_0236.PNG,0,kusursuz,0.40800774,0,kusursuz,dogru_kusursuz
/content/drive/MyDrive/DERİNMODEL/01_veri_seti/islenmis_veri/test/kusursuz/Class4_Test_0237.PNG,0,kusursuz,0.31210446,0,kusursuz,dogru_kusursuz
/content/drive/MyDrive/DERİNMODEL/01_veri_seti/islenmis_veri/test/kusursuz/Class4_Test_0238.PNG,0,kusursuz,0.32592618,0,kusursuz,dogru_kusursuz
/content/drive/MyDrive/DERİNMODEL/01_veri_seti/islenmis_veri/test/kusursuz/Class4_Test_0239.PNG,0,kusursuz,0.39362988,0,kusursuz,dogru_kusursuz
/content/drive/MyDrive/DERİNMODEL/01_veri_seti/islenmis_veri/test/kusursuz/Class4_Test_0240.PNG,0,kusursuz,0.33399135,0,kusursuz,dogru_kusursuz
/content/drive/MyDrive/DERİNMODEL/01_veri_seti/islenmis_veri/test/kusursuz/Class4_Test_0241.PNG,0,kusursuz,0.40312588,0,kusursuz,dogru_kusursuz
/content/drive/MyDrive/DERİNMODEL/01_veri_seti/islenmis_veri/test/kusursuz/Class4_Test_0242.PNG,0,kusursuz,0.28969795,0,kusursuz,dogru_kusursuz
/content/drive/MyDrive/DERİNMODEL/01_veri_seti/islenmis_veri/test/kusursuz/Class4_Test_0245.PNG,0,kusursuz,0.33083364,0,kusursuz,dogru_kusursuz
/content/drive/MyDrive/DERİNMODEL/01_veri_seti/islenmis_veri/test/kusursuz/Class4_Test_0246.PNG,0,kusursuz,0.5019026,0,kusursuz,dogru_kusursuz
/content/drive/MyDrive/DERİNMODEL/01_veri_seti/islenmis_veri/test/kusursuz/Class4_Test_0247.PNG,0,kusursuz,0.38427064,0,kusursuz,dogru_kusursuz
/content/drive/MyDrive/DERİNMODEL/01_veri_seti/islenmis_veri/test/kusursuz/Class4_Test_0248.PNG,0,kusursuz,0.5592397,0,kusursuz,dogru_kusursuz
/content/drive/MyDrive/DERİNMODEL/01_veri_seti/islenmis_veri/test/kusursuz/Class4_Test_0249.PNG,0,kusursuz,0.5033721,0,kusursuz,dogru_kusursuz
/content/drive/MyDrive/DERİNMODEL/01_veri_seti/islenmis_veri/test/kusursuz/Class4_Test_0250.PNG,0,kusursuz,0.42742366,0,kusursuz,dogru_kusursuz
/content/drive/MyDrive/DERİNMODEL/01_veri_seti/islenmis_veri/test/kusursuz/Class4_Test_0251.PNG,0,kusursuz,0.52035165,0,kusursuz,dogru_kusursuz
/content/drive/MyDrive/DERİNMODEL/01_veri_seti/islenmis_veri/test/kusursuz/Class4_Test_0252.PNG,0,kusursuz,0.545219,0,kusursuz,dogru_kusursuz
/content/drive/MyDrive/DERİNMODEL/01_veri_seti/islenmis_veri/test/kusursuz/Class4_Test_0253.PNG,0,kusursuz,0.25999272,0,kusursuz,dogru_kusursuz
/content/drive/MyDrive/DERİNMODEL/01_veri_seti/islenmis_veri/test/kusursuz/Class4_Test_0254.PNG,0,kusursuz,0.2974364,0,kusursuz,dogru_kusursuz
/content/drive/MyDrive/DERİNMODEL/01_veri_seti/islenmis_veri/test/kusursuz/Class4_Test_0255.PNG,0,kusursuz,0.40043214,0,kusursuz,dogru_kusursuz
/content/drive/MyDrive/DERİNMODEL/01_veri_seti/islenmis_veri/test/kusursuz/Class4_Test_0256.PNG,0,kusursuz,0.490956,0,kusursuz,dogru_kusursuz
/content/drive/MyDrive/DERİNMODEL/01_veri_seti/islenmis_veri/test/kusursuz/Class4_Test_0258.PNG,0,kusursuz,0.31050852,0,kusursuz,dogru_kusursuz
/content/drive/MyDrive/DERİNMODEL/01_veri_seti/islenmis_veri/test/kusursuz/Class4_Test_0259.PNG,0,kusursuz,0.32504106,0,kusursuz,dogru_kusursuz
/content/drive/MyDrive/DERİNMODEL/01_veri_seti/islenmis_veri/test/kusursuz/Class4_Test_0260.PNG,0,kusursuz,0.33124888,0,kusursuz,dogru_kusursuz
/content/drive/MyDrive/DERİNMODEL/01_veri_seti/islenmis_veri/test/kusursuz/Class4_Test_0261.PNG,0,kusursuz,0.2987894,0,kusursuz,dogru_kusursuz
/content/drive/MyDrive/DERİNMODEL/01_veri_seti/islenmis_veri/test/kusursuz/Class4_Test_0262.PNG,0,kusursuz,0.42214912,0,kusursuz,dogru_kusursuz
/content/drive/MyDrive/DERİNMODEL/01_veri_seti/islenmis_veri/test/kusursuz/Class4_Test_0263.PNG,0,kusursuz,0.39209223,0,kusursuz,dogru_kusursuz
/content/drive/MyDrive/DERİNMODEL/01_veri_seti/islenmis_veri/test/kusursuz/Class4_Test_0264.PNG,0,kusursuz,0.36708876,0,kusursuz,dogru_kusursuz
/content/drive/MyDrive/DERİNMODEL/01_veri_seti/islenmis_veri/test/kusursuz/Class4_Test_0265.PNG,0,kusursuz,0.32422173,0,kusursuz,dogru_kusursuz
/content/drive/MyDrive/DERİNMODEL/01_veri_seti/islenmis_veri/test/kusursuz/Class4_Test_0266.PNG,0,kusursuz,0.6151906,1,kusurlu,yanlis_alarm
/content/drive/MyDrive/DERİNMODEL/01_veri_seti/islenmis_veri/test/kusursuz/Class4_Test_0267.PNG,0,kusursuz,0.38465574,0,kusursuz,dogru_kusursuz
/content/drive/MyDrive/DERİNMODEL/01_veri_seti/islenmis_veri/test/kusursuz/Class4_Test_0269.PNG,0,kusursuz,0.3091437,0,kusursuz,dogru_kusursuz
/content/drive/MyDrive/DERİNMODEL/01_veri_seti/islenmis_veri/test/kusursuz/Class4_Test_0270.PNG,0,kusursuz,0.34096313,0,kusursuz,dogru_kusursuz
/content/drive/MyDrive/DERİNMODEL/01_veri_seti/islenmis_veri/test/kusursuz/Class4_Test_0271.PNG,0,kusursuz,0.5621726,0,kusursuz,dogru_kusursuz
/content/drive/MyDrive/DERİNMODEL/01_veri_seti/islenmis_veri/test/kusursuz/Class4_Test_0272.PNG,0,kusursuz,0.5821768,0,kusursuz,dogru_kusursuz
/content/drive/MyDrive/DERİNMODEL/01_veri_seti/islenmis_veri/test/kusursuz/Class4_Test_0273.PNG,0,kusursuz,0.38931757,0,kusursuz,dogru_kusursuz
/content/drive/MyDrive/DERİNMODEL/01_veri_seti/islenmis_veri/test/kusursuz/Class4_Test_0275.PNG,0,kusursuz,0.32676518,0,kusursuz,dogru_kusursuz
/content/drive/MyDrive/DERİNMODEL/01_veri_seti/islenmis_veri/test/kusursuz/Class4_Test_0276.PNG,0,kusursuz,0.2787306,0,kusursuz,dogru_kusursuz
/content/drive/MyDrive/DERİNMODEL/01_veri_seti/islenmis_veri/test/kusursuz/Class4_Test_0277.PNG,0,kusursuz,0.41568944,0,kusursuz,dogru_kusursuz
/content/drive/MyDrive/DERİNMODEL/01_veri_seti/islenmis_veri/test/kusursuz/Class4_Test_0278.PNG,0,kusursuz,0.22325619,0,kusursuz,dogru_kusursuz
/content/drive/MyDrive/DERİNMODEL/01_veri_seti/islenmis_veri/test/kusursuz/Class4_Test_0279.PNG,0,kusursuz,0.33182016,0,kusursuz,dogru_kusursuz
/content/drive/MyDrive/DERİNMODEL/01_veri_seti/islenmis_veri/test/kusursuz/Class4_Test_0280.PNG,0,kusursuz,0.41286308,0,kusursuz,dogru_kusursuz
/content/drive/MyDrive/DERİNMODEL/01_veri_seti/islenmis_veri/test/kusursuz/Class4_Test_0281.PNG,0,kusursuz,0.42435294,0,kusursuz,dogru_kusursuz
/content/drive/MyDrive/DERİNMODEL/01_veri_seti/islenmis_veri/test/kusursuz/Class4_Test_0282.PNG,0,kusursuz,0.3356117,0,kusursuz,dogru_kusursuz
/content/drive/MyDrive/DERİNMODEL/01_veri_seti/islenmis_veri/test/kusursuz/Class4_Test_0283.PNG,0,kusursuz,0.2646444,0,kusursuz,dogru_kusursuz
/content/drive/MyDrive/DERİNMODEL/01_veri_seti/islenmis_veri/test/kusursuz/Class4_Test_0284.PNG,0,kusursuz,0.3714505,0,kusursuz,dogru_kusursuz
/content/drive/MyDrive/DERİNMODEL/01_veri_seti/islenmis_veri/test/kusursuz/Class4_Test_0286.PNG,0,kusursuz,0.36083475,0,kusursuz,dogru_kusursuz
/content/drive/MyDrive/DERİNMODEL/01_veri_seti/islenmis_veri/test/kusursuz/Class4_Test_0287.PNG,0,kusursuz,0.44855815,0,kusursuz,dogru_kusursuz
/content/drive/MyDrive/DERİNMODEL/01_veri_seti/islenmis_veri/test/kusursuz/Class4_Test_0288.PNG,0,kusursuz,0.49098384,0,kusursuz,dogru_kusursuz
/content/drive/MyDrive/DERİNMODEL/01_veri_seti/islenmis_veri/test/kusursuz/Class4_Test_0289.PNG,0,kusursuz,0.4331992,0,kusursuz,dogru_kusursuz
/content/drive/MyDrive/DERİNMODEL/01_veri_seti/islenmis_veri/test/kusursuz/Class4_Test_0290.PNG,0,kusursuz,0.3804895,0,kusursuz,dogru_kusursuz
/content/drive/MyDrive/DERİNMODEL/01_veri_seti/islenmis_veri/test/kusursuz/Class4_Test_0291.PNG,0,kusursuz,0.57949674,0,kusursuz,dogru_kusursuz
/content/drive/MyDrive/DERİNMODEL/01_veri_seti/islenmis_veri/test/kusursuz/Class4_Test_0292.PNG,0,kusursuz,0.31685063,0,kusursuz,dogru_kusursuz
/content/drive/MyDrive/DERİNMODEL/01_veri_seti/islenmis_veri/test/kusursuz/Class4_Test_0293.PNG,0,kusursuz,0.33829284,0,kusursuz,dogru_kusursuz
/content/drive/MyDrive/DERİNMODEL/01_veri_seti/islenmis_veri/test/kusursuz/Class4_Test_0294.PNG,0,kusursuz,0.30596888,0,kusursuz,dogru_kusursuz
/content/drive/MyDrive/DERİNMODEL/01_veri_seti/islenmis_veri/test/kusursuz/Class4_Test_0295.PNG,0,kusursuz,0.5549316,0,kusursuz,dogru_kusursuz
/content/drive/MyDrive/DERİNMODEL/01_veri_seti/islenmis_veri/test/kusursuz/Class4_Test_0296.PNG,0,kusursuz,0.34210393,0,kusursuz,dogru_kusursuz
/content/drive/MyDrive/DERİNMODEL/01_veri_seti/islenmis_veri/test/kusursuz/Class4_Test_0297.PNG,0,kusursuz,0.41055176,0,kusursuz,dogru_kusursuz
/content/drive/MyDrive/DERİNMODEL/01_veri_seti/islenmis_veri/test/kusursuz/Class4_Test_0299.PNG,0,kusursuz,0.27037495,0,kusursuz,dogru_kusursuz
/content/drive/MyDrive/DERİNMODEL/01_veri_seti/islenmis_veri/test/kusursuz/Class4_Test_0300.PNG,0,kusursuz,0.36851564,0,kusursuz,dogru_kusursuz
/content/drive/MyDrive/DERİNMODEL/01_veri_seti/islenmis_veri/test/kusursuz/Class4_Test_0301.PNG,0,kusursuz,0.29979965,0,kusursuz,dogru_kusursuz
/content/drive/MyDrive/DERİNMODEL/01_veri_seti/islenmis_veri/test/kusursuz/Class4_Test_0302.PNG,0,kusursuz,0.35121334,0,kusursuz,dogru_kusursuz
/content/drive/MyDrive/DERİNMODEL/01_veri_seti/islenmis_veri/test/kusursuz/Class4_Test_0303.PNG,0,kusursuz,0.41741613,0,kusursuz,dogru_kusursuz
/content/drive/MyDrive/DERİNMODEL/01_veri_seti/islenmis_veri/test/kusursuz/Class4_Test_0304.PNG,0,kusursuz,0.41425437,0,kusursuz,dogru_kusursuz
/content/drive/MyDrive/DERİNMODEL/01_veri_seti/islenmis_veri/test/kusursuz/Class4_Test_0305.PNG,0,kusursuz,0.29598632,0,kusursuz,dogru_kusursuz
/content/drive/MyDrive/DERİNMODEL/01_veri_seti/islenmis_veri/test/kusursuz/Class4_Test_0306.PNG,0,kusursuz,0.29548654,0,kusursuz,dogru_kusursuz
/content/drive/MyDrive/DERİNMODEL/01_veri_seti/islenmis_veri/test/kusursuz/Class4_Test_0307.PNG,0,kusursuz,0.34754798,0,kusursuz,dogru_kusursuz
/content/drive/MyDrive/DERİNMODEL/01_veri_seti/islenmis_veri/test/kusursuz/Class4_Test_0308.PNG,0,kusursuz,0.34956658,0,kusursuz,dogru_kusursuz
/content/drive/MyDrive/DERİNMODEL/01_veri_seti/islenmis_veri/test/kusursuz/Class4_Test_0309.PNG,0,kusursuz,0.37700352,0,kusursuz,dogru_kusursuz
/content/drive/MyDrive/DERİNMODEL/01_veri_seti/islenmis_veri/test/kusursuz/Class4_Test_0310.PNG,0,kusursuz,0.31208354,0,kusursuz,dogru_kusursuz
/content/drive/MyDrive/DERİNMODEL/01_veri_seti/islenmis_veri/test/kusursuz/Class4_Test_0311.PNG,0,kusursuz,0.35531867,0,kusursuz,dogru_kusursuz
/content/drive/MyDrive/DERİNMODEL/01_veri_seti/islenmis_veri/test/kusursuz/Class4_Test_0312.PNG,0,kusursuz,0.4215834,0,kusursuz,dogru_kusursuz
/content/drive/MyDrive/DERİNMODEL/01_veri_seti/islenmis_veri/test/kusursuz/Class4_Test_0313.PNG,0,kusursuz,0.39115012,0,kusursuz,dogru_kusursuz
/content/drive/MyDrive/DERİNMODEL/01_veri_seti/islenmis_veri/test/kusursuz/Class4_Test_0314.PNG,0,kusursuz,0.33069977,0,kusursuz,dogru_kusursuz
/content/drive/MyDrive/DERİNMODEL/01_veri_seti/islenmis_veri/test/kusursuz/Class4_Test_0315.PNG,0,kusursuz,0.45215946,0,kusursuz,dogru_kusursuz
/content/drive/MyDrive/DERİNMODEL/01_veri_seti/islenmis_veri/test/kusursuz/Class4_Test_0316.PNG,0,kusursuz,0.3492439,0,kusursuz,dogru_kusursuz
/content/drive/MyDrive/DERİNMODEL/01_veri_seti/islenmis_veri/test/kusursuz/Class4_Test_0318.PNG,0,kusursuz,0.45513955,0,kusursuz,dogru_kusursuz
/content/drive/MyDrive/DERİNMODEL/01_veri_seti/islenmis_veri/test/kusursuz/Class4_Test_0319.PNG,0,kusursuz,0.4070348,0,kusursuz,dogru_kusursuz
/content/drive/MyDrive/DERİNMODEL/01_veri_seti/islenmis_veri/test/kusursuz/Class4_Test_0320.PNG,0,kusursuz,0.3364113,0,kusursuz,dogru_kusursuz
/content/drive/MyDrive/DERİNMODEL/01_veri_seti/islenmis_veri/test/kusursuz/Class4_Test_0321.PNG,0,kusursuz,0.38672796,0,kusursuz,dogru_kusursuz
/content/drive/MyDrive/DERİNMODEL/01_veri_seti/islenmis_veri/test/kusursuz/Class4_Test_0322.PNG,0,kusursuz,0.39012644,0,kusursuz,dogru_kusursuz
/content/drive/MyDrive/DERİNMODEL/01_veri_seti/islenmis_veri/test/kusursuz/Class4_Test_0323.PNG,0,kusursuz,0.589105,0,kusursuz,dogru_kusursuz
/content/drive/MyDrive/DERİNMODEL/01_veri_seti/islenmis_veri/test/kusursuz/Class4_Test_0324.PNG,0,kusursuz,0.45620677,0,kusursuz,dogru_kusursuz
/content/drive/MyDrive/DERİNMODEL/01_veri_seti/islenmis_veri/test/kusursuz/Class4_Test_0325.PNG,0,kusursuz,0.48181182,0,kusursuz,dogru_kusursuz
/content/drive/MyDrive/DERİNMODEL/01_veri_seti/islenmis_veri/test/kusursuz/Class4_Test_0326.PNG,0,kusursuz,0.37483752,0,kusursuz,dogru_kusursuz
/content/drive/MyDrive/DERİNMODEL/01_veri_seti/islenmis_veri/test/kusursuz/Class4_Test_0330.PNG,0,kusursuz,0.2786529,0,kusursuz,dogru_kusursuz
/content/drive/MyDrive/DERİNMODEL/01_veri_seti/islenmis_veri/test/kusursuz/Class4_Test_0331.PNG,0,kusursuz,0.35458744,0,kusursuz,dogru_kusursuz
/content/drive/MyDrive/DERİNMODEL/01_veri_seti/islenmis_veri/test/kusursuz/Class4_Test_0332.PNG,0,kusursuz,0.34328458,0,kusursuz,dogru_kusursuz
/content/drive/MyDrive/DERİNMODEL/01_veri_seti/islenmis_veri/test/kusursuz/Class4_Test_0335.PNG,0,kusursuz,0.4912429,0,kusursuz,dogru_kusursuz
/content/drive/MyDrive/DERİNMODEL/01_veri_seti/islenmis_veri/test/kusursuz/Class4_Test_0336.PNG,0,kusursuz,0.39277938,0,kusursuz,dogru_kusursuz
/content/drive/MyDrive/DERİNMODEL/01_veri_seti/islenmis_veri/test/kusursuz/Class4_Test_0337.PNG,0,kusursuz,0.3516785,0,kusursuz,dogru_kusursuz
/content/drive/MyDrive/DERİNMODEL/01_veri_seti/islenmis_veri/test/kusursuz/Class4_Test_0338.PNG,0,kusursuz,0.41570312,0,kusursuz,dogru_kusursuz
/content/drive/MyDrive/DERİNMODEL/01_veri_seti/islenmis_veri/test/kusursuz/Class4_Test_0340.PNG,0,kusursuz,0.31247067,0,kusursuz,dogru_kusursuz
/content/drive/MyDrive/DERİNMODEL/01_veri_seti/islenmis_veri/test/kusursuz/Class4_Test_0341.PNG,0,kusursuz,0.4976629,0,kusursuz,dogru_kusursuz
/content/drive/MyDrive/DERİNMODEL/01_veri_seti/islenmis_veri/test/kusursuz/Class4_Test_0342.PNG,0,kusursuz,0.4473934,0,kusursuz,dogru_kusursuz
/content/drive/MyDrive/DERİNMODEL/01_veri_seti/islenmis_veri/test/kusursuz/Class4_Test_0343.PNG,0,kusursuz,0.45727843,0,kusursuz,dogru_kusursuz
/content/drive/MyDrive/DERİNMODEL/01_veri_seti/islenmis_veri/test/kusursuz/Class4_Test_0344.PNG,0,kusursuz,0.54616827,0,kusursuz,dogru_kusursuz
/content/drive/MyDrive/DERİNMODEL/01_veri_seti/islenmis_veri/test/kusursuz/Class4_Test_0345.PNG,0,kusursuz,0.43902114,0,kusursuz,dogru_kusursuz
/content/drive/MyDrive/DERİNMODEL/01_veri_seti/islenmis_veri/test/kusursuz/Class4_Test_0346.PNG,0,kusursuz,0.28829226,0,kusursuz,dogru_kusursuz
/content/drive/MyDrive/DERİNMODEL/01_veri_seti/islenmis_veri/test/kusursuz/Class4_Test_0347.PNG,0,kusursuz,0.41542742,0,kusursuz,dogru_kusursuz
/content/drive/MyDrive/DERİNMODEL/01_veri_seti/islenmis_veri/test/kusursuz/Class4_Test_0348.PNG,0,kusursuz,0.3840244,0,kusursuz,dogru_kusursuz
/content/drive/MyDrive/DERİNMODEL/01_veri_seti/islenmis_veri/test/kusursuz/Class4_Test_0349.PNG,0,kusursuz,0.2736191,0,kusursuz,dogru_kusursuz
/content/drive/MyDrive/DERİNMODEL/01_veri_seti/islenmis_veri/test/kusursuz/Class4_Test_0350.PNG,0,kusursuz,0.41070104,0,kusursuz,dogru_kusursuz
/content/drive/MyDrive/DERİNMODEL/01_veri_seti/islenmis_veri/test/kusursuz/Class4_Test_0351.PNG,0,kusursuz,0.2985401,0,kusursuz,dogru_kusursuz
/content/drive/MyDrive/DERİNMODEL/01_veri_seti/islenmis_veri/test/kusursuz/Class4_Test_0352.PNG,0,kusursuz,0.42859355,0,kusursuz,dogru_kusursuz
/content/drive/MyDrive/DERİNMODEL/01_veri_seti/islenmis_veri/test/kusursuz/Class4_Test_0353.PNG,0,kusursuz,0.30467278,0,kusursuz,dogru_kusursuz
/content/drive/MyDrive/DERİNMODEL/01_veri_seti/islenmis_veri/test/kusursuz/Class4_Test_0354.PNG,0,kusursuz,0.37917194,0,kusursuz,dogru_kusursuz
/content/drive/MyDrive/DERİNMODEL/01_veri_seti/islenmis_veri/test/kusursuz/Class4_Test_0356.PNG,0,kusursuz,0.29825556,0,kusursuz,dogru_kusursuz
/content/drive/MyDrive/DERİNMODEL/01_veri_seti/islenmis_veri/test/kusursuz/Class4_Test_0358.PNG,0,kusursuz,0.3361388,0,kusursuz,dogru_kusursuz
/content/drive/MyDrive/DERİNMODEL/01_veri_seti/islenmis_veri/test/kusursuz/Class4_Test_0359.PNG,0,kusursuz,0.49458018,0,kusursuz,dogru_kusursuz
/content/drive/MyDrive/DERİNMODEL/01_veri_seti/islenmis_veri/test/kusursuz/Class4_Test_0361.PNG,0,kusursuz,0.3288719,0,kusursuz,dogru_kusursuz
/content/drive/MyDrive/DERİNMODEL/01_veri_seti/islenmis_veri/test/kusursuz/Class4_Test_0362.PNG,0,kusursuz,0.3440029,0,kusursuz,dogru_kusursuz
/content/drive/MyDrive/DERİNMODEL/01_veri_seti/islenmis_veri/test/kusursuz/Class4_Test_0363.PNG,0,kusursuz,0.3338554,0,kusursuz,dogru_kusursuz
/content/drive/MyDrive/DERİNMODEL/01_veri_seti/islenmis_veri/test/kusursuz/Class4_Test_0365.PNG,0,kusursuz,0.56398374,0,kusursuz,dogru_kusursuz
/content/drive/MyDrive/DERİNMODEL/01_veri_seti/islenmis_veri/test/kusursuz/Class4_Test_0366.PNG,0,kusursuz,0.55284804,0,kusursuz,dogru_kusursuz
/content/drive/MyDrive/DERİNMODEL/01_veri_seti/islenmis_veri/test/kusursuz/Class4_Test_0367.PNG,0,kusursuz,0.40626624,0,kusursuz,dogru_kusursuz
/content/drive/MyDrive/DERİNMODEL/01_veri_seti/islenmis_veri/test/kusursuz/Class4_Test_0368.PNG,0,kusursuz,0.4641131,0,kusursuz,dogru_kusursuz
/content/drive/MyDrive/DERİNMODEL/01_veri_seti/islenmis_veri/test/kusursuz/Class4_Test_0369.PNG,0,kusursuz,0.30769017,0,kusursuz,dogru_kusursuz
/content/drive/MyDrive/DERİNMODEL/01_veri_seti/islenmis_veri/test/kusursuz/Class4_Test_0370.PNG,0,kusursuz,0.5901984,0,kusursuz,dogru_kusursuz
/content/drive/MyDrive/DERİNMODEL/01_veri_seti/islenmis_veri/test/kusursuz/Class4_Test_0371.PNG,0,kusursuz,0.41991132,0,kusursuz,dogru_kusursuz
/content/drive/MyDrive/DERİNMODEL/01_veri_seti/islenmis_veri/test/kusursuz/Class4_Test_0373.PNG,0,kusursuz,0.3562256,0,kusursuz,dogru_kusursuz
/content/drive/MyDrive/DERİNMODEL/01_veri_seti/islenmis_veri/test/kusursuz/Class4_Test_0374.PNG,0,kusursuz,0.3440746,0,kusursuz,dogru_kusursuz
/content/drive/MyDrive/DERİNMODEL/01_veri_seti/islenmis_veri/test/kusursuz/Class4_Test_0375.PNG,0,kusursuz,0.5517555,0,kusursuz,dogru_kusursuz
/content/drive/MyDrive/DERİNMODEL/01_veri_seti/islenmis_veri/test/kusursuz/Class4_Test_0376.PNG,0,kusursuz,0.3810246,0,kusursuz,dogru_kusursuz
/content/drive/MyDrive/DERİNMODEL/01_veri_seti/islenmis_veri/test/kusursuz/Class4_Test_0377.PNG,0,kusursuz,0.38110352,0,kusursuz,dogru_kusursuz
/content/drive/MyDrive/DERİNMODEL/01_veri_seti/islenmis_veri/test/kusursuz/Class4_Test_0378.PNG,0,kusursuz,0.4643319,0,kusursuz,dogru_kusursuz
/content/drive/MyDrive/DERİNMODEL/01_veri_seti/islenmis_veri/test/kusursuz/Class4_Test_0379.PNG,0,kusursuz,0.32814103,0,kusursuz,dogru_kusursuz
/content/drive/MyDrive/DERİNMODEL/01_veri_seti/islenmis_veri/test/kusursuz/Class4_Test_0380.PNG,0,kusursuz,0.31697744,0,kusursuz,dogru_kusursuz
/content/drive/MyDrive/DERİNMODEL/01_veri_seti/islenmis_veri/test/kusursuz/Class4_Test_0382.PNG,0,kusursuz,0.35707632,0,kusursuz,dogru_kusursuz
/content/drive/MyDrive/DERİNMODEL/01_veri_seti/islenmis_veri/test/kusursuz/Class4_Test_0383.PNG,0,kusursuz,0.4356795,0,kusursuz,dogru_kusursuz
/content/drive/MyDrive/DERİNMODEL/01_veri_seti/islenmis_veri/test/kusursuz/Class4_Test_0384.PNG,0,kusursuz,0.45951763,0,kusursuz,dogru_kusursuz
/content/drive/MyDrive/DERİNMODEL/01_veri_seti/islenmis_veri/test/kusursuz/Class4_Test_0386.PNG,0,kusursuz,0.33781826,0,kusursuz,dogru_kusursuz
/content/drive/MyDrive/DERİNMODEL/01_veri_seti/islenmis_veri/test/kusursuz/Class4_Test_0387.PNG,0,kusursuz,0.36609504,0,kusursuz,dogru_kusursuz
/content/drive/MyDrive/DERİNMODEL/01_veri_seti/islenmis_veri/test/kusursuz/Class4_Test_0388.PNG,0,kusursuz,0.6458507,1,kusurlu,yanlis_alarm
/content/drive/MyDrive/DERİNMODEL/01_veri_seti/islenmis_veri/test/kusursuz/Class4_Test_0389.PNG,0,kusursuz,0.33342114,0,kusursuz,dogru_kusursuz
/content/drive/MyDrive/DERİNMODEL/01_veri_seti/islenmis_veri/test/kusursuz/Class4_Test_0390.PNG,0,kusursuz,0.29975384,0,kusursuz,dogru_kusursuz
/content/drive/MyDrive/DERİNMODEL/01_veri_seti/islenmis_veri/test/kusursuz/Class4_Test_0391.PNG,0,kusursuz,0.40922198,0,kusursuz,dogru_kusursuz
/content/drive/MyDrive/DERİNMODEL/01_veri_seti/islenmis_veri/test/kusursuz/Class4_Test_0393.PNG,0,kusursuz,0.42928466,0,kusursuz,dogru_kusursuz
/content/drive/MyDrive/DERİNMODEL/01_veri_seti/islenmis_veri/test/kusursuz/Class4_Test_0395.PNG,0,kusursuz,0.44474795,0,kusursuz,dogru_kusursuz
/content/drive/MyDrive/DERİNMODEL/01_veri_seti/islenmis_veri/test/kusursuz/Class4_Test_0396.PNG,0,kusursuz,0.34178287,0,kusursuz,dogru_kusursuz
/content/drive/MyDrive/DERİNMODEL/01_veri_seti/islenmis_veri/test/kusursuz/Class4_Test_0397.PNG,0,kusursuz,0.3115866,0,kusursuz,dogru_kusursuz
/content/drive/MyDrive/DERİNMODEL/01_veri_seti/islenmis_veri/test/kusursuz/Class4_Test_0398.PNG,0,kusursuz,0.29032066,0,kusursuz,dogru_kusursuz
/content/drive/MyDrive/DERİNMODEL/01_veri_seti/islenmis_veri/test/kusursuz/Class4_Test_0399.PNG,0,kusursuz,0.3871965,0,kusursuz,dogru_kusursuz
/content/drive/MyDrive/DERİNMODEL/01_veri_seti/islenmis_veri/test/kusursuz/Class4_Test_0400.PNG,0,kusursuz,0.3027054,0,kusursuz,dogru_kusursuz
/content/drive/MyDrive/DERİNMODEL/01_veri_seti/islenmis_veri/test/kusursuz/Class4_Test_0402.PNG,0,kusursuz,0.4028467,0,kusursuz,dogru_kusursuz
/content/drive/MyDrive/DERİNMODEL/01_veri_seti/islenmis_veri/test/kusursuz/Class4_Test_0403.PNG,0,kusursuz,0.4181587,0,kusursuz,dogru_kusursuz
/content/drive/MyDrive/DERİNMODEL/01_veri_seti/islenmis_veri/test/kusursuz/Class4_Test_0404.PNG,0,kusursuz,0.36881316,0,kusursuz,dogru_kusursuz
/content/drive/MyDrive/DERİNMODEL/01_veri_seti/islenmis_veri/test/kusursuz/Class4_Test_0405.PNG,0,kusursuz,0.33075958,0,kusursuz,dogru_kusursuz
/content/drive/MyDrive/DERİNMODEL/01_veri_seti/islenmis_veri/test/kusursuz/Class4_Test_0407.PNG,0,kusursuz,0.4753179,0,kusursuz,dogru_kusursuz
/content/drive/MyDrive/DERİNMODEL/01_veri_seti/islenmis_veri/test/kusursuz/Class4_Test_0408.PNG,0,kusursuz,0.5205951,0,kusursuz,dogru_kusursuz
/content/drive/MyDrive/DERİNMODEL/01_veri_seti/islenmis_veri/test/kusursuz/Class4_Test_0409.PNG,0,kusursuz,0.36594984,0,kusursuz,dogru_kusursuz
/content/drive/MyDrive/DERİNMODEL/01_veri_seti/islenmis_veri/test/kusursuz/Class4_Test_0410.PNG,0,kusursuz,0.5199178,0,kusursuz,dogru_kusursuz
/content/drive/MyDrive/DERİNMODEL/01_veri_seti/islenmis_veri/test/kusursuz/Class4_Test_0411.PNG,0,kusursuz,0.4122594,0,kusursuz,dogru_kusursuz
/content/drive/MyDrive/DERİNMODEL/01_veri_seti/islenmis_veri/test/kusursuz/Class4_Test_0412.PNG,0,kusursuz,0.28134707,0,kusursuz,dogru_kusursuz
/content/drive/MyDrive/DERİNMODEL/01_veri_seti/islenmis_veri/test/kusursuz/Class4_Test_0413.PNG,0,kusursuz,0.27226692,0,kusursuz,dogru_kusursuz
/content/drive/MyDrive/DERİNMODEL/01_veri_seti/islenmis_veri/test/kusursuz/Class4_Test_0414.PNG,0,kusursuz,0.4412594,0,kusursuz,dogru_kusursuz
/content/drive/MyDrive/DERİNMODEL/01_veri_seti/islenmis_veri/test/kusursuz/Class4_Test_0415.PNG,0,kusursuz,0.33439416,0,kusursuz,dogru_kusursuz
/content/drive/MyDrive/DERİNMODEL/01_veri_seti/islenmis_veri/test/kusursuz/Class4_Test_0416.PNG,0,kusursuz,0.3636457,0,kusursuz,dogru_kusursuz
/content/drive/MyDrive/DERİNMODEL/01_veri_seti/islenmis_veri/test/kusursuz/Class4_Test_0417.PNG,0,kusursuz,0.34655204,0,kusursuz,dogru_kusursuz
/content/drive/MyDrive/DERİNMODEL/01_veri_seti/islenmis_veri/test/kusursuz/Class4_Test_0418.PNG,0,kusursuz,0.38799655,0,kusursuz,dogru_kusursuz
/content/drive/MyDrive/DERİNMODEL/01_veri_seti/islenmis_veri/test/kusursuz/Class4_Test_0419.PNG,0,kusursuz,0.37418038,0,kusursuz,dogru_kusursuz
/content/drive/MyDrive/DERİNMODEL/01_veri_seti/islenmis_veri/test/kusursuz/Class4_Test_0421.PNG,0,kusursuz,0.3228233,0,kusursuz,dogru_kusursuz
/content/drive/MyDrive/DERİNMODEL/01_veri_seti/islenmis_veri/test/kusursuz/Class4_Test_0423.PNG,0,kusursuz,0.36645955,0,kusursuz,dogru_kusursuz
/content/drive/MyDrive/DERİNMODEL/01_veri_seti/islenmis_veri/test/kusursuz/Class4_Test_0424.PNG,0,kusursuz,0.38805383,0,kusursuz,dogru_kusursuz
/content/drive/MyDrive/DERİNMODEL/01_veri_seti/islenmis_veri/test/kusursuz/Class4_Test_0425.PNG,0,kusursuz,0.50521654,0,kusursuz,dogru_kusursuz
/content/drive/MyDrive/DERİNMODEL/01_veri_seti/islenmis_veri/test/kusursuz/Class4_Test_0426.PNG,0,kusursuz,0.40852824,0,kusursuz,dogru_kusursuz
/content/drive/MyDrive/DERİNMODEL/01_veri_seti/islenmis_veri/test/kusursuz/Class4_Test_0427.PNG,0,kusursuz,0.37556118,0,kusursuz,dogru_kusursuz
/content/drive/MyDrive/DERİNMODEL/01_veri_seti/islenmis_veri/test/kusursuz/Class4_Test_0428.PNG,0,kusursuz,0.34779835,0,kusursuz,dogru_kusursuz
/content/drive/MyDrive/DERİNMODEL/01_veri_seti/islenmis_veri/test/kusursuz/Class4_Test_0429.PNG,0,kusursuz,0.37881136,0,kusursuz,dogru_kusursuz
/content/drive/MyDrive/DERİNMODEL/01_veri_seti/islenmis_veri/test/kusursuz/Class4_Test_0430.PNG,0,kusursuz,0.39133564,0,kusursuz,dogru_kusursuz
/content/drive/MyDrive/DERİNMODEL/01_veri_seti/islenmis_veri/test/kusursuz/Class4_Test_0431.PNG,0,kusursuz,0.4020471,0,kusursuz,dogru_kusursuz
/content/drive/MyDrive/DERİNMODEL/01_veri_seti/islenmis_veri/test/kusursuz/Class4_Test_0432.PNG,0,kusursuz,0.43569878,0,kusursuz,dogru_kusursuz
/content/drive/MyDrive/DERİNMODEL/01_veri_seti/islenmis_veri/test/kusursuz/Class4_Test_0433.PNG,0,kusursuz,0.35653952,0,kusursuz,dogru_kusursuz
/content/drive/MyDrive/DERİNMODEL/01_veri_seti/islenmis_veri/test/kusursuz/Class4_Test_0434.PNG,0,kusursuz,0.40612265,0,kusursuz,dogru_kusursuz
/content/drive/MyDrive/DERİNMODEL/01_veri_seti/islenmis_veri/test/kusursuz/Class4_Test_0435.PNG,0,kusursuz,0.5254133,0,kusursuz,dogru_kusursuz
/content/drive/MyDrive/DERİNMODEL/01_veri_seti/islenmis_veri/test/kusursuz/Class4_Test_0436.PNG,0,kusursuz,0.43159947,0,kusursuz,dogru_kusursuz
/content/drive/MyDrive/DERİNMODEL/01_veri_seti/islenmis_veri/test/kusursuz/Class4_Test_0437.PNG,0,kusursuz,0.5532319,0,kusursuz,dogru_kusursuz
/content/drive/MyDrive/DERİNMODEL/01_veri_seti/islenmis_veri/test/kusursuz/Class4_Test_0438.PNG,0,kusursuz,0.4523213,0,kusursuz,dogru_kusursuz
/content/drive/MyDrive/DERİNMODEL/01_veri_seti/islenmis_veri/test/kusursuz/Class4_Test_0439.PNG,0,kusursuz,0.45575646,0,kusursuz,dogru_kusursuz
/content/drive/MyDrive/DERİNMODEL/01_veri_seti/islenmis_veri/test/kusursuz/Class4_Test_0440.PNG,0,kusursuz,0.2822519,0,kusursuz,dogru_kusursuz
/content/drive/MyDrive/DERİNMODEL/01_veri_seti/islenmis_veri/test/kusursuz/Class4_Test_0441.PNG,0,kusursuz,0.4139108,0,kusursuz,dogru_kusursuz
/content/drive/MyDrive/DERİNMODEL/01_veri_seti/islenmis_veri/test/kusursuz/Class4_Test_0442.PNG,0,kusursuz,0.3956024,0,kusursuz,dogru_kusursuz
/content/drive/MyDrive/DERİNMODEL/01_veri_seti/islenmis_veri/test/kusursuz/Class4_Test_0443.PNG,0,kusursuz,0.45492858,0,kusursuz,dogru_kusursuz
/content/drive/MyDrive/DERİNMODEL/01_veri_seti/islenmis_veri/test/kusursuz/Class4_Test_0444.PNG,0,kusursuz,0.37523183,0,kusursuz,dogru_kusursuz
/content/drive/MyDrive/DERİNMODEL/01_veri_seti/islenmis_veri/test/kusursuz/Class4_Test_0445.PNG,0,kusursuz,0.34399676,0,kusursuz,dogru_kusursuz
/content/drive/MyDrive/DERİNMODEL/01_veri_seti/islenmis_veri/test/kusursuz/Class4_Test_0446.PNG,0,kusursuz,0.56319016,0,kusursuz,dogru_kusursuz
/content/drive/MyDrive/DERİNMODEL/01_veri_seti/islenmis_veri/test/kusursuz/Class4_Test_0447.PNG,0,kusursuz,0.33319968,0,kusursuz,dogru_kusursuz
/content/drive/MyDrive/DERİNMODEL/01_veri_seti/islenmis_veri/test/kusursuz/Class4_Test_0448.PNG,0,kusursuz,0.3802903,0,kusursuz,dogru_kusursuz
/content/drive/MyDrive/DERİNMODEL/01_veri_seti/islenmis_veri/test/kusursuz/Class4_Test_0449.PNG,0,kusursuz,0.29850334,0,kusursuz,dogru_kusursuz
/content/drive/MyDrive/DERİNMODEL/01_veri_seti/islenmis_veri/test/kusursuz/Class4_Test_0450.PNG,0,kusursuz,0.4639809,0,kusursuz,dogru_kusursuz
/content/drive/MyDrive/DERİNMODEL/01_veri_seti/islenmis_veri/test/kusursuz/Class4_Test_0451.PNG,0,kusursuz,0.37414947,0,kusursuz,dogru_kusursuz
/content/drive/MyDrive/DERİNMODEL/01_veri_seti/islenmis_veri/test/kusursuz/Class4_Test_0452.PNG,0,kusursuz,0.4988887,0,kusursuz,dogru_kusursuz
/content/drive/MyDrive/DERİNMODEL/01_veri_seti/islenmis_veri/test/kusursuz/Class4_Test_0453.PNG,0,kusursuz,0.5358815,0,kusursuz,dogru_kusursuz
/content/drive/MyDrive/DERİNMODEL/01_veri_seti/islenmis_veri/test/kusursuz/Class4_Test_0454.PNG,0,kusursuz,0.38870138,0,kusursuz,dogru_kusursuz
/content/drive/MyDrive/DERİNMODEL/01_veri_seti/islenmis_veri/test/kusursuz/Class4_Test_0455.PNG,0,kusursuz,0.36492124,0,kusursuz,dogru_kusursuz
/content/drive/MyDrive/DERİNMODEL/01_veri_seti/islenmis_veri/test/kusursuz/Class4_Test_0457.PNG,0,kusursuz,0.33359405,0,kusursuz,dogru_kusursuz
/content/drive/MyDrive/DERİNMODEL/01_veri_seti/islenmis_veri/test/kusursuz/Class4_Test_0458.PNG,0,kusursuz,0.34423852,0,kusursuz,dogru_kusursuz
/content/drive/MyDrive/DERİNMODEL/01_veri_seti/islenmis_veri/test/kusursuz/Class4_Test_0460.PNG,0,kusursuz,0.39641196,0,kusursuz,dogru_kusursuz
/content/drive/MyDrive/DERİNMODEL/01_veri_seti/islenmis_veri/test/kusursuz/Class4_Test_0461.PNG,0,kusursuz,0.35659963,0,kusursuz,dogru_kusursuz
/content/drive/MyDrive/DERİNMODEL/01_veri_seti/islenmis_veri/test/kusursuz/Class4_Test_0464.PNG,0,kusursuz,0.3518448,0,kusursuz,dogru_kusursuz
/content/drive/MyDrive/DERİNMODEL/01_veri_seti/islenmis_veri/test/kusursuz/Class4_Test_0465.PNG,0,kusursuz,0.49838564,0,kusursuz,dogru_kusursuz
/content/drive/MyDrive/DERİNMODEL/01_veri_seti/islenmis_veri/test/kusursuz/Class4_Test_0466.PNG,0,kusursuz,0.3260198,0,kusursuz,dogru_kusursuz
/content/drive/MyDrive/DERİNMODEL/01_veri_seti/islenmis_veri/test/kusursuz/Class4_Test_0467.PNG,0,kusursuz,0.42565113,0,kusursuz,dogru_kusursuz
/content/drive/MyDrive/DERİNMODEL/01_veri_seti/islenmis_veri/test/kusursuz/Class4_Test_0470.PNG,0,kusursuz,0.26032075,0,kusursuz,dogru_kusursuz
/content/drive/MyDrive/DERİNMODEL/01_veri_seti/islenmis_veri/test/kusursuz/Class4_Test_0471.PNG,0,kusursuz,0.37709776,0,kusursuz,dogru_kusursuz
/content/drive/MyDrive/DERİNMODEL/01_veri_seti/islenmis_veri/test/kusursuz/Class4_Test_0472.PNG,0,kusursuz,0.39211065,0,kusursuz,dogru_kusursuz
/content/drive/MyDrive/DERİNMODEL/01_veri_seti/islenmis_veri/test/kusursuz/Class4_Test_0473.PNG,0,kusursuz,0.6743784,1,kusurlu,yanlis_alarm
/content/drive/MyDrive/DERİNMODEL/01_veri_seti/islenmis_veri/test/kusursuz/Class4_Test_0475.PNG,0,kusursuz,0.30911136,0,kusursuz,dogru_kusursuz
/content/drive/MyDrive/DERİNMODEL/01_veri_seti/islenmis_veri/test/kusursuz/Class4_Test_0476.PNG,0,kusursuz,0.25014105,0,kusursuz,dogru_kusursuz
/content/drive/MyDrive/DERİNMODEL/01_veri_seti/islenmis_veri/test/kusursuz/Class4_Test_0477.PNG,0,kusursuz,0.45817795,0,kusursuz,dogru_kusursuz
/content/drive/MyDrive/DERİNMODEL/01_veri_seti/islenmis_veri/test/kusursuz/Class4_Test_0478.PNG,0,kusursuz,0.3707612,0,kusursuz,dogru_kusursuz
/content/drive/MyDrive/DERİNMODEL/01_veri_seti/islenmis_veri/test/kusursuz/Class4_Test_0480.PNG,0,kusursuz,0.3915495,0,kusursuz,dogru_kusursuz
/content/drive/MyDrive/DERİNMODEL/01_veri_seti/islenmis_veri/test/kusursuz/Class4_Test_0481.PNG,0,kusursuz,0.40078676,0,kusursuz,dogru_kusursuz
/content/drive/MyDrive/DERİNMODEL/01_veri_seti/islenmis_veri/test/kusursuz/Class4_Test_0482.PNG,0,kusursuz,0.29421517,0,kusursuz,dogru_kusursuz
/content/drive/MyDrive/DERİNMODEL/01_veri_seti/islenmis_veri/test/kusursuz/Class4_Test_0483.PNG,0,kusursuz,0.3113839,0,kusursuz,dogru_kusursuz
/content/drive/MyDrive/DERİNMODEL/01_veri_seti/islenmis_veri/test/kusursuz/Class4_Test_0484.PNG,0,kusursuz,0.36643624,0,kusursuz,dogru_kusursuz
/content/drive/MyDrive/DERİNMODEL/01_veri_seti/islenmis_veri/test/kusursuz/Class4_Test_0485.PNG,0,kusursuz,0.34835196,0,kusursuz,dogru_kusursuz
/content/drive/MyDrive/DERİNMODEL/01_veri_seti/islenmis_veri/test/kusursuz/Class4_Test_0486.PNG,0,kusursuz,0.32729012,0,kusursuz,dogru_kusursuz
/content/drive/MyDrive/DERİNMODEL/01_veri_seti/islenmis_veri/test/kusursuz/Class4_Test_0488.PNG,0,kusursuz,0.2773428,0,kusursuz,dogru_kusursuz
/content/drive/MyDrive/DERİNMODEL/01_veri_seti/islenmis_veri/test/kusursuz/Class4_Test_0489.PNG,0,kusursuz,0.40481988,0,kusursuz,dogru_kusursuz
/content/drive/MyDrive/DERİNMODEL/01_veri_seti/islenmis_veri/test/kusursuz/Class4_Test_0491.PNG,0,kusursuz,0.3804149,0,kusursuz,dogru_kusursuz
/content/drive/MyDrive/DERİNMODEL/01_veri_seti/islenmis_veri/test/kusursuz/Class4_Test_0492.PNG,0,kusursuz,0.3567086,0,kusursuz,dogru_kusursuz
/content/drive/MyDrive/DERİNMODEL/01_veri_seti/islenmis_veri/test/kusursuz/Class4_Test_0494.PNG,0,kusursuz,0.33797705,0,kusursuz,dogru_kusursuz
/content/drive/MyDrive/DERİNMODEL/01_veri_seti/islenmis_veri/test/kusursuz/Class4_Test_0495.PNG,0,kusursuz,0.36801824,0,kusursuz,dogru_kusursuz
/content/drive/MyDrive/DERİNMODEL/01_veri_seti/islenmis_veri/test/kusursuz/Class4_Test_0496.PNG,0,kusursuz,0.2686313,0,kusursuz,dogru_kusursuz
/content/drive/MyDrive/DERİNMODEL/01_veri_seti/islenmis_veri/test/kusursuz/Class4_Test_0497.PNG,0,kusursuz,0.34521714,0,kusursuz,dogru_kusursuz
/content/drive/MyDrive/DERİNMODEL/01_veri_seti/islenmis_veri/test/kusursuz/Class4_Test_0498.PNG,0,kusursuz,0.2595355,0,kusursuz,dogru_kusursuz
/content/drive/MyDrive/DERİNMODEL/01_veri_seti/islenmis_veri/test/kusursuz/Class4_Test_0499.PNG,0,kusursuz,0.28548253,0,kusursuz,dogru_kusursuz
/content/drive/MyDrive/DERİNMODEL/01_veri_seti/islenmis_veri/test/kusursuz/Class4_Test_0500.PNG,0,kusursuz,0.3440136,0,kusursuz,dogru_kusursuz
/content/drive/MyDrive/DERİNMODEL/01_veri_seti/islenmis_veri/test/kusursuz/Class4_Test_0502.PNG,0,kusursuz,0.32140467,0,kusursuz,dogru_kusursuz
/content/drive/MyDrive/DERİNMODEL/01_veri_seti/islenmis_veri/test/kusursuz/Class4_Test_0503.PNG,0,kusursuz,0.2890897,0,kusursuz,dogru_kusursuz
/content/drive/MyDrive/DERİNMODEL/01_veri_seti/islenmis_veri/test/kusursuz/Class4_Test_0504.PNG,0,kusursuz,0.38607216,0,kusursuz,dogru_kusursuz
/content/drive/MyDrive/DERİNMODEL/01_veri_seti/islenmis_veri/test/kusursuz/Class4_Test_0505.PNG,0,kusursuz,0.36600584,0,kusursuz,dogru_kusursuz
/content/drive/MyDrive/DERİNMODEL/01_veri_seti/islenmis_veri/test/kusursuz/Class4_Test_0506.PNG,0,kusursuz,0.48525482,0,kusursuz,dogru_kusursuz
/content/drive/MyDrive/DERİNMODEL/01_veri_seti/islenmis_veri/test/kusursuz/Class4_Test_0507.PNG,0,kusursuz,0.41047576,0,kusursuz,dogru_kusursuz
/content/drive/MyDrive/DERİNMODEL/01_veri_seti/islenmis_veri/test/kusursuz/Class4_Test_0508.PNG,0,kusursuz,0.4428227,0,kusursuz,dogru_kusursuz
/content/drive/MyDrive/DERİNMODEL/01_veri_seti/islenmis_veri/test/kusursuz/Class4_Test_0509.PNG,0,kusursuz,0.3902768,0,kusursuz,dogru_kusursuz
/content/drive/MyDrive/DERİNMODEL/01_veri_seti/islenmis_veri/test/kusursuz/Class4_Test_0511.PNG,0,kusursuz,0.4182425,0,kusursuz,dogru_kusursuz
/content/drive/MyDrive/DERİNMODEL/01_veri_seti/islenmis_veri/test/kusursuz/Class4_Test_0513.PNG,0,kusursuz,0.40560985,0,kusursuz,dogru_kusursuz
/content/drive/MyDrive/DERİNMODEL/01_veri_seti/islenmis_veri/test/kusursuz/Class4_Test_0515.PNG,0,kusursuz,0.33024222,0,kusursuz,dogru_kusursuz
/content/drive/MyDrive/DERİNMODEL/01_veri_seti/islenmis_veri/test/kusursuz/Class4_Test_0516.PNG,0,kusursuz,0.37881154,0,kusursuz,dogru_kusursuz
/content/drive/MyDrive/DERİNMODEL/01_veri_seti/islenmis_veri/test/kusursuz/Class4_Test_0517.PNG,0,kusursuz,0.37999043,0,kusursuz,dogru_kusursuz
/content/drive/MyDrive/DERİNMODEL/01_veri_seti/islenmis_veri/test/kusursuz/Class4_Test_0518.PNG,0,kusursuz,0.4045262,0,kusursuz,dogru_kusursuz
/content/drive/MyDrive/DERİNMODEL/01_veri_seti/islenmis_veri/test/kusursuz/Class4_Test_0519.PNG,0,kusursuz,0.3718781,0,kusursuz,dogru_kusursuz
/content/drive/MyDrive/DERİNMODEL/01_veri_seti/islenmis_veri/test/kusursuz/Class4_Test_0520.PNG,0,kusursuz,0.33650818,0,kusursuz,dogru_kusursuz
/content/drive/MyDrive/DERİNMODEL/01_veri_seti/islenmis_veri/test/kusursuz/Class4_Test_0521.PNG,0,kusursuz,0.3933231,0,kusursuz,dogru_kusursuz
/content/drive/MyDrive/DERİNMODEL/01_veri_seti/islenmis_veri/test/kusursuz/Class4_Test_0522.PNG,0,kusursuz,0.50341964,0,kusursuz,dogru_kusursuz
/content/drive/MyDrive/DERİNMODEL/01_veri_seti/islenmis_veri/test/kusursuz/Class4_Test_0524.PNG,0,kusursuz,0.35166535,0,kusursuz,dogru_kusursuz
/content/drive/MyDrive/DERİNMODEL/01_veri_seti/islenmis_veri/test/kusursuz/Class4_Test_0525.PNG,0,kusursuz,0.36376193,0,kusursuz,dogru_kusursuz
/content/drive/MyDrive/DERİNMODEL/01_veri_seti/islenmis_veri/test/kusursuz/Class4_Test_0527.PNG,0,kusursuz,0.29971275,0,kusursuz,dogru_kusursuz
/content/drive/MyDrive/DERİNMODEL/01_veri_seti/islenmis_veri/test/kusursuz/Class4_Test_0528.PNG,0,kusursuz,0.43357572,0,kusursuz,dogru_kusursuz
/content/drive/MyDrive/DERİNMODEL/01_veri_seti/islenmis_veri/test/kusursuz/Class4_Test_0529.PNG,0,kusursuz,0.3930265,0,kusursuz,dogru_kusursuz
/content/drive/MyDrive/DERİNMODEL/01_veri_seti/islenmis_veri/test/kusursuz/Class4_Test_0530.PNG,0,kusursuz,0.29472008,0,kusursuz,dogru_kusursuz
/content/drive/MyDrive/DERİNMODEL/01_veri_seti/islenmis_veri/test/kusursuz/Class4_Test_0531.PNG,0,kusursuz,0.45349798,0,kusursuz,dogru_kusursuz
/content/drive/MyDrive/DERİNMODEL/01_veri_seti/islenmis_veri/test/kusursuz/Class4_Test_0532.PNG,0,kusursuz,0.25113764,0,kusursuz,dogru_kusursuz
/content/drive/MyDrive/DERİNMODEL/01_veri_seti/islenmis_veri/test/kusursuz/Class4_Test_0533.PNG,0,kusursuz,0.4424081,0,kusursuz,dogru_kusursuz
/content/drive/MyDrive/DERİNMODEL/01_veri_seti/islenmis_veri/test/kusursuz/Class4_Test_0535.PNG,0,kusursuz,0.46280485,0,kusursuz,dogru_kusursuz
/content/drive/MyDrive/DERİNMODEL/01_veri_seti/islenmis_veri/test/kusursuz/Class4_Test_0538.PNG,0,kusursuz,0.4988435,0,kusursuz,dogru_kusursuz
/content/drive/MyDrive/DERİNMODEL/01_veri_seti/islenmis_veri/test/kusursuz/Class4_Test_0539.PNG,0,kusursuz,0.2578944,0,kusursuz,dogru_kusursuz
/content/drive/MyDrive/DERİNMODEL/01_veri_seti/islenmis_veri/test/kusursuz/Class4_Test_0540.PNG,0,kusursuz,0.34552878,0,kusursuz,dogru_kusursuz
/content/drive/MyDrive/DERİNMODEL/01_veri_seti/islenmis_veri/test/kusursuz/Class4_Test_0541.PNG,0,kusursuz,0.5250593,0,kusursuz,dogru_kusursuz
/content/drive/MyDrive/DERİNMODEL/01_veri_seti/islenmis_veri/test/kusursuz/Class4_Test_0542.PNG,0,kusursuz,0.38141418,0,kusursuz,dogru_kusursuz
/content/drive/MyDrive/DERİNMODEL/01_veri_seti/islenmis_veri/test/kusursuz/Class4_Test_0543.PNG,0,kusursuz,0.3820084,0,kusursuz,dogru_kusursuz
/content/drive/MyDrive/DERİNMODEL/01_veri_seti/islenmis_veri/test/kusursuz/Class4_Test_0544.PNG,0,kusursuz,0.48834336,0,kusursuz,dogru_kusursuz
/content/drive/MyDrive/DERİNMODEL/01_veri_seti/islenmis_veri/test/kusursuz/Class4_Test_0545.PNG,0,kusursuz,0.42545226,0,kusursuz,dogru_kusursuz
/content/drive/MyDrive/DERİNMODEL/01_veri_seti/islenmis_veri/test/kusursuz/Class4_Test_0546.PNG,0,kusursuz,0.3203987,0,kusursuz,dogru_kusursuz
/content/drive/MyDrive/DERİNMODEL/01_veri_seti/islenmis_veri/test/kusursuz/Class4_Test_0547.PNG,0,kusursuz,0.3004386,0,kusursuz,dogru_kusursuz
/content/drive/MyDrive/DERİNMODEL/01_veri_seti/islenmis_veri/test/kusursuz/Class4_Test_0549.PNG,0,kusursuz,0.44053173,0,kusursuz,dogru_kusursuz
/content/drive/MyDrive/DERİNMODEL/01_veri_seti/islenmis_veri/test/kusursuz/Class4_Test_0550.PNG,0,kusursuz,0.24712554,0,kusursuz,dogru_kusursuz
/content/drive/MyDrive/DERİNMODEL/01_veri_seti/islenmis_veri/test/kusursuz/Class4_Test_0551.PNG,0,kusursuz,0.31688532,0,kusursuz,dogru_kusursuz
/content/drive/MyDrive/DERİNMODEL/01_veri_seti/islenmis_veri/test/kusursuz/Class4_Test_0552.PNG,0,kusursuz,0.33155763,0,kusursuz,dogru_kusursuz
/content/drive/MyDrive/DERİNMODEL/01_veri_seti/islenmis_veri/test/kusursuz/Class4_Test_0553.PNG,0,kusursuz,0.26245102,0,kusursuz,dogru_kusursuz
/content/drive/MyDrive/DERİNMODEL/01_veri_seti/islenmis_veri/test/kusursuz/Class4_Test_0555.PNG,0,kusursuz,0.26744708,0,kusursuz,dogru_kusursuz
/content/drive/MyDrive/DERİNMODEL/01_veri_seti/islenmis_veri/test/kusursuz/Class4_Test_0556.PNG,0,kusursuz,0.2875682,0,kusursuz,dogru_kusursuz
/content/drive/MyDrive/DERİNMODEL/01_veri_seti/islenmis_veri/test/kusursuz/Class4_Test_0557.PNG,0,kusursuz,0.4659149,0,kusursuz,dogru_kusursuz
/content/drive/MyDrive/DERİNMODEL/01_veri_seti/islenmis_veri/test/kusursuz/Class4_Test_0558.PNG,0,kusursuz,0.30182606,0,kusursuz,dogru_kusursuz
/content/drive/MyDrive/DERİNMODEL/01_veri_seti/islenmis_veri/test/kusursuz/Class4_Test_0559.PNG,0,kusursuz,0.35534048,0,kusursuz,dogru_kusursuz
/content/drive/MyDrive/DERİNMODEL/01_veri_seti/islenmis_veri/test/kusursuz/Class4_Test_0560.PNG,0,kusursuz,0.46094415,0,kusursuz,dogru_kusursuz
/content/drive/MyDrive/DERİNMODEL/01_veri_seti/islenmis_veri/test/kusursuz/Class4_Test_0561.PNG,0,kusursuz,0.43492478,0,kusursuz,dogru_kusursuz
/content/drive/MyDrive/DERİNMODEL/01_veri_seti/islenmis_veri/test/kusursuz/Class4_Test_0562.PNG,0,kusursuz,0.3084642,0,kusursuz,dogru_kusursuz
/content/drive/MyDrive/DERİNMODEL/01_veri_seti/islenmis_veri/test/kusursuz/Class4_Test_0563.PNG,0,kusursuz,0.38485253,0,kusursuz,dogru_kusursuz
/content/drive/MyDrive/DERİNMODEL/01_veri_seti/islenmis_veri/test/kusursuz/Class4_Test_0564.PNG,0,kusursuz,0.3419948,0,kusursuz,dogru_kusursuz
/content/drive/MyDrive/DERİNMODEL/01_veri_seti/islenmis_veri/test/kusursuz/Class4_Test_0565.PNG,0,kusursuz,0.40402836,0,kusursuz,dogru_kusursuz
/content/drive/MyDrive/DERİNMODEL/01_veri_seti/islenmis_veri/test/kusursuz/Class4_Test_0566.PNG,0,kusursuz,0.3619921,0,kusursuz,dogru_kusursuz
/content/drive/MyDrive/DERİNMODEL/01_veri_seti/islenmis_veri/test/kusursuz/Class4_Test_0567.PNG,0,kusursuz,0.33810842,0,kusursuz,dogru_kusursuz
/content/drive/MyDrive/DERİNMODEL/01_veri_seti/islenmis_veri/test/kusursuz/Class4_Test_0568.PNG,0,kusursuz,0.38715357,0,kusursuz,dogru_kusursuz
/content/drive/MyDrive/DERİNMODEL/01_veri_seti/islenmis_veri/test/kusursuz/Class4_Test_0569.PNG,0,kusursuz,0.39995986,0,kusursuz,dogru_kusursuz
/content/drive/MyDrive/DERİNMODEL/01_veri_seti/islenmis_veri/test/kusursuz/Class4_Test_0570.PNG,0,kusursuz,0.43440503,0,kusursuz,dogru_kusursuz
/content/drive/MyDrive/DERİNMODEL/01_veri_seti/islenmis_veri/test/kusursuz/Class4_Test_0572.PNG,0,kusursuz,0.4162572,0,kusursuz,dogru_kusursuz
/content/drive/MyDrive/DERİNMODEL/01_veri_seti/islenmis_veri/test/kusursuz/Class4_Test_0573.PNG,0,kusursuz,0.42145684,0,kusursuz,dogru_kusursuz
/content/drive/MyDrive/DERİNMODEL/01_veri_seti/islenmis_veri/test/kusursuz/Class4_Test_0574.PNG,0,kusursuz,0.44505733,0,kusursuz,dogru_kusursuz
/content/drive/MyDrive/DERİNMODEL/01_veri_seti/islenmis_veri/test/kusursuz/Class4_Test_0575.PNG,0,kusursuz,0.44777375,0,kusursuz,dogru_kusursuz
/content/drive/MyDrive/DERİNMODEL/01_veri_seti/islenmis_veri/test/kusursuz/Class5_Test_0002.PNG,0,kusursuz,0.33058703,0,kusursuz,dogru_kusursuz
/content/drive/MyDrive/DERİNMODEL/01_veri_seti/islenmis_veri/test/kusursuz/Class5_Test_0003.PNG,0,kusursuz,0.41363055,0,kusursuz,dogru_kusursuz
/content/drive/MyDrive/DERİNMODEL/01_veri_seti/islenmis_veri/test/kusursuz/Class5_Test_0004.PNG,0,kusursuz,0.27098235,0,kusursuz,dogru_kusursuz
/content/drive/MyDrive/DERİNMODEL/01_veri_seti/islenmis_veri/test/kusursuz/Class5_Test_0005.PNG,0,kusursuz,0.26388022,0,kusursuz,dogru_kusursuz
/content/drive/MyDrive/DERİNMODEL/01_veri_seti/islenmis_veri/test/kusursuz/Class5_Test_0006.PNG,0,kusursuz,0.41962913,0,kusursuz,dogru_kusursuz
/content/drive/MyDrive/DERİNMODEL/01_veri_seti/islenmis_veri/test/kusursuz/Class5_Test_0007.PNG,0,kusursuz,0.33344266,0,kusursuz,dogru_kusursuz
/content/drive/MyDrive/DERİNMODEL/01_veri_seti/islenmis_veri/test/kusursuz/Class5_Test_0009.PNG,0,kusursuz,0.26342854,0,kusursuz,dogru_kusursuz
/content/drive/MyDrive/DERİNMODEL/01_veri_seti/islenmis_veri/test/kusursuz/Class5_Test_0010.PNG,0,kusursuz,0.33985642,0,kusursuz,dogru_kusursuz
/content/drive/MyDrive/DERİNMODEL/01_veri_seti/islenmis_veri/test/kusursuz/Class5_Test_0011.PNG,0,kusursuz,0.36042425,0,kusursuz,dogru_kusursuz
/content/drive/MyDrive/DERİNMODEL/01_veri_seti/islenmis_veri/test/kusursuz/Class5_Test_0012.PNG,0,kusursuz,0.41218907,0,kusursuz,dogru_kusursuz
/content/drive/MyDrive/DERİNMODEL/01_veri_seti/islenmis_veri/test/kusursuz/Class5_Test_0013.PNG,0,kusursuz,0.2686451,0,kusursuz,dogru_kusursuz
/content/drive/MyDrive/DERİNMODEL/01_veri_seti/islenmis_veri/test/kusursuz/Class5_Test_0016.PNG,0,kusursuz,0.35002533,0,kusursuz,dogru_kusursuz
/content/drive/MyDrive/DERİNMODEL/01_veri_seti/islenmis_veri/test/kusursuz/Class5_Test_0017.PNG,0,kusursuz,0.4715893,0,kusursuz,dogru_kusursuz
/content/drive/MyDrive/DERİNMODEL/01_veri_seti/islenmis_veri/test/kusursuz/Class5_Test_0018.PNG,0,kusursuz,0.46027058,0,kusursuz,dogru_kusursuz
/content/drive/MyDrive/DERİNMODEL/01_veri_seti/islenmis_veri/test/kusursuz/Class5_Test_0019.PNG,0,kusursuz,0.40053695,0,kusursuz,dogru_kusursuz
/content/drive/MyDrive/DERİNMODEL/01_veri_seti/islenmis_veri/test/kusursuz/Class5_Test_0020.PNG,0,kusursuz,0.44365644,0,kusursuz,dogru_kusursuz
/content/drive/MyDrive/DERİNMODEL/01_veri_seti/islenmis_veri/test/kusursuz/Class5_Test_0021.PNG,0,kusursuz,0.4467702,0,kusursuz,dogru_kusursuz
/content/drive/MyDrive/DERİNMODEL/01_veri_seti/islenmis_veri/test/kusursuz/Class5_Test_0022.PNG,0,kusursuz,0.5090792,0,kusursuz,dogru_kusursuz
/content/drive/MyDrive/DERİNMODEL/01_veri_seti/islenmis_veri/test/kusursuz/Class5_Test_0023.PNG,0,kusursuz,0.34168068,0,kusursuz,dogru_kusursuz
/content/drive/MyDrive/DERİNMODEL/01_veri_seti/islenmis_veri/test/kusursuz/Class5_Test_0024.PNG,0,kusursuz,0.33545008,0,kusursuz,dogru_kusursuz
/content/drive/MyDrive/DERİNMODEL/01_veri_seti/islenmis_veri/test/kusursuz/Class5_Test_0025.PNG,0,kusursuz,0.37187925,0,kusursuz,dogru_kusursuz
/content/drive/MyDrive/DERİNMODEL/01_veri_seti/islenmis_veri/test/kusursuz/Class5_Test_0026.PNG,0,kusursuz,0.38504383,0,kusursuz,dogru_kusursuz
/content/drive/MyDrive/DERİNMODEL/01_veri_seti/islenmis_veri/test/kusursuz/Class5_Test_0028.PNG,0,kusursuz,0.40188667,0,kusursuz,dogru_kusursuz
/content/drive/MyDrive/DERİNMODEL/01_veri_seti/islenmis_veri/test/kusursuz/Class5_Test_0029.PNG,0,kusursuz,0.34790093,0,kusursuz,dogru_kusursuz
/content/drive/MyDrive/DERİNMODEL/01_veri_seti/islenmis_veri/test/kusursuz/Class5_Test_0030.PNG,0,kusursuz,0.3895596,0,kusursuz,dogru_kusursuz
/content/drive/MyDrive/DERİNMODEL/01_veri_seti/islenmis_veri/test/kusursuz/Class5_Test_0031.PNG,0,kusursuz,0.3366636,0,kusursuz,dogru_kusursuz
/content/drive/MyDrive/DERİNMODEL/01_veri_seti/islenmis_veri/test/kusursuz/Class5_Test_0032.PNG,0,kusursuz,0.37026846,0,kusursuz,dogru_kusursuz
/content/drive/MyDrive/DERİNMODEL/01_veri_seti/islenmis_veri/test/kusursuz/Class5_Test_0033.PNG,0,kusursuz,0.3373402,0,kusursuz,dogru_kusursuz
/content/drive/MyDrive/DERİNMODEL/01_veri_seti/islenmis_veri/test/kusursuz/Class5_Test_0035.PNG,0,kusursuz,0.36279467,0,kusursuz,dogru_kusursuz
/content/drive/MyDrive/DERİNMODEL/01_veri_seti/islenmis_veri/test/kusursuz/Class5_Test_0036.PNG,0,kusursuz,0.39706275,0,kusursuz,dogru_kusursuz
/content/drive/MyDrive/DERİNMODEL/01_veri_seti/islenmis_veri/test/kusursuz/Class5_Test_0037.PNG,0,kusursuz,0.31021023,0,kusursuz,dogru_kusursuz
/content/drive/MyDrive/DERİNMODEL/01_veri_seti/islenmis_veri/test/kusursuz/Class5_Test_0038.PNG,0,kusursuz,0.46256343,0,kusursuz,dogru_kusursuz
/content/drive/MyDrive/DERİNMODEL/01_veri_seti/islenmis_veri/test/kusursuz/Class5_Test_0039.PNG,0,kusursuz,0.40284792,0,kusursuz,dogru_kusursuz
/content/drive/MyDrive/DERİNMODEL/01_veri_seti/islenmis_veri/test/kusursuz/Class5_Test_0040.PNG,0,kusursuz,0.46413556,0,kusursuz,dogru_kusursuz
/content/drive/MyDrive/DERİNMODEL/01_veri_seti/islenmis_veri/test/kusursuz/Class5_Test_0041.PNG,0,kusursuz,0.35560253,0,kusursuz,dogru_kusursuz
/content/drive/MyDrive/DERİNMODEL/01_veri_seti/islenmis_veri/test/kusursuz/Class5_Test_0042.PNG,0,kusursuz,0.31501624,0,kusursuz,dogru_kusursuz
/content/drive/MyDrive/DERİNMODEL/01_veri_seti/islenmis_veri/test/kusursuz/Class5_Test_0044.PNG,0,kusursuz,0.36100084,0,kusursuz,dogru_kusursuz
/content/drive/MyDrive/DERİNMODEL/01_veri_seti/islenmis_veri/test/kusursuz/Class5_Test_0045.PNG,0,kusursuz,0.3273091,0,kusursuz,dogru_kusursuz
/content/drive/MyDrive/DERİNMODEL/01_veri_seti/islenmis_veri/test/kusursuz/Class5_Test_0046.PNG,0,kusursuz,0.4449917,0,kusursuz,dogru_kusursuz
/content/drive/MyDrive/DERİNMODEL/01_veri_seti/islenmis_veri/test/kusursuz/Class5_Test_0047.PNG,0,kusursuz,0.4153579,0,kusursuz,dogru_kusursuz
/content/drive/MyDrive/DERİNMODEL/01_veri_seti/islenmis_veri/test/kusursuz/Class5_Test_0048.PNG,0,kusursuz,0.4006999,0,kusursuz,dogru_kusursuz
/content/drive/MyDrive/DERİNMODEL/01_veri_seti/islenmis_veri/test/kusursuz/Class5_Test_0049.PNG,0,kusursuz,0.36335146,0,kusursuz,dogru_kusursuz
/content/drive/MyDrive/DERİNMODEL/01_veri_seti/islenmis_veri/test/kusursuz/Class5_Test_0050.PNG,0,kusursuz,0.30276212,0,kusursuz,dogru_kusursuz
/content/drive/MyDrive/DERİNMODEL/01_veri_seti/islenmis_veri/test/kusursuz/Class5_Test_0052.PNG,0,kusursuz,0.4066803,0,kusursuz,dogru_kusursuz
/content/drive/MyDrive/DERİNMODEL/01_veri_seti/islenmis_veri/test/kusursuz/Class5_Test_0053.PNG,0,kusursuz,0.41092902,0,kusursuz,dogru_kusursuz
/content/drive/MyDrive/DERİNMODEL/01_veri_seti/islenmis_veri/test/kusursuz/Class5_Test_0054.PNG,0,kusursuz,0.41321334,0,kusursuz,dogru_kusursuz
/content/drive/MyDrive/DERİNMODEL/01_veri_seti/islenmis_veri/test/kusursuz/Class5_Test_0055.PNG,0,kusursuz,0.34211305,0,kusursuz,dogru_kusursuz
/content/drive/MyDrive/DERİNMODEL/01_veri_seti/islenmis_veri/test/kusursuz/Class5_Test_0056.PNG,0,kusursuz,0.36550945,0,kusursuz,dogru_kusursuz
/content/drive/MyDrive/DERİNMODEL/01_veri_seti/islenmis_veri/test/kusursuz/Class5_Test_0057.PNG,0,kusursuz,0.50611436,0,kusursuz,dogru_kusursuz
/content/drive/MyDrive/DERİNMODEL/01_veri_seti/islenmis_veri/test/kusursuz/Class5_Test_0058.PNG,0,kusursuz,0.5642249,0,kusursuz,dogru_kusursuz
/content/drive/MyDrive/DERİNMODEL/01_veri_seti/islenmis_veri/test/kusursuz/Class5_Test_0059.PNG,0,kusursuz,0.35753104,0,kusursuz,dogru_kusursuz
/content/drive/MyDrive/DERİNMODEL/01_veri_seti/islenmis_veri/test/kusursuz/Class5_Test_0060.PNG,0,kusursuz,0.36428168,0,kusursuz,dogru_kusursuz
/content/drive/MyDrive/DERİNMODEL/01_veri_seti/islenmis_veri/test/kusursuz/Class5_Test_0061.PNG,0,kusursuz,0.3525923,0,kusursuz,dogru_kusursuz
/content/drive/MyDrive/DERİNMODEL/01_veri_seti/islenmis_veri/test/kusursuz/Class5_Test_0062.PNG,0,kusursuz,0.41868287,0,kusursuz,dogru_kusursuz
/content/drive/MyDrive/DERİNMODEL/01_veri_seti/islenmis_veri/test/kusursuz/Class5_Test_0063.PNG,0,kusursuz,0.45643178,0,kusursuz,dogru_kusursuz
/content/drive/MyDrive/DERİNMODEL/01_veri_seti/islenmis_veri/test/kusursuz/Class5_Test_0064.PNG,0,kusursuz,0.49485922,0,kusursuz,dogru_kusursuz
/content/drive/MyDrive/DERİNMODEL/01_veri_seti/islenmis_veri/test/kusursuz/Class5_Test_0065.PNG,0,kusursuz,0.46170133,0,kusursuz,dogru_kusursuz
/content/drive/MyDrive/DERİNMODEL/01_veri_seti/islenmis_veri/test/kusursuz/Class5_Test_0066.PNG,0,kusursuz,0.2929215,0,kusursuz,dogru_kusursuz
/content/drive/MyDrive/DERİNMODEL/01_veri_seti/islenmis_veri/test/kusursuz/Class5_Test_0067.PNG,0,kusursuz,0.45967942,0,kusursuz,dogru_kusursuz
/content/drive/MyDrive/DERİNMODEL/01_veri_seti/islenmis_veri/test/kusursuz/Class5_Test_0068.PNG,0,kusursuz,0.5515607,0,kusursuz,dogru_kusursuz
/content/drive/MyDrive/DERİNMODEL/01_veri_seti/islenmis_veri/test/kusursuz/Class5_Test_0069.PNG,0,kusursuz,0.29643998,0,kusursuz,dogru_kusursuz
/content/drive/MyDrive/DERİNMODEL/01_veri_seti/islenmis_veri/test/kusursuz/Class5_Test_0070.PNG,0,kusursuz,0.3451359,0,kusursuz,dogru_kusursuz
/content/drive/MyDrive/DERİNMODEL/01_veri_seti/islenmis_veri/test/kusursuz/Class5_Test_0071.PNG,0,kusursuz,0.40696612,0,kusursuz,dogru_kusursuz
/content/drive/MyDrive/DERİNMODEL/01_veri_seti/islenmis_veri/test/kusursuz/Class5_Test_0072.PNG,0,kusursuz,0.40843627,0,kusursuz,dogru_kusursuz
/content/drive/MyDrive/DERİNMODEL/01_veri_seti/islenmis_veri/test/kusursuz/Class5_Test_0073.PNG,0,kusursuz,0.3622631,0,kusursuz,dogru_kusursuz
/content/drive/MyDrive/DERİNMODEL/01_veri_seti/islenmis_veri/test/kusursuz/Class5_Test_0074.PNG,0,kusursuz,0.29441434,0,kusursuz,dogru_kusursuz
/content/drive/MyDrive/DERİNMODEL/01_veri_seti/islenmis_veri/test/kusursuz/Class5_Test_0075.PNG,0,kusursuz,0.4141695,0,kusursuz,dogru_kusursuz
/content/drive/MyDrive/DERİNMODEL/01_veri_seti/islenmis_veri/test/kusursuz/Class5_Test_0076.PNG,0,kusursuz,0.31782416,0,kusursuz,dogru_kusursuz
/content/drive/MyDrive/DERİNMODEL/01_veri_seti/islenmis_veri/test/kusursuz/Class5_Test_0077.PNG,0,kusursuz,0.3540961,0,kusursuz,dogru_kusursuz
/content/drive/MyDrive/DERİNMODEL/01_veri_seti/islenmis_veri/test/kusursuz/Class5_Test_0079.PNG,0,kusursuz,0.30926463,0,kusursuz,dogru_kusursuz
/content/drive/MyDrive/DERİNMODEL/01_veri_seti/islenmis_veri/test/kusursuz/Class5_Test_0080.PNG,0,kusursuz,0.3557391,0,kusursuz,dogru_kusursuz
/content/drive/MyDrive/DERİNMODEL/01_veri_seti/islenmis_veri/test/kusursuz/Class5_Test_0081.PNG,0,kusursuz,0.35335523,0,kusursuz,dogru_kusursuz
/content/drive/MyDrive/DERİNMODEL/01_veri_seti/islenmis_veri/test/kusursuz/Class5_Test_0082.PNG,0,kusursuz,0.43497998,0,kusursuz,dogru_kusursuz
/content/drive/MyDrive/DERİNMODEL/01_veri_seti/islenmis_veri/test/kusursuz/Class5_Test_0083.PNG,0,kusursuz,0.38226217,0,kusursuz,dogru_kusursuz
/content/drive/MyDrive/DERİNMODEL/01_veri_seti/islenmis_veri/test/kusursuz/Class5_Test_0084.PNG,0,kusursuz,0.4986588,0,kusursuz,dogru_kusursuz
/content/drive/MyDrive/DERİNMODEL/01_veri_seti/islenmis_veri/test/kusursuz/Class5_Test_0085.PNG,0,kusursuz,0.37020954,0,kusursuz,dogru_kusursuz
/content/drive/MyDrive/DERİNMODEL/01_veri_seti/islenmis_veri/test/kusursuz/Class5_Test_0086.PNG,0,kusursuz,0.422117,0,kusursuz,dogru_kusursuz
/content/drive/MyDrive/DERİNMODEL/01_veri_seti/islenmis_veri/test/kusursuz/Class5_Test_0087.PNG,0,kusursuz,0.38375422,0,kusursuz,dogru_kusursuz
/content/drive/MyDrive/DERİNMODEL/01_veri_seti/islenmis_veri/test/kusursuz/Class5_Test_0088.PNG,0,kusursuz,0.2931866,0,kusursuz,dogru_kusursuz
/content/drive/MyDrive/DERİNMODEL/01_veri_seti/islenmis_veri/test/kusursuz/Class5_Test_0090.PNG,0,kusursuz,0.41662502,0,kusursuz,dogru_kusursuz
/content/drive/MyDrive/DERİNMODEL/01_veri_seti/islenmis_veri/test/kusursuz/Class5_Test_0091.PNG,0,kusursuz,0.40456712,0,kusursuz,dogru_kusursuz
/content/drive/MyDrive/DERİNMODEL/01_veri_seti/islenmis_veri/test/kusursuz/Class5_Test_0092.PNG,0,kusursuz,0.57240325,0,kusursuz,dogru_kusursuz
/content/drive/MyDrive/DERİNMODEL/01_veri_seti/islenmis_veri/test/kusursuz/Class5_Test_0093.PNG,0,kusursuz,0.32596272,0,kusursuz,dogru_kusursuz
/content/drive/MyDrive/DERİNMODEL/01_veri_seti/islenmis_veri/test/kusursuz/Class5_Test_0094.PNG,0,kusursuz,0.5109312,0,kusursuz,dogru_kusursuz
/content/drive/MyDrive/DERİNMODEL/01_veri_seti/islenmis_veri/test/kusursuz/Class5_Test_0095.PNG,0,kusursuz,0.42479905,0,kusursuz,dogru_kusursuz
/content/drive/MyDrive/DERİNMODEL/01_veri_seti/islenmis_veri/test/kusursuz/Class5_Test_0096.PNG,0,kusursuz,0.31593657,0,kusursuz,dogru_kusursuz
/content/drive/MyDrive/DERİNMODEL/01_veri_seti/islenmis_veri/test/kusursuz/Class5_Test_0097.PNG,0,kusursuz,0.44619402,0,kusursuz,dogru_kusursuz
/content/drive/MyDrive/DERİNMODEL/01_veri_seti/islenmis_veri/test/kusursuz/Class5_Test_0098.PNG,0,kusursuz,0.46081147,0,kusursuz,dogru_kusursuz
/content/drive/MyDrive/DERİNMODEL/01_veri_seti/islenmis_veri/test/kusursuz/Class5_Test_0100.PNG,0,kusursuz,0.3807713,0,kusursuz,dogru_kusursuz
/content/drive/MyDrive/DERİNMODEL/01_veri_seti/islenmis_veri/test/kusursuz/Class5_Test_0101.PNG,0,kusursuz,0.35397246,0,kusursuz,dogru_kusursuz
/content/drive/MyDrive/DERİNMODEL/01_veri_seti/islenmis_veri/test/kusursuz/Class5_Test_0103.PNG,0,kusursuz,0.5322689,0,kusursuz,dogru_kusursuz
/content/drive/MyDrive/DERİNMODEL/01_veri_seti/islenmis_veri/test/kusursuz/Class5_Test_0104.PNG,0,kusursuz,0.382473,0,kusursuz,dogru_kusursuz
/content/drive/MyDrive/DERİNMODEL/01_veri_seti/islenmis_veri/test/kusursuz/Class5_Test_0105.PNG,0,kusursuz,0.31106886,0,kusursuz,dogru_kusursuz
/content/drive/MyDrive/DERİNMODEL/01_veri_seti/islenmis_veri/test/kusursuz/Class5_Test_0106.PNG,0,kusursuz,0.43874383,0,kusursuz,dogru_kusursuz
/content/drive/MyDrive/DERİNMODEL/01_veri_seti/islenmis_veri/test/kusursuz/Class5_Test_0107.PNG,0,kusursuz,0.37773272,0,kusursuz,dogru_kusursuz
/content/drive/MyDrive/DERİNMODEL/01_veri_seti/islenmis_veri/test/kusursuz/Class5_Test_0108.PNG,0,kusursuz,0.41341984,0,kusursuz,dogru_kusursuz
/content/drive/MyDrive/DERİNMODEL/01_veri_seti/islenmis_veri/test/kusursuz/Class5_Test_0109.PNG,0,kusursuz,0.30816433,0,kusursuz,dogru_kusursuz
/content/drive/MyDrive/DERİNMODEL/01_veri_seti/islenmis_veri/test/kusursuz/Class5_Test_0111.PNG,0,kusursuz,0.23887447,0,kusursuz,dogru_kusursuz
/content/drive/MyDrive/DERİNMODEL/01_veri_seti/islenmis_veri/test/kusursuz/Class5_Test_0112.PNG,0,kusursuz,0.2903496,0,kusursuz,dogru_kusursuz
/content/drive/MyDrive/DERİNMODEL/01_veri_seti/islenmis_veri/test/kusursuz/Class5_Test_0113.PNG,0,kusursuz,0.29988983,0,kusursuz,dogru_kusursuz
/content/drive/MyDrive/DERİNMODEL/01_veri_seti/islenmis_veri/test/kusursuz/Class5_Test_0114.PNG,0,kusursuz,0.4417912,0,kusursuz,dogru_kusursuz
/content/drive/MyDrive/DERİNMODEL/01_veri_seti/islenmis_veri/test/kusursuz/Class5_Test_0115.PNG,0,kusursuz,0.34639004,0,kusursuz,dogru_kusursuz
/content/drive/MyDrive/DERİNMODEL/01_veri_seti/islenmis_veri/test/kusursuz/Class5_Test_0116.PNG,0,kusursuz,0.42419827,0,kusursuz,dogru_kusursuz
/content/drive/MyDrive/DERİNMODEL/01_veri_seti/islenmis_veri/test/kusursuz/Class5_Test_0117.PNG,0,kusursuz,0.23120373,0,kusursuz,dogru_kusursuz
/content/drive/MyDrive/DERİNMODEL/01_veri_seti/islenmis_veri/test/kusursuz/Class5_Test_0118.PNG,0,kusursuz,0.38697386,0,kusursuz,dogru_kusursuz
/content/drive/MyDrive/DERİNMODEL/01_veri_seti/islenmis_veri/test/kusursuz/Class5_Test_0119.PNG,0,kusursuz,0.31772646,0,kusursuz,dogru_kusursuz
/content/drive/MyDrive/DERİNMODEL/01_veri_seti/islenmis_veri/test/kusursuz/Class5_Test_0120.PNG,0,kusursuz,0.3800629,0,kusursuz,dogru_kusursuz
/content/drive/MyDrive/DERİNMODEL/01_veri_seti/islenmis_veri/test/kusursuz/Class5_Test_0121.PNG,0,kusursuz,0.4014402,0,kusursuz,dogru_kusursuz
/content/drive/MyDrive/DERİNMODEL/01_veri_seti/islenmis_veri/test/kusursuz/Class5_Test_0123.PNG,0,kusursuz,0.4089133,0,kusursuz,dogru_kusursuz
/content/drive/MyDrive/DERİNMODEL/01_veri_seti/islenmis_veri/test/kusursuz/Class5_Test_0124.PNG,0,kusursuz,0.33105206,0,kusursuz,dogru_kusursuz
/content/drive/MyDrive/DERİNMODEL/01_veri_seti/islenmis_veri/test/kusursuz/Class5_Test_0125.PNG,0,kusursuz,0.38273352,0,kusursuz,dogru_kusursuz
/content/drive/MyDrive/DERİNMODEL/01_veri_seti/islenmis_veri/test/kusursuz/Class5_Test_0126.PNG,0,kusursuz,0.34223136,0,kusursuz,dogru_kusursuz
/content/drive/MyDrive/DERİNMODEL/01_veri_seti/islenmis_veri/test/kusursuz/Class5_Test_0127.PNG,0,kusursuz,0.30157915,0,kusursuz,dogru_kusursuz
/content/drive/MyDrive/DERİNMODEL/01_veri_seti/islenmis_veri/test/kusursuz/Class5_Test_0128.PNG,0,kusursuz,0.4059954,0,kusursuz,dogru_kusursuz
/content/drive/MyDrive/DERİNMODEL/01_veri_seti/islenmis_veri/test/kusursuz/Class5_Test_0130.PNG,0,kusursuz,0.445674,0,kusursuz,dogru_kusursuz
/content/drive/MyDrive/DERİNMODEL/01_veri_seti/islenmis_veri/test/kusursuz/Class5_Test_0132.PNG,0,kusursuz,0.31437832,0,kusursuz,dogru_kusursuz
/content/drive/MyDrive/DERİNMODEL/01_veri_seti/islenmis_veri/test/kusursuz/Class5_Test_0134.PNG,0,kusursuz,0.3631352,0,kusursuz,dogru_kusursuz
/content/drive/MyDrive/DERİNMODEL/01_veri_seti/islenmis_veri/test/kusursuz/Class5_Test_0135.PNG,0,kusursuz,0.380996,0,kusursuz,dogru_kusursuz
/content/drive/MyDrive/DERİNMODEL/01_veri_seti/islenmis_veri/test/kusursuz/Class5_Test_0136.PNG,0,kusursuz,0.38084996,0,kusursuz,dogru_kusursuz
/content/drive/MyDrive/DERİNMODEL/01_veri_seti/islenmis_veri/test/kusursuz/Class5_Test_0139.PNG,0,kusursuz,0.5257382,0,kusursuz,dogru_kusursuz
/content/drive/MyDrive/DERİNMODEL/01_veri_seti/islenmis_veri/test/kusursuz/Class5_Test_0140.PNG,0,kusursuz,0.36831722,0,kusursuz,dogru_kusursuz
/content/drive/MyDrive/DERİNMODEL/01_veri_seti/islenmis_veri/test/kusursuz/Class5_Test_0141.PNG,0,kusursuz,0.4599649,0,kusursuz,dogru_kusursuz
/content/drive/MyDrive/DERİNMODEL/01_veri_seti/islenmis_veri/test/kusursuz/Class5_Test_0142.PNG,0,kusursuz,0.39897838,0,kusursuz,dogru_kusursuz
/content/drive/MyDrive/DERİNMODEL/01_veri_seti/islenmis_veri/test/kusursuz/Class5_Test_0143.PNG,0,kusursuz,0.45808268,0,kusursuz,dogru_kusursuz
/content/drive/MyDrive/DERİNMODEL/01_veri_seti/islenmis_veri/test/kusursuz/Class5_Test_0145.PNG,0,kusursuz,0.35823834,0,kusursuz,dogru_kusursuz
/content/drive/MyDrive/DERİNMODEL/01_veri_seti/islenmis_veri/test/kusursuz/Class5_Test_0146.PNG,0,kusursuz,0.3022804,0,kusursuz,dogru_kusursuz
/content/drive/MyDrive/DERİNMODEL/01_veri_seti/islenmis_veri/test/kusursuz/Class5_Test_0147.PNG,0,kusursuz,0.39117363,0,kusursuz,dogru_kusursuz
/content/drive/MyDrive/DERİNMODEL/01_veri_seti/islenmis_veri/test/kusursuz/Class5_Test_0149.PNG,0,kusursuz,0.41559175,0,kusursuz,dogru_kusursuz
/content/drive/MyDrive/DERİNMODEL/01_veri_seti/islenmis_veri/test/kusursuz/Class5_Test_0150.PNG,0,kusursuz,0.47918254,0,kusursuz,dogru_kusursuz
/content/drive/MyDrive/DERİNMODEL/01_veri_seti/islenmis_veri/test/kusursuz/Class5_Test_0151.PNG,0,kusursuz,0.3607497,0,kusursuz,dogru_kusursuz
/content/drive/MyDrive/DERİNMODEL/01_veri_seti/islenmis_veri/test/kusursuz/Class5_Test_0152.PNG,0,kusursuz,0.2957108,0,kusursuz,dogru_kusursuz
/content/drive/MyDrive/DERİNMODEL/01_veri_seti/islenmis_veri/test/kusursuz/Class5_Test_0153.PNG,0,kusursuz,0.33492655,0,kusursuz,dogru_kusursuz
/content/drive/MyDrive/DERİNMODEL/01_veri_seti/islenmis_veri/test/kusursuz/Class5_Test_0154.PNG,0,kusursuz,0.39094767,0,kusursuz,dogru_kusursuz
/content/drive/MyDrive/DERİNMODEL/01_veri_seti/islenmis_veri/test/kusursuz/Class5_Test_0155.PNG,0,kusursuz,0.3236117,0,kusursuz,dogru_kusursuz
/content/drive/MyDrive/DERİNMODEL/01_veri_seti/islenmis_veri/test/kusursuz/Class5_Test_0157.PNG,0,kusursuz,0.49148795,0,kusursuz,dogru_kusursuz
/content/drive/MyDrive/DERİNMODEL/01_veri_seti/islenmis_veri/test/kusursuz/Class5_Test_0158.PNG,0,kusursuz,0.31230453,0,kusursuz,dogru_kusursuz
/content/drive/MyDrive/DERİNMODEL/01_veri_seti/islenmis_veri/test/kusursuz/Class5_Test_0159.PNG,0,kusursuz,0.46680847,0,kusursuz,dogru_kusursuz
/content/drive/MyDrive/DERİNMODEL/01_veri_seti/islenmis_veri/test/kusursuz/Class5_Test_0160.PNG,0,kusursuz,0.45557866,0,kusursuz,dogru_kusursuz
/content/drive/MyDrive/DERİNMODEL/01_veri_seti/islenmis_veri/test/kusursuz/Class5_Test_0161.PNG,0,kusursuz,0.28996813,0,kusursuz,dogru_kusursuz
/content/drive/MyDrive/DERİNMODEL/01_veri_seti/islenmis_veri/test/kusursuz/Class5_Test_0162.PNG,0,kusursuz,0.44505492,0,kusursuz,dogru_kusursuz
/content/drive/MyDrive/DERİNMODEL/01_veri_seti/islenmis_veri/test/kusursuz/Class5_Test_0163.PNG,0,kusursuz,0.37123352,0,kusursuz,dogru_kusursuz
/content/drive/MyDrive/DERİNMODEL/01_veri_seti/islenmis_veri/test/kusursuz/Class5_Test_0164.PNG,0,kusursuz,0.33358097,0,kusursuz,dogru_kusursuz
/content/drive/MyDrive/DERİNMODEL/01_veri_seti/islenmis_veri/test/kusursuz/Class5_Test_0165.PNG,0,kusursuz,0.33358422,0,kusursuz,dogru_kusursuz
/content/drive/MyDrive/DERİNMODEL/01_veri_seti/islenmis_veri/test/kusursuz/Class5_Test_0167.PNG,0,kusursuz,0.37212664,0,kusursuz,dogru_kusursuz
/content/drive/MyDrive/DERİNMODEL/01_veri_seti/islenmis_veri/test/kusursuz/Class5_Test_0168.PNG,0,kusursuz,0.34685937,0,kusursuz,dogru_kusursuz
/content/drive/MyDrive/DERİNMODEL/01_veri_seti/islenmis_veri/test/kusursuz/Class5_Test_0170.PNG,0,kusursuz,0.49474365,0,kusursuz,dogru_kusursuz
/content/drive/MyDrive/DERİNMODEL/01_veri_seti/islenmis_veri/test/kusursuz/Class5_Test_0171.PNG,0,kusursuz,0.3111077,0,kusursuz,dogru_kusursuz
/content/drive/MyDrive/DERİNMODEL/01_veri_seti/islenmis_veri/test/kusursuz/Class5_Test_0174.PNG,0,kusursuz,0.324889,0,kusursuz,dogru_kusursuz
/content/drive/MyDrive/DERİNMODEL/01_veri_seti/islenmis_veri/test/kusursuz/Class5_Test_0175.PNG,0,kusursuz,0.30257088,0,kusursuz,dogru_kusursuz
/content/drive/MyDrive/DERİNMODEL/01_veri_seti/islenmis_veri/test/kusursuz/Class5_Test_0176.PNG,0,kusursuz,0.55490106,0,kusursuz,dogru_kusursuz
/content/drive/MyDrive/DERİNMODEL/01_veri_seti/islenmis_veri/test/kusursuz/Class5_Test_0177.PNG,0,kusursuz,0.38626558,0,kusursuz,dogru_kusursuz
/content/drive/MyDrive/DERİNMODEL/01_veri_seti/islenmis_veri/test/kusursuz/Class5_Test_0178.PNG,0,kusursuz,0.3523252,0,kusursuz,dogru_kusursuz
/content/drive/MyDrive/DERİNMODEL/01_veri_seti/islenmis_veri/test/kusursuz/Class5_Test_0179.PNG,0,kusursuz,0.36534533,0,kusursuz,dogru_kusursuz
/content/drive/MyDrive/DERİNMODEL/01_veri_seti/islenmis_veri/test/kusursuz/Class5_Test_0180.PNG,0,kusursuz,0.37929314,0,kusursuz,dogru_kusursuz
/content/drive/MyDrive/DERİNMODEL/01_veri_seti/islenmis_veri/test/kusursuz/Class5_Test_0181.PNG,0,kusursuz,0.4474329,0,kusursuz,dogru_kusursuz
/content/drive/MyDrive/DERİNMODEL/01_veri_seti/islenmis_veri/test/kusursuz/Class5_Test_0182.PNG,0,kusursuz,0.3202074,0,kusursuz,dogru_kusursuz
/content/drive/MyDrive/DERİNMODEL/01_veri_seti/islenmis_veri/test/kusursuz/Class5_Test_0183.PNG,0,kusursuz,0.41423237,0,kusursuz,dogru_kusursuz
/content/drive/MyDrive/DERİNMODEL/01_veri_seti/islenmis_veri/test/kusursuz/Class5_Test_0184.PNG,0,kusursuz,0.41604257,0,kusursuz,dogru_kusursuz
/content/drive/MyDrive/DERİNMODEL/01_veri_seti/islenmis_veri/test/kusursuz/Class5_Test_0185.PNG,0,kusursuz,0.28058276,0,kusursuz,dogru_kusursuz
/content/drive/MyDrive/DERİNMODEL/01_veri_seti/islenmis_veri/test/kusursuz/Class5_Test_0187.PNG,0,kusursuz,0.38425183,0,kusursuz,dogru_kusursuz
/content/drive/MyDrive/DERİNMODEL/01_veri_seti/islenmis_veri/test/kusursuz/Class5_Test_0188.PNG,0,kusursuz,0.43115234,0,kusursuz,dogru_kusursuz
/content/drive/MyDrive/DERİNMODEL/01_veri_seti/islenmis_veri/test/kusursuz/Class5_Test_0190.PNG,0,kusursuz,0.33673394,0,kusursuz,dogru_kusursuz
/content/drive/MyDrive/DERİNMODEL/01_veri_seti/islenmis_veri/test/kusursuz/Class5_Test_0191.PNG,0,kusursuz,0.39245757,0,kusursuz,dogru_kusursuz
/content/drive/MyDrive/DERİNMODEL/01_veri_seti/islenmis_veri/test/kusursuz/Class5_Test_0192.PNG,0,kusursuz,0.40898886,0,kusursuz,dogru_kusursuz
/content/drive/MyDrive/DERİNMODEL/01_veri_seti/islenmis_veri/test/kusursuz/Class5_Test_0193.PNG,0,kusursuz,0.36887014,0,kusursuz,dogru_kusursuz
/content/drive/MyDrive/DERİNMODEL/01_veri_seti/islenmis_veri/test/kusursuz/Class5_Test_0194.PNG,0,kusursuz,0.36469328,0,kusursuz,dogru_kusursuz
/content/drive/MyDrive/DERİNMODEL/01_veri_seti/islenmis_veri/test/kusursuz/Class5_Test_0195.PNG,0,kusursuz,0.3047703,0,kusursuz,dogru_kusursuz
/content/drive/MyDrive/DERİNMODEL/01_veri_seti/islenmis_veri/test/kusursuz/Class5_Test_0196.PNG,0,kusursuz,0.44968474,0,kusursuz,dogru_kusursuz
/content/drive/MyDrive/DERİNMODEL/01_veri_seti/islenmis_veri/test/kusursuz/Class5_Test_0197.PNG,0,kusursuz,0.417762,0,kusursuz,dogru_kusursuz
/content/drive/MyDrive/DERİNMODEL/01_veri_seti/islenmis_veri/test/kusursuz/Class5_Test_0198.PNG,0,kusursuz,0.34040773,0,kusursuz,dogru_kusursuz
/content/drive/MyDrive/DERİNMODEL/01_veri_seti/islenmis_veri/test/kusursuz/Class5_Test_0201.PNG,0,kusursuz,0.3616181,0,kusursuz,dogru_kusursuz
/content/drive/MyDrive/DERİNMODEL/01_veri_seti/islenmis_veri/test/kusursuz/Class5_Test_0202.PNG,0,kusursuz,0.2660698,0,kusursuz,dogru_kusursuz
/content/drive/MyDrive/DERİNMODEL/01_veri_seti/islenmis_veri/test/kusursuz/Class5_Test_0204.PNG,0,kusursuz,0.45034584,0,kusursuz,dogru_kusursuz
/content/drive/MyDrive/DERİNMODEL/01_veri_seti/islenmis_veri/test/kusursuz/Class5_Test_0205.PNG,0,kusursuz,0.3529123,0,kusursuz,dogru_kusursuz
/content/drive/MyDrive/DERİNMODEL/01_veri_seti/islenmis_veri/test/kusursuz/Class5_Test_0206.PNG,0,kusursuz,0.3066879,0,kusursuz,dogru_kusursuz
/content/drive/MyDrive/DERİNMODEL/01_veri_seti/islenmis_veri/test/kusursuz/Class5_Test_0207.PNG,0,kusursuz,0.53282535,0,kusursuz,dogru_kusursuz
/content/drive/MyDrive/DERİNMODEL/01_veri_seti/islenmis_veri/test/kusursuz/Class5_Test_0208.PNG,0,kusursuz,0.47541034,0,kusursuz,dogru_kusursuz
/content/drive/MyDrive/DERİNMODEL/01_veri_seti/islenmis_veri/test/kusursuz/Class5_Test_0209.PNG,0,kusursuz,0.37557173,0,kusursuz,dogru_kusursuz
/content/drive/MyDrive/DERİNMODEL/01_veri_seti/islenmis_veri/test/kusursuz/Class5_Test_0210.PNG,0,kusursuz,0.39462495,0,kusursuz,dogru_kusursuz
/content/drive/MyDrive/DERİNMODEL/01_veri_seti/islenmis_veri/test/kusursuz/Class5_Test_0211.PNG,0,kusursuz,0.34230554,0,kusursuz,dogru_kusursuz
/content/drive/MyDrive/DERİNMODEL/01_veri_seti/islenmis_veri/test/kusursuz/Class5_Test_0212.PNG,0,kusursuz,0.34119114,0,kusursuz,dogru_kusursuz
/content/drive/MyDrive/DERİNMODEL/01_veri_seti/islenmis_veri/test/kusursuz/Class5_Test_0214.PNG,0,kusursuz,0.50533295,0,kusursuz,dogru_kusursuz
/content/drive/MyDrive/DERİNMODEL/01_veri_seti/islenmis_veri/test/kusursuz/Class5_Test_0215.PNG,0,kusursuz,0.40878147,0,kusursuz,dogru_kusursuz
/content/drive/MyDrive/DERİNMODEL/01_veri_seti/islenmis_veri/test/kusursuz/Class5_Test_0216.PNG,0,kusursuz,0.45645523,0,kusursuz,dogru_kusursuz
/content/drive/MyDrive/DERİNMODEL/01_veri_seti/islenmis_veri/test/kusursuz/Class5_Test_0217.PNG,0,kusursuz,0.33364326,0,kusursuz,dogru_kusursuz
/content/drive/MyDrive/DERİNMODEL/01_veri_seti/islenmis_veri/test/kusursuz/Class5_Test_0219.PNG,0,kusursuz,0.34611797,0,kusursuz,dogru_kusursuz
/content/drive/MyDrive/DERİNMODEL/01_veri_seti/islenmis_veri/test/kusursuz/Class5_Test_0220.PNG,0,kusursuz,0.3914709,0,kusursuz,dogru_kusursuz
/content/drive/MyDrive/DERİNMODEL/01_veri_seti/islenmis_veri/test/kusursuz/Class5_Test_0221.PNG,0,kusursuz,0.5477502,0,kusursuz,dogru_kusursuz
/content/drive/MyDrive/DERİNMODEL/01_veri_seti/islenmis_veri/test/kusursuz/Class5_Test_0222.PNG,0,kusursuz,0.41611826,0,kusursuz,dogru_kusursuz
/content/drive/MyDrive/DERİNMODEL/01_veri_seti/islenmis_veri/test/kusursuz/Class5_Test_0223.PNG,0,kusursuz,0.33182028,0,kusursuz,dogru_kusursuz
/content/drive/MyDrive/DERİNMODEL/01_veri_seti/islenmis_veri/test/kusursuz/Class5_Test_0224.PNG,0,kusursuz,0.421087,0,kusursuz,dogru_kusursuz
/content/drive/MyDrive/DERİNMODEL/01_veri_seti/islenmis_veri/test/kusursuz/Class5_Test_0225.PNG,0,kusursuz,0.3805335,0,kusursuz,dogru_kusursuz
/content/drive/MyDrive/DERİNMODEL/01_veri_seti/islenmis_veri/test/kusursuz/Class5_Test_0226.PNG,0,kusursuz,0.3354832,0,kusursuz,dogru_kusursuz
/content/drive/MyDrive/DERİNMODEL/01_veri_seti/islenmis_veri/test/kusursuz/Class5_Test_0227.PNG,0,kusursuz,0.35529134,0,kusursuz,dogru_kusursuz
/content/drive/MyDrive/DERİNMODEL/01_veri_seti/islenmis_veri/test/kusursuz/Class5_Test_0228.PNG,0,kusursuz,0.29162613,0,kusursuz,dogru_kusursuz
/content/drive/MyDrive/DERİNMODEL/01_veri_seti/islenmis_veri/test/kusursuz/Class5_Test_0229.PNG,0,kusursuz,0.371753,0,kusursuz,dogru_kusursuz
/content/drive/MyDrive/DERİNMODEL/01_veri_seti/islenmis_veri/test/kusursuz/Class5_Test_0230.PNG,0,kusursuz,0.58150905,0,kusursuz,dogru_kusursuz
/content/drive/MyDrive/DERİNMODEL/01_veri_seti/islenmis_veri/test/kusursuz/Class5_Test_0232.PNG,0,kusursuz,0.42662588,0,kusursuz,dogru_kusursuz
/content/drive/MyDrive/DERİNMODEL/01_veri_seti/islenmis_veri/test/kusursuz/Class5_Test_0233.PNG,0,kusursuz,0.26369065,0,kusursuz,dogru_kusursuz
/content/drive/MyDrive/DERİNMODEL/01_veri_seti/islenmis_veri/test/kusursuz/Class5_Test_0234.PNG,0,kusursuz,0.35010457,0,kusursuz,dogru_kusursuz
/content/drive/MyDrive/DERİNMODEL/01_veri_seti/islenmis_veri/test/kusursuz/Class5_Test_0235.PNG,0,kusursuz,0.26645452,0,kusursuz,dogru_kusursuz
/content/drive/MyDrive/DERİNMODEL/01_veri_seti/islenmis_veri/test/kusursuz/Class5_Test_0236.PNG,0,kusursuz,0.38392964,0,kusursuz,dogru_kusursuz
/content/drive/MyDrive/DERİNMODEL/01_veri_seti/islenmis_veri/test/kusursuz/Class5_Test_0237.PNG,0,kusursuz,0.40111938,0,kusursuz,dogru_kusursuz
/content/drive/MyDrive/DERİNMODEL/01_veri_seti/islenmis_veri/test/kusursuz/Class5_Test_0238.PNG,0,kusursuz,0.31491524,0,kusursuz,dogru_kusursuz
/content/drive/MyDrive/DERİNMODEL/01_veri_seti/islenmis_veri/test/kusursuz/Class5_Test_0239.PNG,0,kusursuz,0.4287364,0,kusursuz,dogru_kusursuz
/content/drive/MyDrive/DERİNMODEL/01_veri_seti/islenmis_veri/test/kusursuz/Class5_Test_0240.PNG,0,kusursuz,0.337282,0,kusursuz,dogru_kusursuz
/content/drive/MyDrive/DERİNMODEL/01_veri_seti/islenmis_veri/test/kusursuz/Class5_Test_0241.PNG,0,kusursuz,0.4401658,0,kusursuz,dogru_kusursuz
/content/drive/MyDrive/DERİNMODEL/01_veri_seti/islenmis_veri/test/kusursuz/Class5_Test_0242.PNG,0,kusursuz,0.41800934,0,kusursuz,dogru_kusursuz
/content/drive/MyDrive/DERİNMODEL/01_veri_seti/islenmis_veri/test/kusursuz/Class5_Test_0243.PNG,0,kusursuz,0.3902662,0,kusursuz,dogru_kusursuz
/content/drive/MyDrive/DERİNMODEL/01_veri_seti/islenmis_veri/test/kusursuz/Class5_Test_0244.PNG,0,kusursuz,0.38469455,0,kusursuz,dogru_kusursuz
/content/drive/MyDrive/DERİNMODEL/01_veri_seti/islenmis_veri/test/kusursuz/Class5_Test_0245.PNG,0,kusursuz,0.3972324,0,kusursuz,dogru_kusursuz
/content/drive/MyDrive/DERİNMODEL/01_veri_seti/islenmis_veri/test/kusursuz/Class5_Test_0246.PNG,0,kusursuz,0.37562305,0,kusursuz,dogru_kusursuz
/content/drive/MyDrive/DERİNMODEL/01_veri_seti/islenmis_veri/test/kusursuz/Class5_Test_0247.PNG,0,kusursuz,0.31650984,0,kusursuz,dogru_kusursuz
/content/drive/MyDrive/DERİNMODEL/01_veri_seti/islenmis_veri/test/kusursuz/Class5_Test_0248.PNG,0,kusursuz,0.4795062,0,kusursuz,dogru_kusursuz
/content/drive/MyDrive/DERİNMODEL/01_veri_seti/islenmis_veri/test/kusursuz/Class5_Test_0249.PNG,0,kusursuz,0.4053666,0,kusursuz,dogru_kusursuz
/content/drive/MyDrive/DERİNMODEL/01_veri_seti/islenmis_veri/test/kusursuz/Class5_Test_0250.PNG,0,kusursuz,0.47258815,0,kusursuz,dogru_kusursuz
/content/drive/MyDrive/DERİNMODEL/01_veri_seti/islenmis_veri/test/kusursuz/Class5_Test_0251.PNG,0,kusursuz,0.38245022,0,kusursuz,dogru_kusursuz
/content/drive/MyDrive/DERİNMODEL/01_veri_seti/islenmis_veri/test/kusursuz/Class5_Test_0252.PNG,0,kusursuz,0.678654,1,kusurlu,yanlis_alarm
/content/drive/MyDrive/DERİNMODEL/01_veri_seti/islenmis_veri/test/kusursuz/Class5_Test_0253.PNG,0,kusursuz,0.4701432,0,kusursuz,dogru_kusursuz
/content/drive/MyDrive/DERİNMODEL/01_veri_seti/islenmis_veri/test/kusursuz/Class5_Test_0254.PNG,0,kusursuz,0.5179894,0,kusursuz,dogru_kusursuz
/content/drive/MyDrive/DERİNMODEL/01_veri_seti/islenmis_veri/test/kusursuz/Class5_Test_0256.PNG,0,kusursuz,0.46725622,0,kusursuz,dogru_kusursuz
/content/drive/MyDrive/DERİNMODEL/01_veri_seti/islenmis_veri/test/kusursuz/Class5_Test_0257.PNG,0,kusursuz,0.34275883,0,kusursuz,dogru_kusursuz
/content/drive/MyDrive/DERİNMODEL/01_veri_seti/islenmis_veri/test/kusursuz/Class5_Test_0258.PNG,0,kusursuz,0.33253425,0,kusursuz,dogru_kusursuz
/content/drive/MyDrive/DERİNMODEL/01_veri_seti/islenmis_veri/test/kusursuz/Class5_Test_0259.PNG,0,kusursuz,0.36667374,0,kusursuz,dogru_kusursuz
/content/drive/MyDrive/DERİNMODEL/01_veri_seti/islenmis_veri/test/kusursuz/Class5_Test_0260.PNG,0,kusursuz,0.43153948,0,kusursuz,dogru_kusursuz
/content/drive/MyDrive/DERİNMODEL/01_veri_seti/islenmis_veri/test/kusursuz/Class5_Test_0261.PNG,0,kusursuz,0.36341032,0,kusursuz,dogru_kusursuz
/content/drive/MyDrive/DERİNMODEL/01_veri_seti/islenmis_veri/test/kusursuz/Class5_Test_0262.PNG,0,kusursuz,0.33269373,0,kusursuz,dogru_kusursuz
/content/drive/MyDrive/DERİNMODEL/01_veri_seti/islenmis_veri/test/kusursuz/Class5_Test_0263.PNG,0,kusursuz,0.31564888,0,kusursuz,dogru_kusursuz
/content/drive/MyDrive/DERİNMODEL/01_veri_seti/islenmis_veri/test/kusursuz/Class5_Test_0264.PNG,0,kusursuz,0.59092474,0,kusursuz,dogru_kusursuz
/content/drive/MyDrive/DERİNMODEL/01_veri_seti/islenmis_veri/test/kusursuz/Class5_Test_0265.PNG,0,kusursuz,0.4150239,0,kusursuz,dogru_kusursuz
/content/drive/MyDrive/DERİNMODEL/01_veri_seti/islenmis_veri/test/kusursuz/Class5_Test_0266.PNG,0,kusursuz,0.36452234,0,kusursuz,dogru_kusursuz
/content/drive/MyDrive/DERİNMODEL/01_veri_seti/islenmis_veri/test/kusursuz/Class5_Test_0267.PNG,0,kusursuz,0.3915489,0,kusursuz,dogru_kusursuz
/content/drive/MyDrive/DERİNMODEL/01_veri_seti/islenmis_veri/test/kusursuz/Class5_Test_0268.PNG,0,kusursuz,0.3796186,0,kusursuz,dogru_kusursuz
/content/drive/MyDrive/DERİNMODEL/01_veri_seti/islenmis_veri/test/kusursuz/Class5_Test_0269.PNG,0,kusursuz,0.3230564,0,kusursuz,dogru_kusursuz
/content/drive/MyDrive/DERİNMODEL/01_veri_seti/islenmis_veri/test/kusursuz/Class5_Test_0270.PNG,0,kusursuz,0.51680714,0,kusursuz,dogru_kusursuz
/content/drive/MyDrive/DERİNMODEL/01_veri_seti/islenmis_veri/test/kusursuz/Class5_Test_0271.PNG,0,kusursuz,0.42958862,0,kusursuz,dogru_kusursuz
/content/drive/MyDrive/DERİNMODEL/01_veri_seti/islenmis_veri/test/kusursuz/Class5_Test_0272.PNG,0,kusursuz,0.48440254,0,kusursuz,dogru_kusursuz
/content/drive/MyDrive/DERİNMODEL/01_veri_seti/islenmis_veri/test/kusursuz/Class5_Test_0273.PNG,0,kusursuz,0.410699,0,kusursuz,dogru_kusursuz
/content/drive/MyDrive/DERİNMODEL/01_veri_seti/islenmis_veri/test/kusursuz/Class5_Test_0274.PNG,0,kusursuz,0.47161475,0,kusursuz,dogru_kusursuz
/content/drive/MyDrive/DERİNMODEL/01_veri_seti/islenmis_veri/test/kusursuz/Class5_Test_0275.PNG,0,kusursuz,0.39219725,0,kusursuz,dogru_kusursuz
/content/drive/MyDrive/DERİNMODEL/01_veri_seti/islenmis_veri/test/kusursuz/Class5_Test_0276.PNG,0,kusursuz,0.58257043,0,kusursuz,dogru_kusursuz
/content/drive/MyDrive/DERİNMODEL/01_veri_seti/islenmis_veri/test/kusursuz/Class5_Test_0277.PNG,0,kusursuz,0.40988627,0,kusursuz,dogru_kusursuz
/content/drive/MyDrive/DERİNMODEL/01_veri_seti/islenmis_veri/test/kusursuz/Class5_Test_0278.PNG,0,kusursuz,0.44912407,0,kusursuz,dogru_kusursuz
/content/drive/MyDrive/DERİNMODEL/01_veri_seti/islenmis_veri/test/kusursuz/Class5_Test_0279.PNG,0,kusursuz,0.44620013,0,kusursuz,dogru_kusursuz
/content/drive/MyDrive/DERİNMODEL/01_veri_seti/islenmis_veri/test/kusursuz/Class5_Test_0280.PNG,0,kusursuz,0.5141633,0,kusursuz,dogru_kusursuz
/content/drive/MyDrive/DERİNMODEL/01_veri_seti/islenmis_veri/test/kusursuz/Class5_Test_0281.PNG,0,kusursuz,0.39543012,0,kusursuz,dogru_kusursuz
/content/drive/MyDrive/DERİNMODEL/01_veri_seti/islenmis_veri/test/kusursuz/Class5_Test_0283.PNG,0,kusursuz,0.26731288,0,kusursuz,dogru_kusursuz
/content/drive/MyDrive/DERİNMODEL/01_veri_seti/islenmis_veri/test/kusursuz/Class5_Test_0284.PNG,0,kusursuz,0.45603445,0,kusursuz,dogru_kusursuz
/content/drive/MyDrive/DERİNMODEL/01_veri_seti/islenmis_veri/test/kusursuz/Class5_Test_0285.PNG,0,kusursuz,0.39733607,0,kusursuz,dogru_kusursuz
/content/drive/MyDrive/DERİNMODEL/01_veri_seti/islenmis_veri/test/kusursuz/Class5_Test_0286.PNG,0,kusursuz,0.42574954,0,kusursuz,dogru_kusursuz
/content/drive/MyDrive/DERİNMODEL/01_veri_seti/islenmis_veri/test/kusursuz/Class5_Test_0287.PNG,0,kusursuz,0.39922044,0,kusursuz,dogru_kusursuz
/content/drive/MyDrive/DERİNMODEL/01_veri_seti/islenmis_veri/test/kusursuz/Class5_Test_0288.PNG,0,kusursuz,0.31390908,0,kusursuz,dogru_kusursuz
/content/drive/MyDrive/DERİNMODEL/01_veri_seti/islenmis_veri/test/kusursuz/Class5_Test_0289.PNG,0,kusursuz,0.5232327,0,kusursuz,dogru_kusursuz
/content/drive/MyDrive/DERİNMODEL/01_veri_seti/islenmis_veri/test/kusursuz/Class5_Test_0290.PNG,0,kusursuz,0.4240702,0,kusursuz,dogru_kusursuz
/content/drive/MyDrive/DERİNMODEL/01_veri_seti/islenmis_veri/test/kusursuz/Class5_Test_0291.PNG,0,kusursuz,0.37383378,0,kusursuz,dogru_kusursuz
/content/drive/MyDrive/DERİNMODEL/01_veri_seti/islenmis_veri/test/kusursuz/Class5_Test_0292.PNG,0,kusursuz,0.52232885,0,kusursuz,dogru_kusursuz
/content/drive/MyDrive/DERİNMODEL/01_veri_seti/islenmis_veri/test/kusursuz/Class5_Test_0293.PNG,0,kusursuz,0.33685076,0,kusursuz,dogru_kusursuz
/content/drive/MyDrive/DERİNMODEL/01_veri_seti/islenmis_veri/test/kusursuz/Class5_Test_0294.PNG,0,kusursuz,0.34244528,0,kusursuz,dogru_kusursuz
/content/drive/MyDrive/DERİNMODEL/01_veri_seti/islenmis_veri/test/kusursuz/Class5_Test_0295.PNG,0,kusursuz,0.4714888,0,kusursuz,dogru_kusursuz
/content/drive/MyDrive/DERİNMODEL/01_veri_seti/islenmis_veri/test/kusursuz/Class5_Test_0296.PNG,0,kusursuz,0.36604458,0,kusursuz,dogru_kusursuz
/content/drive/MyDrive/DERİNMODEL/01_veri_seti/islenmis_veri/test/kusursuz/Class5_Test_0297.PNG,0,kusursuz,0.3467296,0,kusursuz,dogru_kusursuz
/content/drive/MyDrive/DERİNMODEL/01_veri_seti/islenmis_veri/test/kusursuz/Class5_Test_0298.PNG,0,kusursuz,0.41451493,0,kusursuz,dogru_kusursuz
/content/drive/MyDrive/DERİNMODEL/01_veri_seti/islenmis_veri/test/kusursuz/Class5_Test_0299.PNG,0,kusursuz,0.3976117,0,kusursuz,dogru_kusursuz
/content/drive/MyDrive/DERİNMODEL/01_veri_seti/islenmis_veri/test/kusursuz/Class5_Test_0301.PNG,0,kusursuz,0.31796667,0,kusursuz,dogru_kusursuz
/content/drive/MyDrive/DERİNMODEL/01_veri_seti/islenmis_veri/test/kusursuz/Class5_Test_0302.PNG,0,kusursuz,0.38304818,0,kusursuz,dogru_kusursuz
/content/drive/MyDrive/DERİNMODEL/01_veri_seti/islenmis_veri/test/kusursuz/Class5_Test_0304.PNG,0,kusursuz,0.33731824,0,kusursuz,dogru_kusursuz
/content/drive/MyDrive/DERİNMODEL/01_veri_seti/islenmis_veri/test/kusursuz/Class5_Test_0305.PNG,0,kusursuz,0.4958233,0,kusursuz,dogru_kusursuz
/content/drive/MyDrive/DERİNMODEL/01_veri_seti/islenmis_veri/test/kusursuz/Class5_Test_0306.PNG,0,kusursuz,0.3778404,0,kusursuz,dogru_kusursuz
/content/drive/MyDrive/DERİNMODEL/01_veri_seti/islenmis_veri/test/kusursuz/Class5_Test_0307.PNG,0,kusursuz,0.35229126,0,kusursuz,dogru_kusursuz
/content/drive/MyDrive/DERİNMODEL/01_veri_seti/islenmis_veri/test/kusursuz/Class5_Test_0309.PNG,0,kusursuz,0.35941008,0,kusursuz,dogru_kusursuz
/content/drive/MyDrive/DERİNMODEL/01_veri_seti/islenmis_veri/test/kusursuz/Class5_Test_0310.PNG,0,kusursuz,0.5296682,0,kusursuz,dogru_kusursuz
/content/drive/MyDrive/DERİNMODEL/01_veri_seti/islenmis_veri/test/kusursuz/Class5_Test_0311.PNG,0,kusursuz,0.4552591,0,kusursuz,dogru_kusursuz
/content/drive/MyDrive/DERİNMODEL/01_veri_seti/islenmis_veri/test/kusursuz/Class5_Test_0312.PNG,0,kusursuz,0.40250772,0,kusursuz,dogru_kusursuz
/content/drive/MyDrive/DERİNMODEL/01_veri_seti/islenmis_veri/test/kusursuz/Class5_Test_0313.PNG,0,kusursuz,0.39684436,0,kusursuz,dogru_kusursuz
/content/drive/MyDrive/DERİNMODEL/01_veri_seti/islenmis_veri/test/kusursuz/Class5_Test_0314.PNG,0,kusursuz,0.42441624,0,kusursuz,dogru_kusursuz
/content/drive/MyDrive/DERİNMODEL/01_veri_seti/islenmis_veri/test/kusursuz/Class5_Test_0315.PNG,0,kusursuz,0.40665683,0,kusursuz,dogru_kusursuz
/content/drive/MyDrive/DERİNMODEL/01_veri_seti/islenmis_veri/test/kusursuz/Class5_Test_0316.PNG,0,kusursuz,0.42654908,0,kusursuz,dogru_kusursuz
/content/drive/MyDrive/DERİNMODEL/01_veri_seti/islenmis_veri/test/kusursuz/Class5_Test_0317.PNG,0,kusursuz,0.49834645,0,kusursuz,dogru_kusursuz
/content/drive/MyDrive/DERİNMODEL/01_veri_seti/islenmis_veri/test/kusursuz/Class5_Test_0318.PNG,0,kusursuz,0.37745282,0,kusursuz,dogru_kusursuz
/content/drive/MyDrive/DERİNMODEL/01_veri_seti/islenmis_veri/test/kusursuz/Class5_Test_0319.PNG,0,kusursuz,0.36321974,0,kusursuz,dogru_kusursuz
/content/drive/MyDrive/DERİNMODEL/01_veri_seti/islenmis_veri/test/kusursuz/Class5_Test_0321.PNG,0,kusursuz,0.30762824,0,kusursuz,dogru_kusursuz
/content/drive/MyDrive/DERİNMODEL/01_veri_seti/islenmis_veri/test/kusursuz/Class5_Test_0322.PNG,0,kusursuz,0.41596702,0,kusursuz,dogru_kusursuz
/content/drive/MyDrive/DERİNMODEL/01_veri_seti/islenmis_veri/test/kusursuz/Class5_Test_0323.PNG,0,kusursuz,0.3493186,0,kusursuz,dogru_kusursuz
/content/drive/MyDrive/DERİNMODEL/01_veri_seti/islenmis_veri/test/kusursuz/Class5_Test_0325.PNG,0,kusursuz,0.39354113,0,kusursuz,dogru_kusursuz
/content/drive/MyDrive/DERİNMODEL/01_veri_seti/islenmis_veri/test/kusursuz/Class5_Test_0326.PNG,0,kusursuz,0.41645622,0,kusursuz,dogru_kusursuz
/content/drive/MyDrive/DERİNMODEL/01_veri_seti/islenmis_veri/test/kusursuz/Class5_Test_0327.PNG,0,kusursuz,0.4199852,0,kusursuz,dogru_kusursuz
/content/drive/MyDrive/DERİNMODEL/01_veri_seti/islenmis_veri/test/kusursuz/Class5_Test_0328.PNG,0,kusursuz,0.27902058,0,kusursuz,dogru_kusursuz
/content/drive/MyDrive/DERİNMODEL/01_veri_seti/islenmis_veri/test/kusursuz/Class5_Test_0330.PNG,0,kusursuz,0.34951824,0,kusursuz,dogru_kusursuz
/content/drive/MyDrive/DERİNMODEL/01_veri_seti/islenmis_veri/test/kusursuz/Class5_Test_0331.PNG,0,kusursuz,0.28608334,0,kusursuz,dogru_kusursuz
/content/drive/MyDrive/DERİNMODEL/01_veri_seti/islenmis_veri/test/kusursuz/Class5_Test_0332.PNG,0,kusursuz,0.37318558,0,kusursuz,dogru_kusursuz
/content/drive/MyDrive/DERİNMODEL/01_veri_seti/islenmis_veri/test/kusursuz/Class5_Test_0333.PNG,0,kusursuz,0.39902422,0,kusursuz,dogru_kusursuz
/content/drive/MyDrive/DERİNMODEL/01_veri_seti/islenmis_veri/test/kusursuz/Class5_Test_0335.PNG,0,kusursuz,0.3556384,0,kusursuz,dogru_kusursuz
/content/drive/MyDrive/DERİNMODEL/01_veri_seti/islenmis_veri/test/kusursuz/Class5_Test_0336.PNG,0,kusursuz,0.35161072,0,kusursuz,dogru_kusursuz
/content/drive/MyDrive/DERİNMODEL/01_veri_seti/islenmis_veri/test/kusursuz/Class5_Test_0338.PNG,0,kusursuz,0.33507437,0,kusursuz,dogru_kusursuz
/content/drive/MyDrive/DERİNMODEL/01_veri_seti/islenmis_veri/test/kusursuz/Class5_Test_0340.PNG,0,kusursuz,0.3856215,0,kusursuz,dogru_kusursuz
/content/drive/MyDrive/DERİNMODEL/01_veri_seti/islenmis_veri/test/kusursuz/Class5_Test_0342.PNG,0,kusursuz,0.4061762,0,kusursuz,dogru_kusursuz
/content/drive/MyDrive/DERİNMODEL/01_veri_seti/islenmis_veri/test/kusursuz/Class5_Test_0343.PNG,0,kusursuz,0.34265763,0,kusursuz,dogru_kusursuz
/content/drive/MyDrive/DERİNMODEL/01_veri_seti/islenmis_veri/test/kusursuz/Class5_Test_0344.PNG,0,kusursuz,0.48859686,0,kusursuz,dogru_kusursuz
/content/drive/MyDrive/DERİNMODEL/01_veri_seti/islenmis_veri/test/kusursuz/Class5_Test_0345.PNG,0,kusursuz,0.33523494,0,kusursuz,dogru_kusursuz
/content/drive/MyDrive/DERİNMODEL/01_veri_seti/islenmis_veri/test/kusursuz/Class5_Test_0346.PNG,0,kusursuz,0.3742061,0,kusursuz,dogru_kusursuz
/content/drive/MyDrive/DERİNMODEL/01_veri_seti/islenmis_veri/test/kusursuz/Class5_Test_0349.PNG,0,kusursuz,0.39474624,0,kusursuz,dogru_kusursuz
/content/drive/MyDrive/DERİNMODEL/01_veri_seti/islenmis_veri/test/kusursuz/Class5_Test_0350.PNG,0,kusursuz,0.3245941,0,kusursuz,dogru_kusursuz
/content/drive/MyDrive/DERİNMODEL/01_veri_seti/islenmis_veri/test/kusursuz/Class5_Test_0354.PNG,0,kusursuz,0.39863384,0,kusursuz,dogru_kusursuz
/content/drive/MyDrive/DERİNMODEL/01_veri_seti/islenmis_veri/test/kusursuz/Class5_Test_0355.PNG,0,kusursuz,0.4504679,0,kusursuz,dogru_kusursuz
/content/drive/MyDrive/DERİNMODEL/01_veri_seti/islenmis_veri/test/kusursuz/Class5_Test_0357.PNG,0,kusursuz,0.4204955,0,kusursuz,dogru_kusursuz
/content/drive/MyDrive/DERİNMODEL/01_veri_seti/islenmis_veri/test/kusursuz/Class5_Test_0359.PNG,0,kusursuz,0.41849244,0,kusursuz,dogru_kusursuz
/content/drive/MyDrive/DERİNMODEL/01_veri_seti/islenmis_veri/test/kusursuz/Class5_Test_0362.PNG,0,kusursuz,0.35814106,0,kusursuz,dogru_kusursuz
/content/drive/MyDrive/DERİNMODEL/01_veri_seti/islenmis_veri/test/kusursuz/Class5_Test_0364.PNG,0,kusursuz,0.38656428,0,kusursuz,dogru_kusursuz
/content/drive/MyDrive/DERİNMODEL/01_veri_seti/islenmis_veri/test/kusursuz/Class5_Test_0365.PNG,0,kusursuz,0.41850695,0,kusursuz,dogru_kusursuz
/content/drive/MyDrive/DERİNMODEL/01_veri_seti/islenmis_veri/test/kusursuz/Class5_Test_0366.PNG,0,kusursuz,0.36468524,0,kusursuz,dogru_kusursuz
/content/drive/MyDrive/DERİNMODEL/01_veri_seti/islenmis_veri/test/kusursuz/Class5_Test_0367.PNG,0,kusursuz,0.29791754,0,kusursuz,dogru_kusursuz
/content/drive/MyDrive/DERİNMODEL/01_veri_seti/islenmis_veri/test/kusursuz/Class5_Test_0368.PNG,0,kusursuz,0.4551584,0,kusursuz,dogru_kusursuz
/content/drive/MyDrive/DERİNMODEL/01_veri_seti/islenmis_veri/test/kusursuz/Class5_Test_0369.PNG,0,kusursuz,0.54370093,0,kusursuz,dogru_kusursuz
/content/drive/MyDrive/DERİNMODEL/01_veri_seti/islenmis_veri/test/kusursuz/Class5_Test_0370.PNG,0,kusursuz,0.41485924,0,kusursuz,dogru_kusursuz
/content/drive/MyDrive/DERİNMODEL/01_veri_seti/islenmis_veri/test/kusursuz/Class5_Test_0371.PNG,0,kusursuz,0.41269436,0,kusursuz,dogru_kusursuz
/content/drive/MyDrive/DERİNMODEL/01_veri_seti/islenmis_veri/test/kusursuz/Class5_Test_0372.PNG,0,kusursuz,0.28871092,0,kusursuz,dogru_kusursuz
/content/drive/MyDrive/DERİNMODEL/01_veri_seti/islenmis_veri/test/kusursuz/Class5_Test_0373.PNG,0,kusursuz,0.37721506,0,kusursuz,dogru_kusursuz
/content/drive/MyDrive/DERİNMODEL/01_veri_seti/islenmis_veri/test/kusursuz/Class5_Test_0374.PNG,0,kusursuz,0.3847247,0,kusursuz,dogru_kusursuz
/content/drive/MyDrive/DERİNMODEL/01_veri_seti/islenmis_veri/test/kusursuz/Class5_Test_0375.PNG,0,kusursuz,0.3503408,0,kusursuz,dogru_kusursuz
/content/drive/MyDrive/DERİNMODEL/01_veri_seti/islenmis_veri/test/kusursuz/Class5_Test_0376.PNG,0,kusursuz,0.38075733,0,kusursuz,dogru_kusursuz
/content/drive/MyDrive/DERİNMODEL/01_veri_seti/islenmis_veri/test/kusursuz/Class5_Test_0377.PNG,0,kusursuz,0.46717966,0,kusursuz,dogru_kusursuz
/content/drive/MyDrive/DERİNMODEL/01_veri_seti/islenmis_veri/test/kusursuz/Class5_Test_0378.PNG,0,kusursuz,0.42107722,0,kusursuz,dogru_kusursuz
/content/drive/MyDrive/DERİNMODEL/01_veri_seti/islenmis_veri/test/kusursuz/Class5_Test_0379.PNG,0,kusursuz,0.46650875,0,kusursuz,dogru_kusursuz
/content/drive/MyDrive/DERİNMODEL/01_veri_seti/islenmis_veri/test/kusursuz/Class5_Test_0380.PNG,0,kusursuz,0.4187868,0,kusursuz,dogru_kusursuz
/content/drive/MyDrive/DERİNMODEL/01_veri_seti/islenmis_veri/test/kusursuz/Class5_Test_0381.PNG,0,kusursuz,0.5462319,0,kusursuz,dogru_kusursuz
/content/drive/MyDrive/DERİNMODEL/01_veri_seti/islenmis_veri/test/kusursuz/Class5_Test_0382.PNG,0,kusursuz,0.44635946,0,kusursuz,dogru_kusursuz
/content/drive/MyDrive/DERİNMODEL/01_veri_seti/islenmis_veri/test/kusursuz/Class5_Test_0383.PNG,0,kusursuz,0.33708358,0,kusursuz,dogru_kusursuz
/content/drive/MyDrive/DERİNMODEL/01_veri_seti/islenmis_veri/test/kusursuz/Class5_Test_0384.PNG,0,kusursuz,0.39242196,0,kusursuz,dogru_kusursuz
/content/drive/MyDrive/DERİNMODEL/01_veri_seti/islenmis_veri/test/kusursuz/Class5_Test_0385.PNG,0,kusursuz,0.4163386,0,kusursuz,dogru_kusursuz
/content/drive/MyDrive/DERİNMODEL/01_veri_seti/islenmis_veri/test/kusursuz/Class5_Test_0386.PNG,0,kusursuz,0.46322846,0,kusursuz,dogru_kusursuz
/content/drive/MyDrive/DERİNMODEL/01_veri_seti/islenmis_veri/test/kusursuz/Class5_Test_0387.PNG,0,kusursuz,0.61190337,1,kusurlu,yanlis_alarm
/content/drive/MyDrive/DERİNMODEL/01_veri_seti/islenmis_veri/test/kusursuz/Class5_Test_0388.PNG,0,kusursuz,0.44180062,0,kusursuz,dogru_kusursuz
/content/drive/MyDrive/DERİNMODEL/01_veri_seti/islenmis_veri/test/kusursuz/Class5_Test_0389.PNG,0,kusursuz,0.36003327,0,kusursuz,dogru_kusursuz
/content/drive/MyDrive/DERİNMODEL/01_veri_seti/islenmis_veri/test/kusursuz/Class5_Test_0390.PNG,0,kusursuz,0.49435574,0,kusursuz,dogru_kusursuz
/content/drive/MyDrive/DERİNMODEL/01_veri_seti/islenmis_veri/test/kusursuz/Class5_Test_0391.PNG,0,kusursuz,0.3448136,0,kusursuz,dogru_kusursuz
/content/drive/MyDrive/DERİNMODEL/01_veri_seti/islenmis_veri/test/kusursuz/Class5_Test_0394.PNG,0,kusursuz,0.38523558,0,kusursuz,dogru_kusursuz
/content/drive/MyDrive/DERİNMODEL/01_veri_seti/islenmis_veri/test/kusursuz/Class5_Test_0395.PNG,0,kusursuz,0.4583557,0,kusursuz,dogru_kusursuz
/content/drive/MyDrive/DERİNMODEL/01_veri_seti/islenmis_veri/test/kusursuz/Class5_Test_0397.PNG,0,kusursuz,0.3790142,0,kusursuz,dogru_kusursuz
/content/drive/MyDrive/DERİNMODEL/01_veri_seti/islenmis_veri/test/kusursuz/Class5_Test_0398.PNG,0,kusursuz,0.43450233,0,kusursuz,dogru_kusursuz
/content/drive/MyDrive/DERİNMODEL/01_veri_seti/islenmis_veri/test/kusursuz/Class5_Test_0399.PNG,0,kusursuz,0.44454327,0,kusursuz,dogru_kusursuz
/content/drive/MyDrive/DERİNMODEL/01_veri_seti/islenmis_veri/test/kusursuz/Class5_Test_0400.PNG,0,kusursuz,0.37198558,0,kusursuz,dogru_kusursuz
/content/drive/MyDrive/DERİNMODEL/01_veri_seti/islenmis_veri/test/kusursuz/Class5_Test_0401.PNG,0,kusursuz,0.35308945,0,kusursuz,dogru_kusursuz
/content/drive/MyDrive/DERİNMODEL/01_veri_seti/islenmis_veri/test/kusursuz/Class5_Test_0402.PNG,0,kusursuz,0.3323582,0,kusursuz,dogru_kusursuz
/content/drive/MyDrive/DERİNMODEL/01_veri_seti/islenmis_veri/test/kusursuz/Class5_Test_0403.PNG,0,kusursuz,0.4163283,0,kusursuz,dogru_kusursuz
/content/drive/MyDrive/DERİNMODEL/01_veri_seti/islenmis_veri/test/kusursuz/Class5_Test_0404.PNG,0,kusursuz,0.34352165,0,kusursuz,dogru_kusursuz
/content/drive/MyDrive/DERİNMODEL/01_veri_seti/islenmis_veri/test/kusursuz/Class5_Test_0405.PNG,0,kusursuz,0.5407595,0,kusursuz,dogru_kusursuz
/content/drive/MyDrive/DERİNMODEL/01_veri_seti/islenmis_veri/test/kusursuz/Class5_Test_0406.PNG,0,kusursuz,0.3534738,0,kusursuz,dogru_kusursuz
/content/drive/MyDrive/DERİNMODEL/01_veri_seti/islenmis_veri/test/kusursuz/Class5_Test_0407.PNG,0,kusursuz,0.31578225,0,kusursuz,dogru_kusursuz
/content/drive/MyDrive/DERİNMODEL/01_veri_seti/islenmis_veri/test/kusursuz/Class5_Test_0408.PNG,0,kusursuz,0.42208204,0,kusursuz,dogru_kusursuz
/content/drive/MyDrive/DERİNMODEL/01_veri_seti/islenmis_veri/test/kusursuz/Class5_Test_0409.PNG,0,kusursuz,0.35507774,0,kusursuz,dogru_kusursuz
/content/drive/MyDrive/DERİNMODEL/01_veri_seti/islenmis_veri/test/kusursuz/Class5_Test_0410.PNG,0,kusursuz,0.31276885,0,kusursuz,dogru_kusursuz
/content/drive/MyDrive/DERİNMODEL/01_veri_seti/islenmis_veri/test/kusursuz/Class5_Test_0411.PNG,0,kusursuz,0.34343073,0,kusursuz,dogru_kusursuz
/content/drive/MyDrive/DERİNMODEL/01_veri_seti/islenmis_veri/test/kusursuz/Class5_Test_0412.PNG,0,kusursuz,0.43167806,0,kusursuz,dogru_kusursuz
/content/drive/MyDrive/DERİNMODEL/01_veri_seti/islenmis_veri/test/kusursuz/Class5_Test_0413.PNG,0,kusursuz,0.3529316,0,kusursuz,dogru_kusursuz
/content/drive/MyDrive/DERİNMODEL/01_veri_seti/islenmis_veri/test/kusursuz/Class5_Test_0414.PNG,0,kusursuz,0.40748775,0,kusursuz,dogru_kusursuz
/content/drive/MyDrive/DERİNMODEL/01_veri_seti/islenmis_veri/test/kusursuz/Class5_Test_0415.PNG,0,kusursuz,0.4616178,0,kusursuz,dogru_kusursuz
/content/drive/MyDrive/DERİNMODEL/01_veri_seti/islenmis_veri/test/kusursuz/Class5_Test_0416.PNG,0,kusursuz,0.33560452,0,kusursuz,dogru_kusursuz
/content/drive/MyDrive/DERİNMODEL/01_veri_seti/islenmis_veri/test/kusursuz/Class5_Test_0417.PNG,0,kusursuz,0.36387736,0,kusursuz,dogru_kusursuz
/content/drive/MyDrive/DERİNMODEL/01_veri_seti/islenmis_veri/test/kusursuz/Class5_Test_0418.PNG,0,kusursuz,0.3186524,0,kusursuz,dogru_kusursuz
/content/drive/MyDrive/DERİNMODEL/01_veri_seti/islenmis_veri/test/kusursuz/Class5_Test_0420.PNG,0,kusursuz,0.5929238,0,kusursuz,dogru_kusursuz
/content/drive/MyDrive/DERİNMODEL/01_veri_seti/islenmis_veri/test/kusursuz/Class5_Test_0421.PNG,0,kusursuz,0.28603843,0,kusursuz,dogru_kusursuz
/content/drive/MyDrive/DERİNMODEL/01_veri_seti/islenmis_veri/test/kusursuz/Class5_Test_0422.PNG,0,kusursuz,0.37736207,0,kusursuz,dogru_kusursuz
/content/drive/MyDrive/DERİNMODEL/01_veri_seti/islenmis_veri/test/kusursuz/Class5_Test_0423.PNG,0,kusursuz,0.5245308,0,kusursuz,dogru_kusursuz
/content/drive/MyDrive/DERİNMODEL/01_veri_seti/islenmis_veri/test/kusursuz/Class5_Test_0424.PNG,0,kusursuz,0.5377787,0,kusursuz,dogru_kusursuz
/content/drive/MyDrive/DERİNMODEL/01_veri_seti/islenmis_veri/test/kusursuz/Class5_Test_0425.PNG,0,kusursuz,0.39591375,0,kusursuz,dogru_kusursuz
/content/drive/MyDrive/DERİNMODEL/01_veri_seti/islenmis_veri/test/kusursuz/Class5_Test_0426.PNG,0,kusursuz,0.4172075,0,kusursuz,dogru_kusursuz
/content/drive/MyDrive/DERİNMODEL/01_veri_seti/islenmis_veri/test/kusursuz/Class5_Test_0427.PNG,0,kusursuz,0.4107152,0,kusursuz,dogru_kusursuz
/content/drive/MyDrive/DERİNMODEL/01_veri_seti/islenmis_veri/test/kusursuz/Class5_Test_0428.PNG,0,kusursuz,0.3258424,0,kusursuz,dogru_kusursuz
/content/drive/MyDrive/DERİNMODEL/01_veri_seti/islenmis_veri/test/kusursuz/Class5_Test_0429.PNG,0,kusursuz,0.3961269,0,kusursuz,dogru_kusursuz
/content/drive/MyDrive/DERİNMODEL/01_veri_seti/islenmis_veri/test/kusursuz/Class5_Test_0430.PNG,0,kusursuz,0.34215117,0,kusursuz,dogru_kusursuz
/content/drive/MyDrive/DERİNMODEL/01_veri_seti/islenmis_veri/test/kusursuz/Class5_Test_0432.PNG,0,kusursuz,0.44305778,0,kusursuz,dogru_kusursuz
/content/drive/MyDrive/DERİNMODEL/01_veri_seti/islenmis_veri/test/kusursuz/Class5_Test_0433.PNG,0,kusursuz,0.45267782,0,kusursuz,dogru_kusursuz
/content/drive/MyDrive/DERİNMODEL/01_veri_seti/islenmis_veri/test/kusursuz/Class5_Test_0434.PNG,0,kusursuz,0.4104648,0,kusursuz,dogru_kusursuz
/content/drive/MyDrive/DERİNMODEL/01_veri_seti/islenmis_veri/test/kusursuz/Class5_Test_0435.PNG,0,kusursuz,0.36573952,0,kusursuz,dogru_kusursuz
/content/drive/MyDrive/DERİNMODEL/01_veri_seti/islenmis_veri/test/kusursuz/Class5_Test_0437.PNG,0,kusursuz,0.33634412,0,kusursuz,dogru_kusursuz
/content/drive/MyDrive/DERİNMODEL/01_veri_seti/islenmis_veri/test/kusursuz/Class5_Test_0438.PNG,0,kusursuz,0.517891,0,kusursuz,dogru_kusursuz
/content/drive/MyDrive/DERİNMODEL/01_veri_seti/islenmis_veri/test/kusursuz/Class5_Test_0439.PNG,0,kusursuz,0.36895514,0,kusursuz,dogru_kusursuz
/content/drive/MyDrive/DERİNMODEL/01_veri_seti/islenmis_veri/test/kusursuz/Class5_Test_0440.PNG,0,kusursuz,0.3635874,0,kusursuz,dogru_kusursuz
/content/drive/MyDrive/DERİNMODEL/01_veri_seti/islenmis_veri/test/kusursuz/Class5_Test_0441.PNG,0,kusursuz,0.36572284,0,kusursuz,dogru_kusursuz
/content/drive/MyDrive/DERİNMODEL/01_veri_seti/islenmis_veri/test/kusursuz/Class5_Test_0442.PNG,0,kusursuz,0.36562055,0,kusursuz,dogru_kusursuz
/content/drive/MyDrive/DERİNMODEL/01_veri_seti/islenmis_veri/test/kusursuz/Class5_Test_0443.PNG,0,kusursuz,0.43825534,0,kusursuz,dogru_kusursuz
/content/drive/MyDrive/DERİNMODEL/01_veri_seti/islenmis_veri/test/kusursuz/Class5_Test_0444.PNG,0,kusursuz,0.38773215,0,kusursuz,dogru_kusursuz
/content/drive/MyDrive/DERİNMODEL/01_veri_seti/islenmis_veri/test/kusursuz/Class5_Test_0445.PNG,0,kusursuz,0.43968427,0,kusursuz,dogru_kusursuz
/content/drive/MyDrive/DERİNMODEL/01_veri_seti/islenmis_veri/test/kusursuz/Class5_Test_0446.PNG,0,kusursuz,0.44838792,0,kusursuz,dogru_kusursuz
/content/drive/MyDrive/DERİNMODEL/01_veri_seti/islenmis_veri/test/kusursuz/Class5_Test_0447.PNG,0,kusursuz,0.4141374,0,kusursuz,dogru_kusursuz
/content/drive/MyDrive/DERİNMODEL/01_veri_seti/islenmis_veri/test/kusursuz/Class5_Test_0448.PNG,0,kusursuz,0.43678635,0,kusursuz,dogru_kusursuz
/content/drive/MyDrive/DERİNMODEL/01_veri_seti/islenmis_veri/test/kusursuz/Class5_Test_0449.PNG,0,kusursuz,0.40850732,0,kusursuz,dogru_kusursuz
/content/drive/MyDrive/DERİNMODEL/01_veri_seti/islenmis_veri/test/kusursuz/Class5_Test_0450.PNG,0,kusursuz,0.43546343,0,kusursuz,dogru_kusursuz
/content/drive/MyDrive/DERİNMODEL/01_veri_seti/islenmis_veri/test/kusursuz/Class5_Test_0451.PNG,0,kusursuz,0.41662538,0,kusursuz,dogru_kusursuz
/content/drive/MyDrive/DERİNMODEL/01_veri_seti/islenmis_veri/test/kusursuz/Class5_Test_0453.PNG,0,kusursuz,0.349781,0,kusursuz,dogru_kusursuz
/content/drive/MyDrive/DERİNMODEL/01_veri_seti/islenmis_veri/test/kusursuz/Class5_Test_0454.PNG,0,kusursuz,0.35972232,0,kusursuz,dogru_kusursuz
/content/drive/MyDrive/DERİNMODEL/01_veri_seti/islenmis_veri/test/kusursuz/Class5_Test_0455.PNG,0,kusursuz,0.4440507,0,kusursuz,dogru_kusursuz
/content/drive/MyDrive/DERİNMODEL/01_veri_seti/islenmis_veri/test/kusursuz/Class5_Test_0456.PNG,0,kusursuz,0.35110494,0,kusursuz,dogru_kusursuz
/content/drive/MyDrive/DERİNMODEL/01_veri_seti/islenmis_veri/test/kusursuz/Class5_Test_0458.PNG,0,kusursuz,0.35320342,0,kusursuz,dogru_kusursuz
/content/drive/MyDrive/DERİNMODEL/01_veri_seti/islenmis_veri/test/kusursuz/Class5_Test_0459.PNG,0,kusursuz,0.39471093,0,kusursuz,dogru_kusursuz
/content/drive/MyDrive/DERİNMODEL/01_veri_seti/islenmis_veri/test/kusursuz/Class5_Test_0460.PNG,0,kusursuz,0.3394433,0,kusursuz,dogru_kusursuz
/content/drive/MyDrive/DERİNMODEL/01_veri_seti/islenmis_veri/test/kusursuz/Class5_Test_0461.PNG,0,kusursuz,0.4511527,0,kusursuz,dogru_kusursuz
/content/drive/MyDrive/DERİNMODEL/01_veri_seti/islenmis_veri/test/kusursuz/Class5_Test_0462.PNG,0,kusursuz,0.31809667,0,kusursuz,dogru_kusursuz
/content/drive/MyDrive/DERİNMODEL/01_veri_seti/islenmis_veri/test/kusursuz/Class5_Test_0463.PNG,0,kusursuz,0.42395434,0,kusursuz,dogru_kusursuz
/content/drive/MyDrive/DERİNMODEL/01_veri_seti/islenmis_veri/test/kusursuz/Class5_Test_0464.PNG,0,kusursuz,0.5146663,0,kusursuz,dogru_kusursuz
/content/drive/MyDrive/DERİNMODEL/01_veri_seti/islenmis_veri/test/kusursuz/Class5_Test_0465.PNG,0,kusursuz,0.3948597,0,kusursuz,dogru_kusursuz
/content/drive/MyDrive/DERİNMODEL/01_veri_seti/islenmis_veri/test/kusursuz/Class5_Test_0466.PNG,0,kusursuz,0.3641981,0,kusursuz,dogru_kusursuz
/content/drive/MyDrive/DERİNMODEL/01_veri_seti/islenmis_veri/test/kusursuz/Class5_Test_0467.PNG,0,kusursuz,0.3420827,0,kusursuz,dogru_kusursuz
/content/drive/MyDrive/DERİNMODEL/01_veri_seti/islenmis_veri/test/kusursuz/Class5_Test_0469.PNG,0,kusursuz,0.34150672,0,kusursuz,dogru_kusursuz
/content/drive/MyDrive/DERİNMODEL/01_veri_seti/islenmis_veri/test/kusursuz/Class5_Test_0470.PNG,0,kusursuz,0.3678192,0,kusursuz,dogru_kusursuz
/content/drive/MyDrive/DERİNMODEL/01_veri_seti/islenmis_veri/test/kusursuz/Class5_Test_0471.PNG,0,kusursuz,0.5476176,0,kusursuz,dogru_kusursuz
/content/drive/MyDrive/DERİNMODEL/01_veri_seti/islenmis_veri/test/kusursuz/Class5_Test_0472.PNG,0,kusursuz,0.38604426,0,kusursuz,dogru_kusursuz
/content/drive/MyDrive/DERİNMODEL/01_veri_seti/islenmis_veri/test/kusursuz/Class5_Test_0473.PNG,0,kusursuz,0.39095947,0,kusursuz,dogru_kusursuz
/content/drive/MyDrive/DERİNMODEL/01_veri_seti/islenmis_veri/test/kusursuz/Class5_Test_0474.PNG,0,kusursuz,0.3274813,0,kusursuz,dogru_kusursuz
/content/drive/MyDrive/DERİNMODEL/01_veri_seti/islenmis_veri/test/kusursuz/Class5_Test_0475.PNG,0,kusursuz,0.37630907,0,kusursuz,dogru_kusursuz
/content/drive/MyDrive/DERİNMODEL/01_veri_seti/islenmis_veri/test/kusursuz/Class5_Test_0476.PNG,0,kusursuz,0.36555713,0,kusursuz,dogru_kusursuz
/content/drive/MyDrive/DERİNMODEL/01_veri_seti/islenmis_veri/test/kusursuz/Class5_Test_0477.PNG,0,kusursuz,0.30076858,0,kusursuz,dogru_kusursuz
/content/drive/MyDrive/DERİNMODEL/01_veri_seti/islenmis_veri/test/kusursuz/Class5_Test_0478.PNG,0,kusursuz,0.42158335,0,kusursuz,dogru_kusursuz
/content/drive/MyDrive/DERİNMODEL/01_veri_seti/islenmis_veri/test/kusursuz/Class5_Test_0479.PNG,0,kusursuz,0.50691944,0,kusursuz,dogru_kusursuz
/content/drive/MyDrive/DERİNMODEL/01_veri_seti/islenmis_veri/test/kusursuz/Class5_Test_0480.PNG,0,kusursuz,0.31810436,0,kusursuz,dogru_kusursuz
/content/drive/MyDrive/DERİNMODEL/01_veri_seti/islenmis_veri/test/kusursuz/Class5_Test_0482.PNG,0,kusursuz,0.3619606,0,kusursuz,dogru_kusursuz
/content/drive/MyDrive/DERİNMODEL/01_veri_seti/islenmis_veri/test/kusursuz/Class5_Test_0483.PNG,0,kusursuz,0.48391727,0,kusursuz,dogru_kusursuz
/content/drive/MyDrive/DERİNMODEL/01_veri_seti/islenmis_veri/test/kusursuz/Class5_Test_0484.PNG,0,kusursuz,0.30415007,0,kusursuz,dogru_kusursuz
/content/drive/MyDrive/DERİNMODEL/01_veri_seti/islenmis_veri/test/kusursuz/Class5_Test_0485.PNG,0,kusursuz,0.3677489,0,kusursuz,dogru_kusursuz
/content/drive/MyDrive/DERİNMODEL/01_veri_seti/islenmis_veri/test/kusursuz/Class5_Test_0487.PNG,0,kusursuz,0.2985789,0,kusursuz,dogru_kusursuz
/content/drive/MyDrive/DERİNMODEL/01_veri_seti/islenmis_veri/test/kusursuz/Class5_Test_0488.PNG,0,kusursuz,0.3381061,0,kusursuz,dogru_kusursuz
/content/drive/MyDrive/DERİNMODEL/01_veri_seti/islenmis_veri/test/kusursuz/Class5_Test_0490.PNG,0,kusursuz,0.38787332,0,kusursuz,dogru_kusursuz
/content/drive/MyDrive/DERİNMODEL/01_veri_seti/islenmis_veri/test/kusursuz/Class5_Test_0492.PNG,0,kusursuz,0.39005476,0,kusursuz,dogru_kusursuz
/content/drive/MyDrive/DERİNMODEL/01_veri_seti/islenmis_veri/test/kusursuz/Class5_Test_0494.PNG,0,kusursuz,0.3218399,0,kusursuz,dogru_kusursuz
/content/drive/MyDrive/DERİNMODEL/01_veri_seti/islenmis_veri/test/kusursuz/Class5_Test_0496.PNG,0,kusursuz,0.27133715,0,kusursuz,dogru_kusursuz
/content/drive/MyDrive/DERİNMODEL/01_veri_seti/islenmis_veri/test/kusursuz/Class5_Test_0498.PNG,0,kusursuz,0.30482444,0,kusursuz,dogru_kusursuz
/content/drive/MyDrive/DERİNMODEL/01_veri_seti/islenmis_veri/test/kusursuz/Class5_Test_0499.PNG,0,kusursuz,0.40520287,0,kusursuz,dogru_kusursuz
/content/drive/MyDrive/DERİNMODEL/01_veri_seti/islenmis_veri/test/kusursuz/Class5_Test_0500.PNG,0,kusursuz,0.31810343,0,kusursuz,dogru_kusursuz
/content/drive/MyDrive/DERİNMODEL/01_veri_seti/islenmis_veri/test/kusursuz/Class5_Test_0501.PNG,0,kusursuz,0.3903496,0,kusursuz,dogru_kusursuz
/content/drive/MyDrive/DERİNMODEL/01_veri_seti/islenmis_veri/test/kusursuz/Class5_Test_0502.PNG,0,kusursuz,0.3287411,0,kusursuz,dogru_kusursuz
/content/drive/MyDrive/DERİNMODEL/01_veri_seti/islenmis_veri/test/kusursuz/Class5_Test_0504.PNG,0,kusursuz,0.3809143,0,kusursuz,dogru_kusursuz
/content/drive/MyDrive/DERİNMODEL/01_veri_seti/islenmis_veri/test/kusursuz/Class5_Test_0505.PNG,0,kusursuz,0.33505782,0,kusursuz,dogru_kusursuz
/content/drive/MyDrive/DERİNMODEL/01_veri_seti/islenmis_veri/test/kusursuz/Class5_Test_0506.PNG,0,kusursuz,0.34449166,0,kusursuz,dogru_kusursuz
/content/drive/MyDrive/DERİNMODEL/01_veri_seti/islenmis_veri/test/kusursuz/Class5_Test_0507.PNG,0,kusursuz,0.44612083,0,kusursuz,dogru_kusursuz
/content/drive/MyDrive/DERİNMODEL/01_veri_seti/islenmis_veri/test/kusursuz/Class5_Test_0508.PNG,0,kusursuz,0.44501153,0,kusursuz,dogru_kusursuz
/content/drive/MyDrive/DERİNMODEL/01_veri_seti/islenmis_veri/test/kusursuz/Class5_Test_0509.PNG,0,kusursuz,0.39368218,0,kusursuz,dogru_kusursuz
/content/drive/MyDrive/DERİNMODEL/01_veri_seti/islenmis_veri/test/kusursuz/Class5_Test_0510.PNG,0,kusursuz,0.29219213,0,kusursuz,dogru_kusursuz
/content/drive/MyDrive/DERİNMODEL/01_veri_seti/islenmis_veri/test/kusursuz/Class5_Test_0511.PNG,0,kusursuz,0.39260864,0,kusursuz,dogru_kusursuz
/content/drive/MyDrive/DERİNMODEL/01_veri_seti/islenmis_veri/test/kusursuz/Class5_Test_0512.PNG,0,kusursuz,0.30587712,0,kusursuz,dogru_kusursuz
/content/drive/MyDrive/DERİNMODEL/01_veri_seti/islenmis_veri/test/kusursuz/Class5_Test_0513.PNG,0,kusursuz,0.3204724,0,kusursuz,dogru_kusursuz
/content/drive/MyDrive/DERİNMODEL/01_veri_seti/islenmis_veri/test/kusursuz/Class5_Test_0515.PNG,0,kusursuz,0.40160215,0,kusursuz,dogru_kusursuz
/content/drive/MyDrive/DERİNMODEL/01_veri_seti/islenmis_veri/test/kusursuz/Class5_Test_0516.PNG,0,kusursuz,0.4443147,0,kusursuz,dogru_kusursuz
/content/drive/MyDrive/DERİNMODEL/01_veri_seti/islenmis_veri/test/kusursuz/Class5_Test_0517.PNG,0,kusursuz,0.37811327,0,kusursuz,dogru_kusursuz
/content/drive/MyDrive/DERİNMODEL/01_veri_seti/islenmis_veri/test/kusursuz/Class5_Test_0518.PNG,0,kusursuz,0.4047698,0,kusursuz,dogru_kusursuz
/content/drive/MyDrive/DERİNMODEL/01_veri_seti/islenmis_veri/test/kusursuz/Class5_Test_0519.PNG,0,kusursuz,0.37515506,0,kusursuz,dogru_kusursuz
/content/drive/MyDrive/DERİNMODEL/01_veri_seti/islenmis_veri/test/kusursuz/Class5_Test_0520.PNG,0,kusursuz,0.4495639,0,kusursuz,dogru_kusursuz
/content/drive/MyDrive/DERİNMODEL/01_veri_seti/islenmis_veri/test/kusursuz/Class5_Test_0521.PNG,0,kusursuz,0.353312,0,kusursuz,dogru_kusursuz
/content/drive/MyDrive/DERİNMODEL/01_veri_seti/islenmis_veri/test/kusursuz/Class5_Test_0522.PNG,0,kusursuz,0.5105771,0,kusursuz,dogru_kusursuz
/content/drive/MyDrive/DERİNMODEL/01_veri_seti/islenmis_veri/test/kusursuz/Class5_Test_0524.PNG,0,kusursuz,0.40315086,0,kusursuz,dogru_kusursuz
/content/drive/MyDrive/DERİNMODEL/01_veri_seti/islenmis_veri/test/kusursuz/Class5_Test_0525.PNG,0,kusursuz,0.43640286,0,kusursuz,dogru_kusursuz
/content/drive/MyDrive/DERİNMODEL/01_veri_seti/islenmis_veri/test/kusursuz/Class5_Test_0526.PNG,0,kusursuz,0.403091,0,kusursuz,dogru_kusursuz
/content/drive/MyDrive/DERİNMODEL/01_veri_seti/islenmis_veri/test/kusursuz/Class5_Test_0527.PNG,0,kusursuz,0.4331657,0,kusursuz,dogru_kusursuz
/content/drive/MyDrive/DERİNMODEL/01_veri_seti/islenmis_veri/test/kusursuz/Class5_Test_0528.PNG,0,kusursuz,0.3645222,0,kusursuz,dogru_kusursuz
/content/drive/MyDrive/DERİNMODEL/01_veri_seti/islenmis_veri/test/kusursuz/Class5_Test_0529.PNG,0,kusursuz,0.39791748,0,kusursuz,dogru_kusursuz
/content/drive/MyDrive/DERİNMODEL/01_veri_seti/islenmis_veri/test/kusursuz/Class5_Test_0530.PNG,0,kusursuz,0.31577444,0,kusursuz,dogru_kusursuz
/content/drive/MyDrive/DERİNMODEL/01_veri_seti/islenmis_veri/test/kusursuz/Class5_Test_0531.PNG,0,kusursuz,0.40816572,0,kusursuz,dogru_kusursuz
/content/drive/MyDrive/DERİNMODEL/01_veri_seti/islenmis_veri/test/kusursuz/Class5_Test_0533.PNG,0,kusursuz,0.37459344,0,kusursuz,dogru_kusursuz
/content/drive/MyDrive/DERİNMODEL/01_veri_seti/islenmis_veri/test/kusursuz/Class5_Test_0534.PNG,0,kusursuz,0.5923248,0,kusursuz,dogru_kusursuz
/content/drive/MyDrive/DERİNMODEL/01_veri_seti/islenmis_veri/test/kusursuz/Class5_Test_0535.PNG,0,kusursuz,0.4295445,0,kusursuz,dogru_kusursuz
/content/drive/MyDrive/DERİNMODEL/01_veri_seti/islenmis_veri/test/kusursuz/Class5_Test_0536.PNG,0,kusursuz,0.43931678,0,kusursuz,dogru_kusursuz
/content/drive/MyDrive/DERİNMODEL/01_veri_seti/islenmis_veri/test/kusursuz/Class5_Test_0537.PNG,0,kusursuz,0.3904405,0,kusursuz,dogru_kusursuz
/content/drive/MyDrive/DERİNMODEL/01_veri_seti/islenmis_veri/test/kusursuz/Class5_Test_0538.PNG,0,kusursuz,0.44297776,0,kusursuz,dogru_kusursuz
/content/drive/MyDrive/DERİNMODEL/01_veri_seti/islenmis_veri/test/kusursuz/Class5_Test_0539.PNG,0,kusursuz,0.3224192,0,kusursuz,dogru_kusursuz
/content/drive/MyDrive/DERİNMODEL/01_veri_seti/islenmis_veri/test/kusursuz/Class5_Test_0541.PNG,0,kusursuz,0.3584781,0,kusursuz,dogru_kusursuz
/content/drive/MyDrive/DERİNMODEL/01_veri_seti/islenmis_veri/test/kusursuz/Class5_Test_0542.PNG,0,kusursuz,0.39018688,0,kusursuz,dogru_kusursuz
/content/drive/MyDrive/DERİNMODEL/01_veri_seti/islenmis_veri/test/kusursuz/Class5_Test_0543.PNG,0,kusursuz,0.3525711,0,kusursuz,dogru_kusursuz
/content/drive/MyDrive/DERİNMODEL/01_veri_seti/islenmis_veri/test/kusursuz/Class5_Test_0544.PNG,0,kusursuz,0.3762836,0,kusursuz,dogru_kusursuz
/content/drive/MyDrive/DERİNMODEL/01_veri_seti/islenmis_veri/test/kusursuz/Class5_Test_0545.PNG,0,kusursuz,0.33708876,0,kusursuz,dogru_kusursuz
/content/drive/MyDrive/DERİNMODEL/01_veri_seti/islenmis_veri/test/kusursuz/Class5_Test_0546.PNG,0,kusursuz,0.38832042,0,kusursuz,dogru_kusursuz
/content/drive/MyDrive/DERİNMODEL/01_veri_seti/islenmis_veri/test/kusursuz/Class5_Test_0547.PNG,0,kusursuz,0.3365302,0,kusursuz,dogru_kusursuz
/content/drive/MyDrive/DERİNMODEL/01_veri_seti/islenmis_veri/test/kusursuz/Class5_Test_0548.PNG,0,kusursuz,0.40160355,0,kusursuz,dogru_kusursuz
/content/drive/MyDrive/DERİNMODEL/01_veri_seti/islenmis_veri/test/kusursuz/Class5_Test_0549.PNG,0,kusursuz,0.31082422,0,kusursuz,dogru_kusursuz
/content/drive/MyDrive/DERİNMODEL/01_veri_seti/islenmis_veri/test/kusursuz/Class5_Test_0550.PNG,0,kusursuz,0.36214042,0,kusursuz,dogru_kusursuz
/content/drive/MyDrive/DERİNMODEL/01_veri_seti/islenmis_veri/test/kusursuz/Class5_Test_0551.PNG,0,kusursuz,0.3714784,0,kusursuz,dogru_kusursuz
/content/drive/MyDrive/DERİNMODEL/01_veri_seti/islenmis_veri/test/kusursuz/Class5_Test_0552.PNG,0,kusursuz,0.52912974,0,kusursuz,dogru_kusursuz
/content/drive/MyDrive/DERİNMODEL/01_veri_seti/islenmis_veri/test/kusursuz/Class5_Test_0553.PNG,0,kusursuz,0.3814107,0,kusursuz,dogru_kusursuz
/content/drive/MyDrive/DERİNMODEL/01_veri_seti/islenmis_veri/test/kusursuz/Class5_Test_0555.PNG,0,kusursuz,0.47067484,0,kusursuz,dogru_kusursuz
/content/drive/MyDrive/DERİNMODEL/01_veri_seti/islenmis_veri/test/kusursuz/Class5_Test_0556.PNG,0,kusursuz,0.457028,0,kusursuz,dogru_kusursuz
/content/drive/MyDrive/DERİNMODEL/01_veri_seti/islenmis_veri/test/kusursuz/Class5_Test_0557.PNG,0,kusursuz,0.35368794,0,kusursuz,dogru_kusursuz
/content/drive/MyDrive/DERİNMODEL/01_veri_seti/islenmis_veri/test/kusursuz/Class5_Test_0558.PNG,0,kusursuz,0.45475978,0,kusursuz,dogru_kusursuz
/content/drive/MyDrive/DERİNMODEL/01_veri_seti/islenmis_veri/test/kusursuz/Class5_Test_0560.PNG,0,kusursuz,0.47625613,0,kusursuz,dogru_kusursuz
/content/drive/MyDrive/DERİNMODEL/01_veri_seti/islenmis_veri/test/kusursuz/Class5_Test_0561.PNG,0,kusursuz,0.4188856,0,kusursuz,dogru_kusursuz
/content/drive/MyDrive/DERİNMODEL/01_veri_seti/islenmis_veri/test/kusursuz/Class5_Test_0562.PNG,0,kusursuz,0.33731368,0,kusursuz,dogru_kusursuz
/content/drive/MyDrive/DERİNMODEL/01_veri_seti/islenmis_veri/test/kusursuz/Class5_Test_0563.PNG,0,kusursuz,0.3781778,0,kusursuz,dogru_kusursuz
/content/drive/MyDrive/DERİNMODEL/01_veri_seti/islenmis_veri/test/kusursuz/Class5_Test_0564.PNG,0,kusursuz,0.4506698,0,kusursuz,dogru_kusursuz
/content/drive/MyDrive/DERİNMODEL/01_veri_seti/islenmis_veri/test/kusursuz/Class5_Test_0565.PNG,0,kusursuz,0.36193398,0,kusursuz,dogru_kusursuz
/content/drive/MyDrive/DERİNMODEL/01_veri_seti/islenmis_veri/test/kusursuz/Class5_Test_0566.PNG,0,kusursuz,0.42559215,0,kusursuz,dogru_kusursuz
/content/drive/MyDrive/DERİNMODEL/01_veri_seti/islenmis_veri/test/kusursuz/Class5_Test_0567.PNG,0,kusursuz,0.41221207,0,kusursuz,dogru_kusursuz
/content/drive/MyDrive/DERİNMODEL/01_veri_seti/islenmis_veri/test/kusursuz/Class5_Test_0568.PNG,0,kusursuz,0.3423434,0,kusursuz,dogru_kusursuz
/content/drive/MyDrive/DERİNMODEL/01_veri_seti/islenmis_veri/test/kusursuz/Class5_Test_0569.PNG,0,kusursuz,0.4800993,0,kusursuz,dogru_kusursuz
/content/drive/MyDrive/DERİNMODEL/01_veri_seti/islenmis_veri/test/kusursuz/Class5_Test_0570.PNG,0,kusursuz,0.46783322,0,kusursuz,dogru_kusursuz
/content/drive/MyDrive/DERİNMODEL/01_veri_seti/islenmis_veri/test/kusursuz/Class5_Test_0571.PNG,0,kusursuz,0.45076585,0,kusursuz,dogru_kusursuz
/content/drive/MyDrive/DERİNMODEL/01_veri_seti/islenmis_veri/test/kusursuz/Class5_Test_0573.PNG,0,kusursuz,0.43283954,0,kusursuz,dogru_kusursuz
/content/drive/MyDrive/DERİNMODEL/01_veri_seti/islenmis_veri/test/kusursuz/Class5_Test_0574.PNG,0,kusursuz,0.33011565,0,kusursuz,dogru_kusursuz
/content/drive/MyDrive/DERİNMODEL/01_veri_seti/islenmis_veri/test/kusursuz/Class5_Test_0575.PNG,0,kusursuz,0.39524853,0,kusursuz,dogru_kusursuz
/content/drive/MyDrive/DERİNMODEL/01_veri_seti/islenmis_veri/test/kusursuz/Class6_Test_0001.PNG,0,kusursuz,0.25840172,0,kusursuz,dogru_kusursuz
/content/drive/MyDrive/DERİNMODEL/01_veri_seti/islenmis_veri/test/kusursuz/Class6_Test_0002.PNG,0,kusursuz,0.22883758,0,kusursuz,dogru_kusursuz
/content/drive/MyDrive/DERİNMODEL/01_veri_seti/islenmis_veri/test/kusursuz/Class6_Test_0003.PNG,0,kusursuz,0.27762592,0,kusursuz,dogru_kusursuz
/content/drive/MyDrive/DERİNMODEL/01_veri_seti/islenmis_veri/test/kusursuz/Class6_Test_0004.PNG,0,kusursuz,0.31070086,0,kusursuz,dogru_kusursuz
/content/drive/MyDrive/DERİNMODEL/01_veri_seti/islenmis_veri/test/kusursuz/Class6_Test_0005.PNG,0,kusursuz,0.23866661,0,kusursuz,dogru_kusursuz
/content/drive/MyDrive/DERİNMODEL/01_veri_seti/islenmis_veri/test/kusursuz/Class6_Test_0006.PNG,0,kusursuz,0.21606709,0,kusursuz,dogru_kusursuz
/content/drive/MyDrive/DERİNMODEL/01_veri_seti/islenmis_veri/test/kusursuz/Class6_Test_0007.PNG,0,kusursuz,0.22276653,0,kusursuz,dogru_kusursuz
/content/drive/MyDrive/DERİNMODEL/01_veri_seti/islenmis_veri/test/kusursuz/Class6_Test_0008.PNG,0,kusursuz,0.1786304,0,kusursuz,dogru_kusursuz
/content/drive/MyDrive/DERİNMODEL/01_veri_seti/islenmis_veri/test/kusursuz/Class6_Test_0009.PNG,0,kusursuz,0.22699137,0,kusursuz,dogru_kusursuz
/content/drive/MyDrive/DERİNMODEL/01_veri_seti/islenmis_veri/test/kusursuz/Class6_Test_0010.PNG,0,kusursuz,0.25167388,0,kusursuz,dogru_kusursuz
/content/drive/MyDrive/DERİNMODEL/01_veri_seti/islenmis_veri/test/kusursuz/Class6_Test_0011.PNG,0,kusursuz,0.11951526,0,kusursuz,dogru_kusursuz
/content/drive/MyDrive/DERİNMODEL/01_veri_seti/islenmis_veri/test/kusursuz/Class6_Test_0012.PNG,0,kusursuz,0.21510287,0,kusursuz,dogru_kusursuz
/content/drive/MyDrive/DERİNMODEL/01_veri_seti/islenmis_veri/test/kusursuz/Class6_Test_0013.PNG,0,kusursuz,0.13077319,0,kusursuz,dogru_kusursuz
/content/drive/MyDrive/DERİNMODEL/01_veri_seti/islenmis_veri/test/kusursuz/Class6_Test_0014.PNG,0,kusursuz,0.35715973,0,kusursuz,dogru_kusursuz
/content/drive/MyDrive/DERİNMODEL/01_veri_seti/islenmis_veri/test/kusursuz/Class6_Test_0015.PNG,0,kusursuz,0.17259453,0,kusursuz,dogru_kusursuz
/content/drive/MyDrive/DERİNMODEL/01_veri_seti/islenmis_veri/test/kusursuz/Class6_Test_0016.PNG,0,kusursuz,0.18255924,0,kusursuz,dogru_kusursuz
/content/drive/MyDrive/DERİNMODEL/01_veri_seti/islenmis_veri/test/kusursuz/Class6_Test_0017.PNG,0,kusursuz,0.3148727,0,kusursuz,dogru_kusursuz
/content/drive/MyDrive/DERİNMODEL/01_veri_seti/islenmis_veri/test/kusursuz/Class6_Test_0018.PNG,0,kusursuz,0.24614677,0,kusursuz,dogru_kusursuz
/content/drive/MyDrive/DERİNMODEL/01_veri_seti/islenmis_veri/test/kusursuz/Class6_Test_0019.PNG,0,kusursuz,0.1873084,0,kusursuz,dogru_kusursuz
/content/drive/MyDrive/DERİNMODEL/01_veri_seti/islenmis_veri/test/kusursuz/Class6_Test_0020.PNG,0,kusursuz,0.17337611,0,kusursuz,dogru_kusursuz
/content/drive/MyDrive/DERİNMODEL/01_veri_seti/islenmis_veri/test/kusursuz/Class6_Test_0022.PNG,0,kusursuz,0.41201156,0,kusursuz,dogru_kusursuz
/content/drive/MyDrive/DERİNMODEL/01_veri_seti/islenmis_veri/test/kusursuz/Class6_Test_0023.PNG,0,kusursuz,0.22407122,0,kusursuz,dogru_kusursuz
/content/drive/MyDrive/DERİNMODEL/01_veri_seti/islenmis_veri/test/kusursuz/Class6_Test_0024.PNG,0,kusursuz,0.14341924,0,kusursuz,dogru_kusursuz
/content/drive/MyDrive/DERİNMODEL/01_veri_seti/islenmis_veri/test/kusursuz/Class6_Test_0025.PNG,0,kusursuz,0.23446809,0,kusursuz,dogru_kusursuz
/content/drive/MyDrive/DERİNMODEL/01_veri_seti/islenmis_veri/test/kusursuz/Class6_Test_0026.PNG,0,kusursuz,0.31591848,0,kusursuz,dogru_kusursuz
/content/drive/MyDrive/DERİNMODEL/01_veri_seti/islenmis_veri/test/kusursuz/Class6_Test_0029.PNG,0,kusursuz,0.18281645,0,kusursuz,dogru_kusursuz
/content/drive/MyDrive/DERİNMODEL/01_veri_seti/islenmis_veri/test/kusursuz/Class6_Test_0030.PNG,0,kusursuz,0.11800689,0,kusursuz,dogru_kusursuz
/content/drive/MyDrive/DERİNMODEL/01_veri_seti/islenmis_veri/test/kusursuz/Class6_Test_0031.PNG,0,kusursuz,0.18832313,0,kusursuz,dogru_kusursuz
/content/drive/MyDrive/DERİNMODEL/01_veri_seti/islenmis_veri/test/kusursuz/Class6_Test_0032.PNG,0,kusursuz,0.28239366,0,kusursuz,dogru_kusursuz
/content/drive/MyDrive/DERİNMODEL/01_veri_seti/islenmis_veri/test/kusursuz/Class6_Test_0033.PNG,0,kusursuz,0.19558498,0,kusursuz,dogru_kusursuz
/content/drive/MyDrive/DERİNMODEL/01_veri_seti/islenmis_veri/test/kusursuz/Class6_Test_0034.PNG,0,kusursuz,0.33293733,0,kusursuz,dogru_kusursuz
/content/drive/MyDrive/DERİNMODEL/01_veri_seti/islenmis_veri/test/kusursuz/Class6_Test_0035.PNG,0,kusursuz,0.23416947,0,kusursuz,dogru_kusursuz
/content/drive/MyDrive/DERİNMODEL/01_veri_seti/islenmis_veri/test/kusursuz/Class6_Test_0037.PNG,0,kusursuz,0.2248485,0,kusursuz,dogru_kusursuz
/content/drive/MyDrive/DERİNMODEL/01_veri_seti/islenmis_veri/test/kusursuz/Class6_Test_0038.PNG,0,kusursuz,0.24218096,0,kusursuz,dogru_kusursuz
/content/drive/MyDrive/DERİNMODEL/01_veri_seti/islenmis_veri/test/kusursuz/Class6_Test_0039.PNG,0,kusursuz,0.09746318,0,kusursuz,dogru_kusursuz
/content/drive/MyDrive/DERİNMODEL/01_veri_seti/islenmis_veri/test/kusursuz/Class6_Test_0040.PNG,0,kusursuz,0.20455198,0,kusursuz,dogru_kusursuz
/content/drive/MyDrive/DERİNMODEL/01_veri_seti/islenmis_veri/test/kusursuz/Class6_Test_0041.PNG,0,kusursuz,0.18819825,0,kusursuz,dogru_kusursuz
/content/drive/MyDrive/DERİNMODEL/01_veri_seti/islenmis_veri/test/kusursuz/Class6_Test_0042.PNG,0,kusursuz,0.27009267,0,kusursuz,dogru_kusursuz
/content/drive/MyDrive/DERİNMODEL/01_veri_seti/islenmis_veri/test/kusursuz/Class6_Test_0043.PNG,0,kusursuz,0.27714473,0,kusursuz,dogru_kusursuz
/content/drive/MyDrive/DERİNMODEL/01_veri_seti/islenmis_veri/test/kusursuz/Class6_Test_0044.PNG,0,kusursuz,0.23809761,0,kusursuz,dogru_kusursuz
/content/drive/MyDrive/DERİNMODEL/01_veri_seti/islenmis_veri/test/kusursuz/Class6_Test_0045.PNG,0,kusursuz,0.18842539,0,kusursuz,dogru_kusursuz
/content/drive/MyDrive/DERİNMODEL/01_veri_seti/islenmis_veri/test/kusursuz/Class6_Test_0046.PNG,0,kusursuz,0.2939569,0,kusursuz,dogru_kusursuz
/content/drive/MyDrive/DERİNMODEL/01_veri_seti/islenmis_veri/test/kusursuz/Class6_Test_0047.PNG,0,kusursuz,0.20926236,0,kusursuz,dogru_kusursuz
/content/drive/MyDrive/DERİNMODEL/01_veri_seti/islenmis_veri/test/kusursuz/Class6_Test_0048.PNG,0,kusursuz,0.27190107,0,kusursuz,dogru_kusursuz
/content/drive/MyDrive/DERİNMODEL/01_veri_seti/islenmis_veri/test/kusursuz/Class6_Test_0049.PNG,0,kusursuz,0.15827064,0,kusursuz,dogru_kusursuz
/content/drive/MyDrive/DERİNMODEL/01_veri_seti/islenmis_veri/test/kusursuz/Class6_Test_0050.PNG,0,kusursuz,0.2704472,0,kusursuz,dogru_kusursuz
/content/drive/MyDrive/DERİNMODEL/01_veri_seti/islenmis_veri/test/kusursuz/Class6_Test_0051.PNG,0,kusursuz,0.2574032,0,kusursuz,dogru_kusursuz
/content/drive/MyDrive/DERİNMODEL/01_veri_seti/islenmis_veri/test/kusursuz/Class6_Test_0052.PNG,0,kusursuz,0.1728471,0,kusursuz,dogru_kusursuz
/content/drive/MyDrive/DERİNMODEL/01_veri_seti/islenmis_veri/test/kusursuz/Class6_Test_0054.PNG,0,kusursuz,0.16185828,0,kusursuz,dogru_kusursuz
/content/drive/MyDrive/DERİNMODEL/01_veri_seti/islenmis_veri/test/kusursuz/Class6_Test_0055.PNG,0,kusursuz,0.32209176,0,kusursuz,dogru_kusursuz
/content/drive/MyDrive/DERİNMODEL/01_veri_seti/islenmis_veri/test/kusursuz/Class6_Test_0056.PNG,0,kusursuz,0.19394414,0,kusursuz,dogru_kusursuz
/content/drive/MyDrive/DERİNMODEL/01_veri_seti/islenmis_veri/test/kusursuz/Class6_Test_0057.PNG,0,kusursuz,0.24430782,0,kusursuz,dogru_kusursuz
/content/drive/MyDrive/DERİNMODEL/01_veri_seti/islenmis_veri/test/kusursuz/Class6_Test_0058.PNG,0,kusursuz,0.27092326,0,kusursuz,dogru_kusursuz
/content/drive/MyDrive/DERİNMODEL/01_veri_seti/islenmis_veri/test/kusursuz/Class6_Test_0060.PNG,0,kusursuz,0.28047138,0,kusursuz,dogru_kusursuz
/content/drive/MyDrive/DERİNMODEL/01_veri_seti/islenmis_veri/test/kusursuz/Class6_Test_0061.PNG,0,kusursuz,0.27861863,0,kusursuz,dogru_kusursuz
/content/drive/MyDrive/DERİNMODEL/01_veri_seti/islenmis_veri/test/kusursuz/Class6_Test_0062.PNG,0,kusursuz,0.21623237,0,kusursuz,dogru_kusursuz
/content/drive/MyDrive/DERİNMODEL/01_veri_seti/islenmis_veri/test/kusursuz/Class6_Test_0063.PNG,0,kusursuz,0.22038142,0,kusursuz,dogru_kusursuz
/content/drive/MyDrive/DERİNMODEL/01_veri_seti/islenmis_veri/test/kusursuz/Class6_Test_0064.PNG,0,kusursuz,0.15328783,0,kusursuz,dogru_kusursuz
/content/drive/MyDrive/DERİNMODEL/01_veri_seti/islenmis_veri/test/kusursuz/Class6_Test_0065.PNG,0,kusursuz,0.3381535,0,kusursuz,dogru_kusursuz
/content/drive/MyDrive/DERİNMODEL/01_veri_seti/islenmis_veri/test/kusursuz/Class6_Test_0066.PNG,0,kusursuz,0.23852642,0,kusursuz,dogru_kusursuz
/content/drive/MyDrive/DERİNMODEL/01_veri_seti/islenmis_veri/test/kusursuz/Class6_Test_0067.PNG,0,kusursuz,0.24738629,0,kusursuz,dogru_kusursuz
/content/drive/MyDrive/DERİNMODEL/01_veri_seti/islenmis_veri/test/kusursuz/Class6_Test_0068.PNG,0,kusursuz,0.23469527,0,kusursuz,dogru_kusursuz
/content/drive/MyDrive/DERİNMODEL/01_veri_seti/islenmis_veri/test/kusursuz/Class6_Test_0069.PNG,0,kusursuz,0.2510971,0,kusursuz,dogru_kusursuz
/content/drive/MyDrive/DERİNMODEL/01_veri_seti/islenmis_veri/test/kusursuz/Class6_Test_0070.PNG,0,kusursuz,0.2822513,0,kusursuz,dogru_kusursuz
/content/drive/MyDrive/DERİNMODEL/01_veri_seti/islenmis_veri/test/kusursuz/Class6_Test_0071.PNG,0,kusursuz,0.19595605,0,kusursuz,dogru_kusursuz
/content/drive/MyDrive/DERİNMODEL/01_veri_seti/islenmis_veri/test/kusursuz/Class6_Test_0072.PNG,0,kusursuz,0.29163924,0,kusursuz,dogru_kusursuz
/content/drive/MyDrive/DERİNMODEL/01_veri_seti/islenmis_veri/test/kusursuz/Class6_Test_0073.PNG,0,kusursuz,0.1889908,0,kusursuz,dogru_kusursuz
/content/drive/MyDrive/DERİNMODEL/01_veri_seti/islenmis_veri/test/kusursuz/Class6_Test_0074.PNG,0,kusursuz,0.21905392,0,kusursuz,dogru_kusursuz
/content/drive/MyDrive/DERİNMODEL/01_veri_seti/islenmis_veri/test/kusursuz/Class6_Test_0075.PNG,0,kusursuz,0.1899665,0,kusursuz,dogru_kusursuz
/content/drive/MyDrive/DERİNMODEL/01_veri_seti/islenmis_veri/test/kusursuz/Class6_Test_0076.PNG,0,kusursuz,0.3412786,0,kusursuz,dogru_kusursuz
/content/drive/MyDrive/DERİNMODEL/01_veri_seti/islenmis_veri/test/kusursuz/Class6_Test_0077.PNG,0,kusursuz,0.18696684,0,kusursuz,dogru_kusursuz
/content/drive/MyDrive/DERİNMODEL/01_veri_seti/islenmis_veri/test/kusursuz/Class6_Test_0078.PNG,0,kusursuz,0.31915992,0,kusursuz,dogru_kusursuz
/content/drive/MyDrive/DERİNMODEL/01_veri_seti/islenmis_veri/test/kusursuz/Class6_Test_0079.PNG,0,kusursuz,0.25428972,0,kusursuz,dogru_kusursuz
/content/drive/MyDrive/DERİNMODEL/01_veri_seti/islenmis_veri/test/kusursuz/Class6_Test_0080.PNG,0,kusursuz,0.21507491,0,kusursuz,dogru_kusursuz
/content/drive/MyDrive/DERİNMODEL/01_veri_seti/islenmis_veri/test/kusursuz/Class6_Test_0081.PNG,0,kusursuz,0.3056898,0,kusursuz,dogru_kusursuz
/content/drive/MyDrive/DERİNMODEL/01_veri_seti/islenmis_veri/test/kusursuz/Class6_Test_0082.PNG,0,kusursuz,0.2486254,0,kusursuz,dogru_kusursuz
/content/drive/MyDrive/DERİNMODEL/01_veri_seti/islenmis_veri/test/kusursuz/Class6_Test_0083.PNG,0,kusursuz,0.19397253,0,kusursuz,dogru_kusursuz
/content/drive/MyDrive/DERİNMODEL/01_veri_seti/islenmis_veri/test/kusursuz/Class6_Test_0084.PNG,0,kusursuz,0.3335502,0,kusursuz,dogru_kusursuz
/content/drive/MyDrive/DERİNMODEL/01_veri_seti/islenmis_veri/test/kusursuz/Class6_Test_0085.PNG,0,kusursuz,0.20434888,0,kusursuz,dogru_kusursuz
/content/drive/MyDrive/DERİNMODEL/01_veri_seti/islenmis_veri/test/kusursuz/Class6_Test_0086.PNG,0,kusursuz,0.20394893,0,kusursuz,dogru_kusursuz
/content/drive/MyDrive/DERİNMODEL/01_veri_seti/islenmis_veri/test/kusursuz/Class6_Test_0087.PNG,0,kusursuz,0.20621353,0,kusursuz,dogru_kusursuz
/content/drive/MyDrive/DERİNMODEL/01_veri_seti/islenmis_veri/test/kusursuz/Class6_Test_0088.PNG,0,kusursuz,0.2510393,0,kusursuz,dogru_kusursuz
/content/drive/MyDrive/DERİNMODEL/01_veri_seti/islenmis_veri/test/kusursuz/Class6_Test_0089.PNG,0,kusursuz,0.20869963,0,kusursuz,dogru_kusursuz
/content/drive/MyDrive/DERİNMODEL/01_veri_seti/islenmis_veri/test/kusursuz/Class6_Test_0090.PNG,0,kusursuz,0.21054196,0,kusursuz,dogru_kusursuz
/content/drive/MyDrive/DERİNMODEL/01_veri_seti/islenmis_veri/test/kusursuz/Class6_Test_0091.PNG,0,kusursuz,0.20723292,0,kusursuz,dogru_kusursuz
/content/drive/MyDrive/DERİNMODEL/01_veri_seti/islenmis_veri/test/kusursuz/Class6_Test_0092.PNG,0,kusursuz,0.20783587,0,kusursuz,dogru_kusursuz
/content/drive/MyDrive/DERİNMODEL/01_veri_seti/islenmis_veri/test/kusursuz/Class6_Test_0093.PNG,0,kusursuz,0.18885303,0,kusursuz,dogru_kusursuz
/content/drive/MyDrive/DERİNMODEL/01_veri_seti/islenmis_veri/test/kusursuz/Class6_Test_0094.PNG,0,kusursuz,0.21114735,0,kusursuz,dogru_kusursuz
/content/drive/MyDrive/DERİNMODEL/01_veri_seti/islenmis_veri/test/kusursuz/Class6_Test_0095.PNG,0,kusursuz,0.14152446,0,kusursuz,dogru_kusursuz
/content/drive/MyDrive/DERİNMODEL/01_veri_seti/islenmis_veri/test/kusursuz/Class6_Test_0098.PNG,0,kusursuz,0.24393243,0,kusursuz,dogru_kusursuz
/content/drive/MyDrive/DERİNMODEL/01_veri_seti/islenmis_veri/test/kusursuz/Class6_Test_0099.PNG,0,kusursuz,0.31266916,0,kusursuz,dogru_kusursuz
/content/drive/MyDrive/DERİNMODEL/01_veri_seti/islenmis_veri/test/kusursuz/Class6_Test_0100.PNG,0,kusursuz,0.20744541,0,kusursuz,dogru_kusursuz
/content/drive/MyDrive/DERİNMODEL/01_veri_seti/islenmis_veri/test/kusursuz/Class6_Test_0101.PNG,0,kusursuz,0.21442719,0,kusursuz,dogru_kusursuz
/content/drive/MyDrive/DERİNMODEL/01_veri_seti/islenmis_veri/test/kusursuz/Class6_Test_0102.PNG,0,kusursuz,0.28517154,0,kusursuz,dogru_kusursuz
/content/drive/MyDrive/DERİNMODEL/01_veri_seti/islenmis_veri/test/kusursuz/Class6_Test_0103.PNG,0,kusursuz,0.23220037,0,kusursuz,dogru_kusursuz
/content/drive/MyDrive/DERİNMODEL/01_veri_seti/islenmis_veri/test/kusursuz/Class6_Test_0104.PNG,0,kusursuz,0.17219958,0,kusursuz,dogru_kusursuz
/content/drive/MyDrive/DERİNMODEL/01_veri_seti/islenmis_veri/test/kusursuz/Class6_Test_0105.PNG,0,kusursuz,0.3248476,0,kusursuz,dogru_kusursuz
/content/drive/MyDrive/DERİNMODEL/01_veri_seti/islenmis_veri/test/kusursuz/Class6_Test_0106.PNG,0,kusursuz,0.24120915,0,kusursuz,dogru_kusursuz
/content/drive/MyDrive/DERİNMODEL/01_veri_seti/islenmis_veri/test/kusursuz/Class6_Test_0107.PNG,0,kusursuz,0.36942092,0,kusursuz,dogru_kusursuz
/content/drive/MyDrive/DERİNMODEL/01_veri_seti/islenmis_veri/test/kusursuz/Class6_Test_0108.PNG,0,kusursuz,0.31202626,0,kusursuz,dogru_kusursuz
/content/drive/MyDrive/DERİNMODEL/01_veri_seti/islenmis_veri/test/kusursuz/Class6_Test_0109.PNG,0,kusursuz,0.15448864,0,kusursuz,dogru_kusursuz
/content/drive/MyDrive/DERİNMODEL/01_veri_seti/islenmis_veri/test/kusursuz/Class6_Test_0111.PNG,0,kusursuz,0.14610218,0,kusursuz,dogru_kusursuz
/content/drive/MyDrive/DERİNMODEL/01_veri_seti/islenmis_veri/test/kusursuz/Class6_Test_0112.PNG,0,kusursuz,0.29254454,0,kusursuz,dogru_kusursuz
/content/drive/MyDrive/DERİNMODEL/01_veri_seti/islenmis_veri/test/kusursuz/Class6_Test_0113.PNG,0,kusursuz,0.37742686,0,kusursuz,dogru_kusursuz
/content/drive/MyDrive/DERİNMODEL/01_veri_seti/islenmis_veri/test/kusursuz/Class6_Test_0114.PNG,0,kusursuz,0.26339343,0,kusursuz,dogru_kusursuz
/content/drive/MyDrive/DERİNMODEL/01_veri_seti/islenmis_veri/test/kusursuz/Class6_Test_0115.PNG,0,kusursuz,0.11491943,0,kusursuz,dogru_kusursuz
/content/drive/MyDrive/DERİNMODEL/01_veri_seti/islenmis_veri/test/kusursuz/Class6_Test_0116.PNG,0,kusursuz,0.23238923,0,kusursuz,dogru_kusursuz
/content/drive/MyDrive/DERİNMODEL/01_veri_seti/islenmis_veri/test/kusursuz/Class6_Test_0117.PNG,0,kusursuz,0.15973371,0,kusursuz,dogru_kusursuz
/content/drive/MyDrive/DERİNMODEL/01_veri_seti/islenmis_veri/test/kusursuz/Class6_Test_0118.PNG,0,kusursuz,0.22638683,0,kusursuz,dogru_kusursuz
/content/drive/MyDrive/DERİNMODEL/01_veri_seti/islenmis_veri/test/kusursuz/Class6_Test_0119.PNG,0,kusursuz,0.16018036,0,kusursuz,dogru_kusursuz
/content/drive/MyDrive/DERİNMODEL/01_veri_seti/islenmis_veri/test/kusursuz/Class6_Test_0120.PNG,0,kusursuz,0.22655602,0,kusursuz,dogru_kusursuz
/content/drive/MyDrive/DERİNMODEL/01_veri_seti/islenmis_veri/test/kusursuz/Class6_Test_0121.PNG,0,kusursuz,0.24620812,0,kusursuz,dogru_kusursuz
/content/drive/MyDrive/DERİNMODEL/01_veri_seti/islenmis_veri/test/kusursuz/Class6_Test_0122.PNG,0,kusursuz,0.24627115,0,kusursuz,dogru_kusursuz
/content/drive/MyDrive/DERİNMODEL/01_veri_seti/islenmis_veri/test/kusursuz/Class6_Test_0124.PNG,0,kusursuz,0.2323565,0,kusursuz,dogru_kusursuz
/content/drive/MyDrive/DERİNMODEL/01_veri_seti/islenmis_veri/test/kusursuz/Class6_Test_0125.PNG,0,kusursuz,0.14021263,0,kusursuz,dogru_kusursuz
/content/drive/MyDrive/DERİNMODEL/01_veri_seti/islenmis_veri/test/kusursuz/Class6_Test_0127.PNG,0,kusursuz,0.18496372,0,kusursuz,dogru_kusursuz
/content/drive/MyDrive/DERİNMODEL/01_veri_seti/islenmis_veri/test/kusursuz/Class6_Test_0128.PNG,0,kusursuz,0.25652987,0,kusursuz,dogru_kusursuz
/content/drive/MyDrive/DERİNMODEL/01_veri_seti/islenmis_veri/test/kusursuz/Class6_Test_0129.PNG,0,kusursuz,0.20517316,0,kusursuz,dogru_kusursuz
/content/drive/MyDrive/DERİNMODEL/01_veri_seti/islenmis_veri/test/kusursuz/Class6_Test_0130.PNG,0,kusursuz,0.16944948,0,kusursuz,dogru_kusursuz
/content/drive/MyDrive/DERİNMODEL/01_veri_seti/islenmis_veri/test/kusursuz/Class6_Test_0131.PNG,0,kusursuz,0.28248382,0,kusursuz,dogru_kusursuz
/content/drive/MyDrive/DERİNMODEL/01_veri_seti/islenmis_veri/test/kusursuz/Class6_Test_0132.PNG,0,kusursuz,0.16281153,0,kusursuz,dogru_kusursuz
/content/drive/MyDrive/DERİNMODEL/01_veri_seti/islenmis_veri/test/kusursuz/Class6_Test_0133.PNG,0,kusursuz,0.2929263,0,kusursuz,dogru_kusursuz
/content/drive/MyDrive/DERİNMODEL/01_veri_seti/islenmis_veri/test/kusursuz/Class6_Test_0134.PNG,0,kusursuz,0.28136805,0,kusursuz,dogru_kusursuz
/content/drive/MyDrive/DERİNMODEL/01_veri_seti/islenmis_veri/test/kusursuz/Class6_Test_0135.PNG,0,kusursuz,0.19850053,0,kusursuz,dogru_kusursuz
/content/drive/MyDrive/DERİNMODEL/01_veri_seti/islenmis_veri/test/kusursuz/Class6_Test_0137.PNG,0,kusursuz,0.24142258,0,kusursuz,dogru_kusursuz
/content/drive/MyDrive/DERİNMODEL/01_veri_seti/islenmis_veri/test/kusursuz/Class6_Test_0138.PNG,0,kusursuz,0.45917085,0,kusursuz,dogru_kusursuz
/content/drive/MyDrive/DERİNMODEL/01_veri_seti/islenmis_veri/test/kusursuz/Class6_Test_0140.PNG,0,kusursuz,0.20706683,0,kusursuz,dogru_kusursuz
/content/drive/MyDrive/DERİNMODEL/01_veri_seti/islenmis_veri/test/kusursuz/Class6_Test_0141.PNG,0,kusursuz,0.21675001,0,kusursuz,dogru_kusursuz
/content/drive/MyDrive/DERİNMODEL/01_veri_seti/islenmis_veri/test/kusursuz/Class6_Test_0142.PNG,0,kusursuz,0.23950823,0,kusursuz,dogru_kusursuz
/content/drive/MyDrive/DERİNMODEL/01_veri_seti/islenmis_veri/test/kusursuz/Class6_Test_0143.PNG,0,kusursuz,0.3944228,0,kusursuz,dogru_kusursuz
/content/drive/MyDrive/DERİNMODEL/01_veri_seti/islenmis_veri/test/kusursuz/Class6_Test_0145.PNG,0,kusursuz,0.3482691,0,kusursuz,dogru_kusursuz
/content/drive/MyDrive/DERİNMODEL/01_veri_seti/islenmis_veri/test/kusursuz/Class6_Test_0146.PNG,0,kusursuz,0.15664797,0,kusursuz,dogru_kusursuz
/content/drive/MyDrive/DERİNMODEL/01_veri_seti/islenmis_veri/test/kusursuz/Class6_Test_0147.PNG,0,kusursuz,0.18940091,0,kusursuz,dogru_kusursuz
/content/drive/MyDrive/DERİNMODEL/01_veri_seti/islenmis_veri/test/kusursuz/Class6_Test_0149.PNG,0,kusursuz,0.12578441,0,kusursuz,dogru_kusursuz
/content/drive/MyDrive/DERİNMODEL/01_veri_seti/islenmis_veri/test/kusursuz/Class6_Test_0150.PNG,0,kusursuz,0.22711237,0,kusursuz,dogru_kusursuz
/content/drive/MyDrive/DERİNMODEL/01_veri_seti/islenmis_veri/test/kusursuz/Class6_Test_0151.PNG,0,kusursuz,0.2603626,0,kusursuz,dogru_kusursuz
/content/drive/MyDrive/DERİNMODEL/01_veri_seti/islenmis_veri/test/kusursuz/Class6_Test_0152.PNG,0,kusursuz,0.2278467,0,kusursuz,dogru_kusursuz
/content/drive/MyDrive/DERİNMODEL/01_veri_seti/islenmis_veri/test/kusursuz/Class6_Test_0153.PNG,0,kusursuz,0.1695566,0,kusursuz,dogru_kusursuz
/content/drive/MyDrive/DERİNMODEL/01_veri_seti/islenmis_veri/test/kusursuz/Class6_Test_0154.PNG,0,kusursuz,0.20823498,0,kusursuz,dogru_kusursuz
/content/drive/MyDrive/DERİNMODEL/01_veri_seti/islenmis_veri/test/kusursuz/Class6_Test_0155.PNG,0,kusursuz,0.2443876,0,kusursuz,dogru_kusursuz
/content/drive/MyDrive/DERİNMODEL/01_veri_seti/islenmis_veri/test/kusursuz/Class6_Test_0156.PNG,0,kusursuz,0.19881618,0,kusursuz,dogru_kusursuz
/content/drive/MyDrive/DERİNMODEL/01_veri_seti/islenmis_veri/test/kusursuz/Class6_Test_0157.PNG,0,kusursuz,0.27595884,0,kusursuz,dogru_kusursuz
/content/drive/MyDrive/DERİNMODEL/01_veri_seti/islenmis_veri/test/kusursuz/Class6_Test_0158.PNG,0,kusursuz,0.215678,0,kusursuz,dogru_kusursuz
/content/drive/MyDrive/DERİNMODEL/01_veri_seti/islenmis_veri/test/kusursuz/Class6_Test_0159.PNG,0,kusursuz,0.32835674,0,kusursuz,dogru_kusursuz
/content/drive/MyDrive/DERİNMODEL/01_veri_seti/islenmis_veri/test/kusursuz/Class6_Test_0161.PNG,0,kusursuz,0.1618768,0,kusursuz,dogru_kusursuz
/content/drive/MyDrive/DERİNMODEL/01_veri_seti/islenmis_veri/test/kusursuz/Class6_Test_0162.PNG,0,kusursuz,0.30366838,0,kusursuz,dogru_kusursuz
/content/drive/MyDrive/DERİNMODEL/01_veri_seti/islenmis_veri/test/kusursuz/Class6_Test_0163.PNG,0,kusursuz,0.1852229,0,kusursuz,dogru_kusursuz
/content/drive/MyDrive/DERİNMODEL/01_veri_seti/islenmis_veri/test/kusursuz/Class6_Test_0164.PNG,0,kusursuz,0.1685288,0,kusursuz,dogru_kusursuz
/content/drive/MyDrive/DERİNMODEL/01_veri_seti/islenmis_veri/test/kusursuz/Class6_Test_0165.PNG,0,kusursuz,0.30747387,0,kusursuz,dogru_kusursuz
/content/drive/MyDrive/DERİNMODEL/01_veri_seti/islenmis_veri/test/kusursuz/Class6_Test_0166.PNG,0,kusursuz,0.2327909,0,kusursuz,dogru_kusursuz
/content/drive/MyDrive/DERİNMODEL/01_veri_seti/islenmis_veri/test/kusursuz/Class6_Test_0168.PNG,0,kusursuz,0.30185652,0,kusursuz,dogru_kusursuz
/content/drive/MyDrive/DERİNMODEL/01_veri_seti/islenmis_veri/test/kusursuz/Class6_Test_0169.PNG,0,kusursuz,0.30007702,0,kusursuz,dogru_kusursuz
/content/drive/MyDrive/DERİNMODEL/01_veri_seti/islenmis_veri/test/kusursuz/Class6_Test_0170.PNG,0,kusursuz,0.3178227,0,kusursuz,dogru_kusursuz
/content/drive/MyDrive/DERİNMODEL/01_veri_seti/islenmis_veri/test/kusursuz/Class6_Test_0171.PNG,0,kusursuz,0.16638218,0,kusursuz,dogru_kusursuz
/content/drive/MyDrive/DERİNMODEL/01_veri_seti/islenmis_veri/test/kusursuz/Class6_Test_0172.PNG,0,kusursuz,0.20959003,0,kusursuz,dogru_kusursuz
/content/drive/MyDrive/DERİNMODEL/01_veri_seti/islenmis_veri/test/kusursuz/Class6_Test_0173.PNG,0,kusursuz,0.23038752,0,kusursuz,dogru_kusursuz
/content/drive/MyDrive/DERİNMODEL/01_veri_seti/islenmis_veri/test/kusursuz/Class6_Test_0174.PNG,0,kusursuz,0.20785186,0,kusursuz,dogru_kusursuz
/content/drive/MyDrive/DERİNMODEL/01_veri_seti/islenmis_veri/test/kusursuz/Class6_Test_0175.PNG,0,kusursuz,0.22331809,0,kusursuz,dogru_kusursuz
/content/drive/MyDrive/DERİNMODEL/01_veri_seti/islenmis_veri/test/kusursuz/Class6_Test_0176.PNG,0,kusursuz,0.21651097,0,kusursuz,dogru_kusursuz
/content/drive/MyDrive/DERİNMODEL/01_veri_seti/islenmis_veri/test/kusursuz/Class6_Test_0177.PNG,0,kusursuz,0.24581113,0,kusursuz,dogru_kusursuz
/content/drive/MyDrive/DERİNMODEL/01_veri_seti/islenmis_veri/test/kusursuz/Class6_Test_0179.PNG,0,kusursuz,0.2384165,0,kusursuz,dogru_kusursuz
/content/drive/MyDrive/DERİNMODEL/01_veri_seti/islenmis_veri/test/kusursuz/Class6_Test_0180.PNG,0,kusursuz,0.19232708,0,kusursuz,dogru_kusursuz
/content/drive/MyDrive/DERİNMODEL/01_veri_seti/islenmis_veri/test/kusursuz/Class6_Test_0181.PNG,0,kusursuz,0.27223265,0,kusursuz,dogru_kusursuz
/content/drive/MyDrive/DERİNMODEL/01_veri_seti/islenmis_veri/test/kusursuz/Class6_Test_0182.PNG,0,kusursuz,0.2243869,0,kusursuz,dogru_kusursuz
/content/drive/MyDrive/DERİNMODEL/01_veri_seti/islenmis_veri/test/kusursuz/Class6_Test_0183.PNG,0,kusursuz,0.2235258,0,kusursuz,dogru_kusursuz
/content/drive/MyDrive/DERİNMODEL/01_veri_seti/islenmis_veri/test/kusursuz/Class6_Test_0184.PNG,0,kusursuz,0.22291113,0,kusursuz,dogru_kusursuz
/content/drive/MyDrive/DERİNMODEL/01_veri_seti/islenmis_veri/test/kusursuz/Class6_Test_0185.PNG,0,kusursuz,0.18129669,0,kusursuz,dogru_kusursuz
/content/drive/MyDrive/DERİNMODEL/01_veri_seti/islenmis_veri/test/kusursuz/Class6_Test_0186.PNG,0,kusursuz,0.34519014,0,kusursuz,dogru_kusursuz
/content/drive/MyDrive/DERİNMODEL/01_veri_seti/islenmis_veri/test/kusursuz/Class6_Test_0187.PNG,0,kusursuz,0.21735124,0,kusursuz,dogru_kusursuz
/content/drive/MyDrive/DERİNMODEL/01_veri_seti/islenmis_veri/test/kusursuz/Class6_Test_0188.PNG,0,kusursuz,0.2593372,0,kusursuz,dogru_kusursuz
/content/drive/MyDrive/DERİNMODEL/01_veri_seti/islenmis_veri/test/kusursuz/Class6_Test_0189.PNG,0,kusursuz,0.63253784,1,kusurlu,yanlis_alarm
/content/drive/MyDrive/DERİNMODEL/01_veri_seti/islenmis_veri/test/kusursuz/Class6_Test_0190.PNG,0,kusursuz,0.33820602,0,kusursuz,dogru_kusursuz
/content/drive/MyDrive/DERİNMODEL/01_veri_seti/islenmis_veri/test/kusursuz/Class6_Test_0191.PNG,0,kusursuz,0.16146044,0,kusursuz,dogru_kusursuz
/content/drive/MyDrive/DERİNMODEL/01_veri_seti/islenmis_veri/test/kusursuz/Class6_Test_0192.PNG,0,kusursuz,0.27085984,0,kusursuz,dogru_kusursuz
/content/drive/MyDrive/DERİNMODEL/01_veri_seti/islenmis_veri/test/kusursuz/Class6_Test_0193.PNG,0,kusursuz,0.4220754,0,kusursuz,dogru_kusursuz
/content/drive/MyDrive/DERİNMODEL/01_veri_seti/islenmis_veri/test/kusursuz/Class6_Test_0194.PNG,0,kusursuz,0.29576528,0,kusursuz,dogru_kusursuz
/content/drive/MyDrive/DERİNMODEL/01_veri_seti/islenmis_veri/test/kusursuz/Class6_Test_0195.PNG,0,kusursuz,0.18360576,0,kusursuz,dogru_kusursuz
/content/drive/MyDrive/DERİNMODEL/01_veri_seti/islenmis_veri/test/kusursuz/Class6_Test_0196.PNG,0,kusursuz,0.22924103,0,kusursuz,dogru_kusursuz
/content/drive/MyDrive/DERİNMODEL/01_veri_seti/islenmis_veri/test/kusursuz/Class6_Test_0197.PNG,0,kusursuz,0.36923197,0,kusursuz,dogru_kusursuz
/content/drive/MyDrive/DERİNMODEL/01_veri_seti/islenmis_veri/test/kusursuz/Class6_Test_0198.PNG,0,kusursuz,0.20210195,0,kusursuz,dogru_kusursuz
/content/drive/MyDrive/DERİNMODEL/01_veri_seti/islenmis_veri/test/kusursuz/Class6_Test_0199.PNG,0,kusursuz,0.24022166,0,kusursuz,dogru_kusursuz
/content/drive/MyDrive/DERİNMODEL/01_veri_seti/islenmis_veri/test/kusursuz/Class6_Test_0200.PNG,0,kusursuz,0.25621635,0,kusursuz,dogru_kusursuz
/content/drive/MyDrive/DERİNMODEL/01_veri_seti/islenmis_veri/test/kusursuz/Class6_Test_0201.PNG,0,kusursuz,0.26541936,0,kusursuz,dogru_kusursuz
/content/drive/MyDrive/DERİNMODEL/01_veri_seti/islenmis_veri/test/kusursuz/Class6_Test_0202.PNG,0,kusursuz,0.29134014,0,kusursuz,dogru_kusursuz
/content/drive/MyDrive/DERİNMODEL/01_veri_seti/islenmis_veri/test/kusursuz/Class6_Test_0203.PNG,0,kusursuz,0.27568936,0,kusursuz,dogru_kusursuz
/content/drive/MyDrive/DERİNMODEL/01_veri_seti/islenmis_veri/test/kusursuz/Class6_Test_0204.PNG,0,kusursuz,0.19119082,0,kusursuz,dogru_kusursuz
/content/drive/MyDrive/DERİNMODEL/01_veri_seti/islenmis_veri/test/kusursuz/Class6_Test_0205.PNG,0,kusursuz,0.27041942,0,kusursuz,dogru_kusursuz
/content/drive/MyDrive/DERİNMODEL/01_veri_seti/islenmis_veri/test/kusursuz/Class6_Test_0206.PNG,0,kusursuz,0.33165613,0,kusursuz,dogru_kusursuz
/content/drive/MyDrive/DERİNMODEL/01_veri_seti/islenmis_veri/test/kusursuz/Class6_Test_0207.PNG,0,kusursuz,0.24544962,0,kusursuz,dogru_kusursuz
/content/drive/MyDrive/DERİNMODEL/01_veri_seti/islenmis_veri/test/kusursuz/Class6_Test_0208.PNG,0,kusursuz,0.20373224,0,kusursuz,dogru_kusursuz
/content/drive/MyDrive/DERİNMODEL/01_veri_seti/islenmis_veri/test/kusursuz/Class6_Test_0210.PNG,0,kusursuz,0.2950362,0,kusursuz,dogru_kusursuz
/content/drive/MyDrive/DERİNMODEL/01_veri_seti/islenmis_veri/test/kusursuz/Class6_Test_0211.PNG,0,kusursuz,0.2416666,0,kusursuz,dogru_kusursuz
/content/drive/MyDrive/DERİNMODEL/01_veri_seti/islenmis_veri/test/kusursuz/Class6_Test_0212.PNG,0,kusursuz,0.19390056,0,kusursuz,dogru_kusursuz
/content/drive/MyDrive/DERİNMODEL/01_veri_seti/islenmis_veri/test/kusursuz/Class6_Test_0213.PNG,0,kusursuz,0.24557373,0,kusursuz,dogru_kusursuz
/content/drive/MyDrive/DERİNMODEL/01_veri_seti/islenmis_veri/test/kusursuz/Class6_Test_0214.PNG,0,kusursuz,0.24295738,0,kusursuz,dogru_kusursuz
/content/drive/MyDrive/DERİNMODEL/01_veri_seti/islenmis_veri/test/kusursuz/Class6_Test_0215.PNG,0,kusursuz,0.23685071,0,kusursuz,dogru_kusursuz
/content/drive/MyDrive/DERİNMODEL/01_veri_seti/islenmis_veri/test/kusursuz/Class6_Test_0216.PNG,0,kusursuz,0.28800344,0,kusursuz,dogru_kusursuz
/content/drive/MyDrive/DERİNMODEL/01_veri_seti/islenmis_veri/test/kusursuz/Class6_Test_0217.PNG,0,kusursuz,0.28292838,0,kusursuz,dogru_kusursuz
/content/drive/MyDrive/DERİNMODEL/01_veri_seti/islenmis_veri/test/kusursuz/Class6_Test_0218.PNG,0,kusursuz,0.16870867,0,kusursuz,dogru_kusursuz
/content/drive/MyDrive/DERİNMODEL/01_veri_seti/islenmis_veri/test/kusursuz/Class6_Test_0219.PNG,0,kusursuz,0.16598076,0,kusursuz,dogru_kusursuz
/content/drive/MyDrive/DERİNMODEL/01_veri_seti/islenmis_veri/test/kusursuz/Class6_Test_0221.PNG,0,kusursuz,0.35778603,0,kusursuz,dogru_kusursuz
/content/drive/MyDrive/DERİNMODEL/01_veri_seti/islenmis_veri/test/kusursuz/Class6_Test_0222.PNG,0,kusursuz,0.15652111,0,kusursuz,dogru_kusursuz
/content/drive/MyDrive/DERİNMODEL/01_veri_seti/islenmis_veri/test/kusursuz/Class6_Test_0223.PNG,0,kusursuz,0.17310578,0,kusursuz,dogru_kusursuz
/content/drive/MyDrive/DERİNMODEL/01_veri_seti/islenmis_veri/test/kusursuz/Class6_Test_0224.PNG,0,kusursuz,0.13913639,0,kusursuz,dogru_kusursuz
/content/drive/MyDrive/DERİNMODEL/01_veri_seti/islenmis_veri/test/kusursuz/Class6_Test_0225.PNG,0,kusursuz,0.3681206,0,kusursuz,dogru_kusursuz
/content/drive/MyDrive/DERİNMODEL/01_veri_seti/islenmis_veri/test/kusursuz/Class6_Test_0226.PNG,0,kusursuz,0.18975931,0,kusursuz,dogru_kusursuz
/content/drive/MyDrive/DERİNMODEL/01_veri_seti/islenmis_veri/test/kusursuz/Class6_Test_0227.PNG,0,kusursuz,0.24676697,0,kusursuz,dogru_kusursuz
/content/drive/MyDrive/DERİNMODEL/01_veri_seti/islenmis_veri/test/kusursuz/Class6_Test_0228.PNG,0,kusursuz,0.21348096,0,kusursuz,dogru_kusursuz
/content/drive/MyDrive/DERİNMODEL/01_veri_seti/islenmis_veri/test/kusursuz/Class6_Test_0230.PNG,0,kusursuz,0.3125176,0,kusursuz,dogru_kusursuz
/content/drive/MyDrive/DERİNMODEL/01_veri_seti/islenmis_veri/test/kusursuz/Class6_Test_0231.PNG,0,kusursuz,0.2877068,0,kusursuz,dogru_kusursuz
/content/drive/MyDrive/DERİNMODEL/01_veri_seti/islenmis_veri/test/kusursuz/Class6_Test_0232.PNG,0,kusursuz,0.26302403,0,kusursuz,dogru_kusursuz
/content/drive/MyDrive/DERİNMODEL/01_veri_seti/islenmis_veri/test/kusursuz/Class6_Test_0233.PNG,0,kusursuz,0.2412607,0,kusursuz,dogru_kusursuz
/content/drive/MyDrive/DERİNMODEL/01_veri_seti/islenmis_veri/test/kusursuz/Class6_Test_0235.PNG,0,kusursuz,0.3300189,0,kusursuz,dogru_kusursuz
/content/drive/MyDrive/DERİNMODEL/01_veri_seti/islenmis_veri/test/kusursuz/Class6_Test_0236.PNG,0,kusursuz,0.24028592,0,kusursuz,dogru_kusursuz
/content/drive/MyDrive/DERİNMODEL/01_veri_seti/islenmis_veri/test/kusursuz/Class6_Test_0237.PNG,0,kusursuz,0.15092406,0,kusursuz,dogru_kusursuz
/content/drive/MyDrive/DERİNMODEL/01_veri_seti/islenmis_veri/test/kusursuz/Class6_Test_0238.PNG,0,kusursuz,0.18510582,0,kusursuz,dogru_kusursuz
/content/drive/MyDrive/DERİNMODEL/01_veri_seti/islenmis_veri/test/kusursuz/Class6_Test_0239.PNG,0,kusursuz,0.40820047,0,kusursuz,dogru_kusursuz
/content/drive/MyDrive/DERİNMODEL/01_veri_seti/islenmis_veri/test/kusursuz/Class6_Test_0240.PNG,0,kusursuz,0.22056724,0,kusursuz,dogru_kusursuz
/content/drive/MyDrive/DERİNMODEL/01_veri_seti/islenmis_veri/test/kusursuz/Class6_Test_0242.PNG,0,kusursuz,0.2217802,0,kusursuz,dogru_kusursuz
/content/drive/MyDrive/DERİNMODEL/01_veri_seti/islenmis_veri/test/kusursuz/Class6_Test_0244.PNG,0,kusursuz,0.20733975,0,kusursuz,dogru_kusursuz
/content/drive/MyDrive/DERİNMODEL/01_veri_seti/islenmis_veri/test/kusursuz/Class6_Test_0245.PNG,0,kusursuz,0.24758972,0,kusursuz,dogru_kusursuz
/content/drive/MyDrive/DERİNMODEL/01_veri_seti/islenmis_veri/test/kusursuz/Class6_Test_0247.PNG,0,kusursuz,0.17803888,0,kusursuz,dogru_kusursuz
/content/drive/MyDrive/DERİNMODEL/01_veri_seti/islenmis_veri/test/kusursuz/Class6_Test_0248.PNG,0,kusursuz,0.35741898,0,kusursuz,dogru_kusursuz
/content/drive/MyDrive/DERİNMODEL/01_veri_seti/islenmis_veri/test/kusursuz/Class6_Test_0249.PNG,0,kusursuz,0.13576531,0,kusursuz,dogru_kusursuz
/content/drive/MyDrive/DERİNMODEL/01_veri_seti/islenmis_veri/test/kusursuz/Class6_Test_0250.PNG,0,kusursuz,0.14405733,0,kusursuz,dogru_kusursuz
/content/drive/MyDrive/DERİNMODEL/01_veri_seti/islenmis_veri/test/kusursuz/Class6_Test_0252.PNG,0,kusursuz,0.22193834,0,kusursuz,dogru_kusursuz
/content/drive/MyDrive/DERİNMODEL/01_veri_seti/islenmis_veri/test/kusursuz/Class6_Test_0253.PNG,0,kusursuz,0.36340648,0,kusursuz,dogru_kusursuz
/content/drive/MyDrive/DERİNMODEL/01_veri_seti/islenmis_veri/test/kusursuz/Class6_Test_0254.PNG,0,kusursuz,0.21324258,0,kusursuz,dogru_kusursuz
/content/drive/MyDrive/DERİNMODEL/01_veri_seti/islenmis_veri/test/kusursuz/Class6_Test_0256.PNG,0,kusursuz,0.18246824,0,kusursuz,dogru_kusursuz
/content/drive/MyDrive/DERİNMODEL/01_veri_seti/islenmis_veri/test/kusursuz/Class6_Test_0257.PNG,0,kusursuz,0.16670181,0,kusursuz,dogru_kusursuz
/content/drive/MyDrive/DERİNMODEL/01_veri_seti/islenmis_veri/test/kusursuz/Class6_Test_0258.PNG,0,kusursuz,0.17585303,0,kusursuz,dogru_kusursuz
/content/drive/MyDrive/DERİNMODEL/01_veri_seti/islenmis_veri/test/kusursuz/Class6_Test_0259.PNG,0,kusursuz,0.30810943,0,kusursuz,dogru_kusursuz
/content/drive/MyDrive/DERİNMODEL/01_veri_seti/islenmis_veri/test/kusursuz/Class6_Test_0260.PNG,0,kusursuz,0.15877089,0,kusursuz,dogru_kusursuz
/content/drive/MyDrive/DERİNMODEL/01_veri_seti/islenmis_veri/test/kusursuz/Class6_Test_0261.PNG,0,kusursuz,0.21837121,0,kusursuz,dogru_kusursuz
/content/drive/MyDrive/DERİNMODEL/01_veri_seti/islenmis_veri/test/kusursuz/Class6_Test_0262.PNG,0,kusursuz,0.19657272,0,kusursuz,dogru_kusursuz
/content/drive/MyDrive/DERİNMODEL/01_veri_seti/islenmis_veri/test/kusursuz/Class6_Test_0263.PNG,0,kusursuz,0.19858369,0,kusursuz,dogru_kusursuz
/content/drive/MyDrive/DERİNMODEL/01_veri_seti/islenmis_veri/test/kusursuz/Class6_Test_0264.PNG,0,kusursuz,0.2311728,0,kusursuz,dogru_kusursuz
/content/drive/MyDrive/DERİNMODEL/01_veri_seti/islenmis_veri/test/kusursuz/Class6_Test_0265.PNG,0,kusursuz,0.25486264,0,kusursuz,dogru_kusursuz
/content/drive/MyDrive/DERİNMODEL/01_veri_seti/islenmis_veri/test/kusursuz/Class6_Test_0266.PNG,0,kusursuz,0.28488007,0,kusursuz,dogru_kusursuz
/content/drive/MyDrive/DERİNMODEL/01_veri_seti/islenmis_veri/test/kusursuz/Class6_Test_0267.PNG,0,kusursuz,0.22238609,0,kusursuz,dogru_kusursuz
/content/drive/MyDrive/DERİNMODEL/01_veri_seti/islenmis_veri/test/kusursuz/Class6_Test_0268.PNG,0,kusursuz,0.23530328,0,kusursuz,dogru_kusursuz
/content/drive/MyDrive/DERİNMODEL/01_veri_seti/islenmis_veri/test/kusursuz/Class6_Test_0269.PNG,0,kusursuz,0.15798235,0,kusursuz,dogru_kusursuz
/content/drive/MyDrive/DERİNMODEL/01_veri_seti/islenmis_veri/test/kusursuz/Class6_Test_0270.PNG,0,kusursuz,0.18743004,0,kusursuz,dogru_kusursuz
/content/drive/MyDrive/DERİNMODEL/01_veri_seti/islenmis_veri/test/kusursuz/Class6_Test_0271.PNG,0,kusursuz,0.29783463,0,kusursuz,dogru_kusursuz
/content/drive/MyDrive/DERİNMODEL/01_veri_seti/islenmis_veri/test/kusursuz/Class6_Test_0272.PNG,0,kusursuz,0.28885195,0,kusursuz,dogru_kusursuz
/content/drive/MyDrive/DERİNMODEL/01_veri_seti/islenmis_veri/test/kusursuz/Class6_Test_0273.PNG,0,kusursuz,0.3230526,0,kusursuz,dogru_kusursuz
/content/drive/MyDrive/DERİNMODEL/01_veri_seti/islenmis_veri/test/kusursuz/Class6_Test_0274.PNG,0,kusursuz,0.38341612,0,kusursuz,dogru_kusursuz
/content/drive/MyDrive/DERİNMODEL/01_veri_seti/islenmis_veri/test/kusursuz/Class6_Test_0276.PNG,0,kusursuz,0.16300385,0,kusursuz,dogru_kusursuz
/content/drive/MyDrive/DERİNMODEL/01_veri_seti/islenmis_veri/test/kusursuz/Class6_Test_0277.PNG,0,kusursuz,0.17115957,0,kusursuz,dogru_kusursuz
/content/drive/MyDrive/DERİNMODEL/01_veri_seti/islenmis_veri/test/kusursuz/Class6_Test_0278.PNG,0,kusursuz,0.19854023,0,kusursuz,dogru_kusursuz
/content/drive/MyDrive/DERİNMODEL/01_veri_seti/islenmis_veri/test/kusursuz/Class6_Test_0279.PNG,0,kusursuz,0.2831492,0,kusursuz,dogru_kusursuz
/content/drive/MyDrive/DERİNMODEL/01_veri_seti/islenmis_veri/test/kusursuz/Class6_Test_0280.PNG,0,kusursuz,0.32671213,0,kusursuz,dogru_kusursuz
/content/drive/MyDrive/DERİNMODEL/01_veri_seti/islenmis_veri/test/kusursuz/Class6_Test_0281.PNG,0,kusursuz,0.17735523,0,kusursuz,dogru_kusursuz
/content/drive/MyDrive/DERİNMODEL/01_veri_seti/islenmis_veri/test/kusursuz/Class6_Test_0282.PNG,0,kusursuz,0.29232666,0,kusursuz,dogru_kusursuz
/content/drive/MyDrive/DERİNMODEL/01_veri_seti/islenmis_veri/test/kusursuz/Class6_Test_0283.PNG,0,kusursuz,0.1401373,0,kusursuz,dogru_kusursuz
/content/drive/MyDrive/DERİNMODEL/01_veri_seti/islenmis_veri/test/kusursuz/Class6_Test_0285.PNG,0,kusursuz,0.25113365,0,kusursuz,dogru_kusursuz
/content/drive/MyDrive/DERİNMODEL/01_veri_seti/islenmis_veri/test/kusursuz/Class6_Test_0287.PNG,0,kusursuz,0.15848081,0,kusursuz,dogru_kusursuz
/content/drive/MyDrive/DERİNMODEL/01_veri_seti/islenmis_veri/test/kusursuz/Class6_Test_0288.PNG,0,kusursuz,0.14820279,0,kusursuz,dogru_kusursuz
/content/drive/MyDrive/DERİNMODEL/01_veri_seti/islenmis_veri/test/kusursuz/Class6_Test_0289.PNG,0,kusursuz,0.15331517,0,kusursuz,dogru_kusursuz
/content/drive/MyDrive/DERİNMODEL/01_veri_seti/islenmis_veri/test/kusursuz/Class6_Test_0290.PNG,0,kusursuz,0.23968561,0,kusursuz,dogru_kusursuz
/content/drive/MyDrive/DERİNMODEL/01_veri_seti/islenmis_veri/test/kusursuz/Class6_Test_0291.PNG,0,kusursuz,0.25496855,0,kusursuz,dogru_kusursuz
/content/drive/MyDrive/DERİNMODEL/01_veri_seti/islenmis_veri/test/kusursuz/Class6_Test_0293.PNG,0,kusursuz,0.1487152,0,kusursuz,dogru_kusursuz
/content/drive/MyDrive/DERİNMODEL/01_veri_seti/islenmis_veri/test/kusursuz/Class6_Test_0294.PNG,0,kusursuz,0.20531747,0,kusursuz,dogru_kusursuz
/content/drive/MyDrive/DERİNMODEL/01_veri_seti/islenmis_veri/test/kusursuz/Class6_Test_0295.PNG,0,kusursuz,0.13184471,0,kusursuz,dogru_kusursuz
/content/drive/MyDrive/DERİNMODEL/01_veri_seti/islenmis_veri/test/kusursuz/Class6_Test_0296.PNG,0,kusursuz,0.26341796,0,kusursuz,dogru_kusursuz
/content/drive/MyDrive/DERİNMODEL/01_veri_seti/islenmis_veri/test/kusursuz/Class6_Test_0297.PNG,0,kusursuz,0.1717375,0,kusursuz,dogru_kusursuz
/content/drive/MyDrive/DERİNMODEL/01_veri_seti/islenmis_veri/test/kusursuz/Class6_Test_0298.PNG,0,kusursuz,0.26643854,0,kusursuz,dogru_kusursuz
/content/drive/MyDrive/DERİNMODEL/01_veri_seti/islenmis_veri/test/kusursuz/Class6_Test_0299.PNG,0,kusursuz,0.29751894,0,kusursuz,dogru_kusursuz
/content/drive/MyDrive/DERİNMODEL/01_veri_seti/islenmis_veri/test/kusursuz/Class6_Test_0300.PNG,0,kusursuz,0.21841389,0,kusursuz,dogru_kusursuz
/content/drive/MyDrive/DERİNMODEL/01_veri_seti/islenmis_veri/test/kusursuz/Class6_Test_0301.PNG,0,kusursuz,0.4182256,0,kusursuz,dogru_kusursuz
/content/drive/MyDrive/DERİNMODEL/01_veri_seti/islenmis_veri/test/kusursuz/Class6_Test_0302.PNG,0,kusursuz,0.21961468,0,kusursuz,dogru_kusursuz
/content/drive/MyDrive/DERİNMODEL/01_veri_seti/islenmis_veri/test/kusursuz/Class6_Test_0304.PNG,0,kusursuz,0.3032141,0,kusursuz,dogru_kusursuz
/content/drive/MyDrive/DERİNMODEL/01_veri_seti/islenmis_veri/test/kusursuz/Class6_Test_0305.PNG,0,kusursuz,0.1354846,0,kusursuz,dogru_kusursuz
/content/drive/MyDrive/DERİNMODEL/01_veri_seti/islenmis_veri/test/kusursuz/Class6_Test_0306.PNG,0,kusursuz,0.116489716,0,kusursuz,dogru_kusursuz
/content/drive/MyDrive/DERİNMODEL/01_veri_seti/islenmis_veri/test/kusursuz/Class6_Test_0307.PNG,0,kusursuz,0.15300117,0,kusursuz,dogru_kusursuz
/content/drive/MyDrive/DERİNMODEL/01_veri_seti/islenmis_veri/test/kusursuz/Class6_Test_0308.PNG,0,kusursuz,0.1851635,0,kusursuz,dogru_kusursuz
/content/drive/MyDrive/DERİNMODEL/01_veri_seti/islenmis_veri/test/kusursuz/Class6_Test_0309.PNG,0,kusursuz,0.21514289,0,kusursuz,dogru_kusursuz
/content/drive/MyDrive/DERİNMODEL/01_veri_seti/islenmis_veri/test/kusursuz/Class6_Test_0310.PNG,0,kusursuz,0.153213,0,kusursuz,dogru_kusursuz
/content/drive/MyDrive/DERİNMODEL/01_veri_seti/islenmis_veri/test/kusursuz/Class6_Test_0312.PNG,0,kusursuz,0.3534921,0,kusursuz,dogru_kusursuz
/content/drive/MyDrive/DERİNMODEL/01_veri_seti/islenmis_veri/test/kusursuz/Class6_Test_0313.PNG,0,kusursuz,0.23470394,0,kusursuz,dogru_kusursuz
/content/drive/MyDrive/DERİNMODEL/01_veri_seti/islenmis_veri/test/kusursuz/Class6_Test_0314.PNG,0,kusursuz,0.21444316,0,kusursuz,dogru_kusursuz
/content/drive/MyDrive/DERİNMODEL/01_veri_seti/islenmis_veri/test/kusursuz/Class6_Test_0315.PNG,0,kusursuz,0.23449846,0,kusursuz,dogru_kusursuz
/content/drive/MyDrive/DERİNMODEL/01_veri_seti/islenmis_veri/test/kusursuz/Class6_Test_0316.PNG,0,kusursuz,0.1793606,0,kusursuz,dogru_kusursuz
/content/drive/MyDrive/DERİNMODEL/01_veri_seti/islenmis_veri/test/kusursuz/Class6_Test_0317.PNG,0,kusursuz,0.29193792,0,kusursuz,dogru_kusursuz
/content/drive/MyDrive/DERİNMODEL/01_veri_seti/islenmis_veri/test/kusursuz/Class6_Test_0318.PNG,0,kusursuz,0.27469775,0,kusursuz,dogru_kusursuz
/content/drive/MyDrive/DERİNMODEL/01_veri_seti/islenmis_veri/test/kusursuz/Class6_Test_0319.PNG,0,kusursuz,0.15653442,0,kusursuz,dogru_kusursuz
/content/drive/MyDrive/DERİNMODEL/01_veri_seti/islenmis_veri/test/kusursuz/Class6_Test_0321.PNG,0,kusursuz,0.2468877,0,kusursuz,dogru_kusursuz
/content/drive/MyDrive/DERİNMODEL/01_veri_seti/islenmis_veri/test/kusursuz/Class6_Test_0322.PNG,0,kusursuz,0.24376555,0,kusursuz,dogru_kusursuz
/content/drive/MyDrive/DERİNMODEL/01_veri_seti/islenmis_veri/test/kusursuz/Class6_Test_0323.PNG,0,kusursuz,0.22423987,0,kusursuz,dogru_kusursuz
/content/drive/MyDrive/DERİNMODEL/01_veri_seti/islenmis_veri/test/kusursuz/Class6_Test_0324.PNG,0,kusursuz,0.2559671,0,kusursuz,dogru_kusursuz
/content/drive/MyDrive/DERİNMODEL/01_veri_seti/islenmis_veri/test/kusursuz/Class6_Test_0325.PNG,0,kusursuz,0.22967768,0,kusursuz,dogru_kusursuz
/content/drive/MyDrive/DERİNMODEL/01_veri_seti/islenmis_veri/test/kusursuz/Class6_Test_0326.PNG,0,kusursuz,0.23158903,0,kusursuz,dogru_kusursuz
/content/drive/MyDrive/DERİNMODEL/01_veri_seti/islenmis_veri/test/kusursuz/Class6_Test_0328.PNG,0,kusursuz,0.3262328,0,kusursuz,dogru_kusursuz
/content/drive/MyDrive/DERİNMODEL/01_veri_seti/islenmis_veri/test/kusursuz/Class6_Test_0329.PNG,0,kusursuz,0.33358747,0,kusursuz,dogru_kusursuz
/content/drive/MyDrive/DERİNMODEL/01_veri_seti/islenmis_veri/test/kusursuz/Class6_Test_0331.PNG,0,kusursuz,0.21431556,0,kusursuz,dogru_kusursuz
/content/drive/MyDrive/DERİNMODEL/01_veri_seti/islenmis_veri/test/kusursuz/Class6_Test_0332.PNG,0,kusursuz,0.21432647,0,kusursuz,dogru_kusursuz
/content/drive/MyDrive/DERİNMODEL/01_veri_seti/islenmis_veri/test/kusursuz/Class6_Test_0335.PNG,0,kusursuz,0.40421924,0,kusursuz,dogru_kusursuz
/content/drive/MyDrive/DERİNMODEL/01_veri_seti/islenmis_veri/test/kusursuz/Class6_Test_0337.PNG,0,kusursuz,0.22010112,0,kusursuz,dogru_kusursuz
/content/drive/MyDrive/DERİNMODEL/01_veri_seti/islenmis_veri/test/kusursuz/Class6_Test_0338.PNG,0,kusursuz,0.24883482,0,kusursuz,dogru_kusursuz
/content/drive/MyDrive/DERİNMODEL/01_veri_seti/islenmis_veri/test/kusursuz/Class6_Test_0339.PNG,0,kusursuz,0.22714573,0,kusursuz,dogru_kusursuz
/content/drive/MyDrive/DERİNMODEL/01_veri_seti/islenmis_veri/test/kusursuz/Class6_Test_0340.PNG,0,kusursuz,0.33398405,0,kusursuz,dogru_kusursuz
/content/drive/MyDrive/DERİNMODEL/01_veri_seti/islenmis_veri/test/kusursuz/Class6_Test_0341.PNG,0,kusursuz,0.29519707,0,kusursuz,dogru_kusursuz
/content/drive/MyDrive/DERİNMODEL/01_veri_seti/islenmis_veri/test/kusursuz/Class6_Test_0343.PNG,0,kusursuz,0.28030464,0,kusursuz,dogru_kusursuz
/content/drive/MyDrive/DERİNMODEL/01_veri_seti/islenmis_veri/test/kusursuz/Class6_Test_0344.PNG,0,kusursuz,0.18989682,0,kusursuz,dogru_kusursuz
/content/drive/MyDrive/DERİNMODEL/01_veri_seti/islenmis_veri/test/kusursuz/Class6_Test_0345.PNG,0,kusursuz,0.1797675,0,kusursuz,dogru_kusursuz
/content/drive/MyDrive/DERİNMODEL/01_veri_seti/islenmis_veri/test/kusursuz/Class6_Test_0346.PNG,0,kusursuz,0.23738034,0,kusursuz,dogru_kusursuz
/content/drive/MyDrive/DERİNMODEL/01_veri_seti/islenmis_veri/test/kusursuz/Class6_Test_0347.PNG,0,kusursuz,0.18703778,0,kusursuz,dogru_kusursuz
/content/drive/MyDrive/DERİNMODEL/01_veri_seti/islenmis_veri/test/kusursuz/Class6_Test_0348.PNG,0,kusursuz,0.18380706,0,kusursuz,dogru_kusursuz
/content/drive/MyDrive/DERİNMODEL/01_veri_seti/islenmis_veri/test/kusursuz/Class6_Test_0349.PNG,0,kusursuz,0.15979424,0,kusursuz,dogru_kusursuz
/content/drive/MyDrive/DERİNMODEL/01_veri_seti/islenmis_veri/test/kusursuz/Class6_Test_0350.PNG,0,kusursuz,0.1680333,0,kusursuz,dogru_kusursuz
/content/drive/MyDrive/DERİNMODEL/01_veri_seti/islenmis_veri/test/kusursuz/Class6_Test_0351.PNG,0,kusursuz,0.2313703,0,kusursuz,dogru_kusursuz
/content/drive/MyDrive/DERİNMODEL/01_veri_seti/islenmis_veri/test/kusursuz/Class6_Test_0352.PNG,0,kusursuz,0.15089022,0,kusursuz,dogru_kusursuz
/content/drive/MyDrive/DERİNMODEL/01_veri_seti/islenmis_veri/test/kusursuz/Class6_Test_0353.PNG,0,kusursuz,0.1780389,0,kusursuz,dogru_kusursuz
/content/drive/MyDrive/DERİNMODEL/01_veri_seti/islenmis_veri/test/kusursuz/Class6_Test_0354.PNG,0,kusursuz,0.22257093,0,kusursuz,dogru_kusursuz
/content/drive/MyDrive/DERİNMODEL/01_veri_seti/islenmis_veri/test/kusursuz/Class6_Test_0355.PNG,0,kusursuz,0.16707976,0,kusursuz,dogru_kusursuz
/content/drive/MyDrive/DERİNMODEL/01_veri_seti/islenmis_veri/test/kusursuz/Class6_Test_0356.PNG,0,kusursuz,0.2495344,0,kusursuz,dogru_kusursuz
/content/drive/MyDrive/DERİNMODEL/01_veri_seti/islenmis_veri/test/kusursuz/Class6_Test_0357.PNG,0,kusursuz,0.16577654,0,kusursuz,dogru_kusursuz
/content/drive/MyDrive/DERİNMODEL/01_veri_seti/islenmis_veri/test/kusursuz/Class6_Test_0358.PNG,0,kusursuz,0.17890781,0,kusursuz,dogru_kusursuz
/content/drive/MyDrive/DERİNMODEL/01_veri_seti/islenmis_veri/test/kusursuz/Class6_Test_0359.PNG,0,kusursuz,0.2686272,0,kusursuz,dogru_kusursuz
/content/drive/MyDrive/DERİNMODEL/01_veri_seti/islenmis_veri/test/kusursuz/Class6_Test_0360.PNG,0,kusursuz,0.28546786,0,kusursuz,dogru_kusursuz
/content/drive/MyDrive/DERİNMODEL/01_veri_seti/islenmis_veri/test/kusursuz/Class6_Test_0361.PNG,0,kusursuz,0.1674734,0,kusursuz,dogru_kusursuz
/content/drive/MyDrive/DERİNMODEL/01_veri_seti/islenmis_veri/test/kusursuz/Class6_Test_0362.PNG,0,kusursuz,0.13708963,0,kusursuz,dogru_kusursuz
/content/drive/MyDrive/DERİNMODEL/01_veri_seti/islenmis_veri/test/kusursuz/Class6_Test_0363.PNG,0,kusursuz,0.57104915,0,kusursuz,dogru_kusursuz
/content/drive/MyDrive/DERİNMODEL/01_veri_seti/islenmis_veri/test/kusursuz/Class6_Test_0365.PNG,0,kusursuz,0.41970187,0,kusursuz,dogru_kusursuz
/content/drive/MyDrive/DERİNMODEL/01_veri_seti/islenmis_veri/test/kusursuz/Class6_Test_0366.PNG,0,kusursuz,0.19216926,0,kusursuz,dogru_kusursuz
/content/drive/MyDrive/DERİNMODEL/01_veri_seti/islenmis_veri/test/kusursuz/Class6_Test_0367.PNG,0,kusursuz,0.29467022,0,kusursuz,dogru_kusursuz
/content/drive/MyDrive/DERİNMODEL/01_veri_seti/islenmis_veri/test/kusursuz/Class6_Test_0368.PNG,0,kusursuz,0.30341995,0,kusursuz,dogru_kusursuz
/content/drive/MyDrive/DERİNMODEL/01_veri_seti/islenmis_veri/test/kusursuz/Class6_Test_0369.PNG,0,kusursuz,0.23156743,0,kusursuz,dogru_kusursuz
/content/drive/MyDrive/DERİNMODEL/01_veri_seti/islenmis_veri/test/kusursuz/Class6_Test_0370.PNG,0,kusursuz,0.23584142,0,kusursuz,dogru_kusursuz
/content/drive/MyDrive/DERİNMODEL/01_veri_seti/islenmis_veri/test/kusursuz/Class6_Test_0372.PNG,0,kusursuz,0.26772845,0,kusursuz,dogru_kusursuz
/content/drive/MyDrive/DERİNMODEL/01_veri_seti/islenmis_veri/test/kusursuz/Class6_Test_0373.PNG,0,kusursuz,0.18622266,0,kusursuz,dogru_kusursuz
/content/drive/MyDrive/DERİNMODEL/01_veri_seti/islenmis_veri/test/kusursuz/Class6_Test_0374.PNG,0,kusursuz,0.20101947,0,kusursuz,dogru_kusursuz
/content/drive/MyDrive/DERİNMODEL/01_veri_seti/islenmis_veri/test/kusursuz/Class6_Test_0375.PNG,0,kusursuz,0.37261438,0,kusursuz,dogru_kusursuz
/content/drive/MyDrive/DERİNMODEL/01_veri_seti/islenmis_veri/test/kusursuz/Class6_Test_0376.PNG,0,kusursuz,0.33076236,0,kusursuz,dogru_kusursuz
/content/drive/MyDrive/DERİNMODEL/01_veri_seti/islenmis_veri/test/kusursuz/Class6_Test_0377.PNG,0,kusursuz,0.30513006,0,kusursuz,dogru_kusursuz
/content/drive/MyDrive/DERİNMODEL/01_veri_seti/islenmis_veri/test/kusursuz/Class6_Test_0378.PNG,0,kusursuz,0.25990832,0,kusursuz,dogru_kusursuz
/content/drive/MyDrive/DERİNMODEL/01_veri_seti/islenmis_veri/test/kusursuz/Class6_Test_0379.PNG,0,kusursuz,0.2802237,0,kusursuz,dogru_kusursuz
/content/drive/MyDrive/DERİNMODEL/01_veri_seti/islenmis_veri/test/kusursuz/Class6_Test_0380.PNG,0,kusursuz,0.23389511,0,kusursuz,dogru_kusursuz
/content/drive/MyDrive/DERİNMODEL/01_veri_seti/islenmis_veri/test/kusursuz/Class6_Test_0382.PNG,0,kusursuz,0.21567796,0,kusursuz,dogru_kusursuz
/content/drive/MyDrive/DERİNMODEL/01_veri_seti/islenmis_veri/test/kusursuz/Class6_Test_0383.PNG,0,kusursuz,0.30073056,0,kusursuz,dogru_kusursuz
/content/drive/MyDrive/DERİNMODEL/01_veri_seti/islenmis_veri/test/kusursuz/Class6_Test_0384.PNG,0,kusursuz,0.14084391,0,kusursuz,dogru_kusursuz
/content/drive/MyDrive/DERİNMODEL/01_veri_seti/islenmis_veri/test/kusursuz/Class6_Test_0385.PNG,0,kusursuz,0.17515118,0,kusursuz,dogru_kusursuz
/content/drive/MyDrive/DERİNMODEL/01_veri_seti/islenmis_veri/test/kusursuz/Class6_Test_0386.PNG,0,kusursuz,0.18119814,0,kusursuz,dogru_kusursuz
/content/drive/MyDrive/DERİNMODEL/01_veri_seti/islenmis_veri/test/kusursuz/Class6_Test_0387.PNG,0,kusursuz,0.15272984,0,kusursuz,dogru_kusursuz
/content/drive/MyDrive/DERİNMODEL/01_veri_seti/islenmis_veri/test/kusursuz/Class6_Test_0388.PNG,0,kusursuz,0.28828236,0,kusursuz,dogru_kusursuz
/content/drive/MyDrive/DERİNMODEL/01_veri_seti/islenmis_veri/test/kusursuz/Class6_Test_0389.PNG,0,kusursuz,0.2790317,0,kusursuz,dogru_kusursuz
/content/drive/MyDrive/DERİNMODEL/01_veri_seti/islenmis_veri/test/kusursuz/Class6_Test_0390.PNG,0,kusursuz,0.16485743,0,kusursuz,dogru_kusursuz
/content/drive/MyDrive/DERİNMODEL/01_veri_seti/islenmis_veri/test/kusursuz/Class6_Test_0391.PNG,0,kusursuz,0.2558537,0,kusursuz,dogru_kusursuz
/content/drive/MyDrive/DERİNMODEL/01_veri_seti/islenmis_veri/test/kusursuz/Class6_Test_0392.PNG,0,kusursuz,0.20211935,0,kusursuz,dogru_kusursuz
/content/drive/MyDrive/DERİNMODEL/01_veri_seti/islenmis_veri/test/kusursuz/Class6_Test_0393.PNG,0,kusursuz,0.20753357,0,kusursuz,dogru_kusursuz
/content/drive/MyDrive/DERİNMODEL/01_veri_seti/islenmis_veri/test/kusursuz/Class6_Test_0394.PNG,0,kusursuz,0.19963592,0,kusursuz,dogru_kusursuz
/content/drive/MyDrive/DERİNMODEL/01_veri_seti/islenmis_veri/test/kusursuz/Class6_Test_0395.PNG,0,kusursuz,0.20532377,0,kusursuz,dogru_kusursuz
/content/drive/MyDrive/DERİNMODEL/01_veri_seti/islenmis_veri/test/kusursuz/Class6_Test_0397.PNG,0,kusursuz,0.24730846,0,kusursuz,dogru_kusursuz
/content/drive/MyDrive/DERİNMODEL/01_veri_seti/islenmis_veri/test/kusursuz/Class6_Test_0398.PNG,0,kusursuz,0.17517497,0,kusursuz,dogru_kusursuz
/content/drive/MyDrive/DERİNMODEL/01_veri_seti/islenmis_veri/test/kusursuz/Class6_Test_0399.PNG,0,kusursuz,0.28058004,0,kusursuz,dogru_kusursuz
/content/drive/MyDrive/DERİNMODEL/01_veri_seti/islenmis_veri/test/kusursuz/Class6_Test_0400.PNG,0,kusursuz,0.20167774,0,kusursuz,dogru_kusursuz
/content/drive/MyDrive/DERİNMODEL/01_veri_seti/islenmis_veri/test/kusursuz/Class6_Test_0402.PNG,0,kusursuz,0.18077998,0,kusursuz,dogru_kusursuz
/content/drive/MyDrive/DERİNMODEL/01_veri_seti/islenmis_veri/test/kusursuz/Class6_Test_0405.PNG,0,kusursuz,0.22278549,0,kusursuz,dogru_kusursuz
/content/drive/MyDrive/DERİNMODEL/01_veri_seti/islenmis_veri/test/kusursuz/Class6_Test_0407.PNG,0,kusursuz,0.24870333,0,kusursuz,dogru_kusursuz
/content/drive/MyDrive/DERİNMODEL/01_veri_seti/islenmis_veri/test/kusursuz/Class6_Test_0408.PNG,0,kusursuz,0.22409119,0,kusursuz,dogru_kusursuz
/content/drive/MyDrive/DERİNMODEL/01_veri_seti/islenmis_veri/test/kusursuz/Class6_Test_0409.PNG,0,kusursuz,0.17940502,0,kusursuz,dogru_kusursuz
/content/drive/MyDrive/DERİNMODEL/01_veri_seti/islenmis_veri/test/kusursuz/Class6_Test_0410.PNG,0,kusursuz,0.32985264,0,kusursuz,dogru_kusursuz
/content/drive/MyDrive/DERİNMODEL/01_veri_seti/islenmis_veri/test/kusursuz/Class6_Test_0412.PNG,0,kusursuz,0.22952068,0,kusursuz,dogru_kusursuz
/content/drive/MyDrive/DERİNMODEL/01_veri_seti/islenmis_veri/test/kusursuz/Class6_Test_0413.PNG,0,kusursuz,0.33101574,0,kusursuz,dogru_kusursuz
/content/drive/MyDrive/DERİNMODEL/01_veri_seti/islenmis_veri/test/kusursuz/Class6_Test_0414.PNG,0,kusursuz,0.27033177,0,kusursuz,dogru_kusursuz
/content/drive/MyDrive/DERİNMODEL/01_veri_seti/islenmis_veri/test/kusursuz/Class6_Test_0415.PNG,0,kusursuz,0.22095263,0,kusursuz,dogru_kusursuz
/content/drive/MyDrive/DERİNMODEL/01_veri_seti/islenmis_veri/test/kusursuz/Class6_Test_0416.PNG,0,kusursuz,0.121040106,0,kusursuz,dogru_kusursuz
/content/drive/MyDrive/DERİNMODEL/01_veri_seti/islenmis_veri/test/kusursuz/Class6_Test_0417.PNG,0,kusursuz,0.21839373,0,kusursuz,dogru_kusursuz
/content/drive/MyDrive/DERİNMODEL/01_veri_seti/islenmis_veri/test/kusursuz/Class6_Test_0418.PNG,0,kusursuz,0.1546473,0,kusursuz,dogru_kusursuz
/content/drive/MyDrive/DERİNMODEL/01_veri_seti/islenmis_veri/test/kusursuz/Class6_Test_0419.PNG,0,kusursuz,0.17640558,0,kusursuz,dogru_kusursuz
/content/drive/MyDrive/DERİNMODEL/01_veri_seti/islenmis_veri/test/kusursuz/Class6_Test_0420.PNG,0,kusursuz,0.31353748,0,kusursuz,dogru_kusursuz
/content/drive/MyDrive/DERİNMODEL/01_veri_seti/islenmis_veri/test/kusursuz/Class6_Test_0421.PNG,0,kusursuz,0.18451351,0,kusursuz,dogru_kusursuz
/content/drive/MyDrive/DERİNMODEL/01_veri_seti/islenmis_veri/test/kusursuz/Class6_Test_0422.PNG,0,kusursuz,0.1989327,0,kusursuz,dogru_kusursuz
/content/drive/MyDrive/DERİNMODEL/01_veri_seti/islenmis_veri/test/kusursuz/Class6_Test_0423.PNG,0,kusursuz,0.34684324,0,kusursuz,dogru_kusursuz
/content/drive/MyDrive/DERİNMODEL/01_veri_seti/islenmis_veri/test/kusursuz/Class6_Test_0424.PNG,0,kusursuz,0.23811185,0,kusursuz,dogru_kusursuz
/content/drive/MyDrive/DERİNMODEL/01_veri_seti/islenmis_veri/test/kusursuz/Class6_Test_0425.PNG,0,kusursuz,0.31348678,0,kusursuz,dogru_kusursuz
/content/drive/MyDrive/DERİNMODEL/01_veri_seti/islenmis_veri/test/kusursuz/Class6_Test_0427.PNG,0,kusursuz,0.2867597,0,kusursuz,dogru_kusursuz
/content/drive/MyDrive/DERİNMODEL/01_veri_seti/islenmis_veri/test/kusursuz/Class6_Test_0428.PNG,0,kusursuz,0.15412502,0,kusursuz,dogru_kusursuz
/content/drive/MyDrive/DERİNMODEL/01_veri_seti/islenmis_veri/test/kusursuz/Class6_Test_0429.PNG,0,kusursuz,0.21746394,0,kusursuz,dogru_kusursuz
/content/drive/MyDrive/DERİNMODEL/01_veri_seti/islenmis_veri/test/kusursuz/Class6_Test_0430.PNG,0,kusursuz,0.32615584,0,kusursuz,dogru_kusursuz
/content/drive/MyDrive/DERİNMODEL/01_veri_seti/islenmis_veri/test/kusursuz/Class6_Test_0432.PNG,0,kusursuz,0.21117084,0,kusursuz,dogru_kusursuz
/content/drive/MyDrive/DERİNMODEL/01_veri_seti/islenmis_veri/test/kusursuz/Class6_Test_0433.PNG,0,kusursuz,0.25366408,0,kusursuz,dogru_kusursuz
/content/drive/MyDrive/DERİNMODEL/01_veri_seti/islenmis_veri/test/kusursuz/Class6_Test_0434.PNG,0,kusursuz,0.12659268,0,kusursuz,dogru_kusursuz
/content/drive/MyDrive/DERİNMODEL/01_veri_seti/islenmis_veri/test/kusursuz/Class6_Test_0435.PNG,0,kusursuz,0.24135767,0,kusursuz,dogru_kusursuz
/content/drive/MyDrive/DERİNMODEL/01_veri_seti/islenmis_veri/test/kusursuz/Class6_Test_0436.PNG,0,kusursuz,0.26276657,0,kusursuz,dogru_kusursuz
/content/drive/MyDrive/DERİNMODEL/01_veri_seti/islenmis_veri/test/kusursuz/Class6_Test_0437.PNG,0,kusursuz,0.16341186,0,kusursuz,dogru_kusursuz
/content/drive/MyDrive/DERİNMODEL/01_veri_seti/islenmis_veri/test/kusursuz/Class6_Test_0438.PNG,0,kusursuz,0.15440142,0,kusursuz,dogru_kusursuz
/content/drive/MyDrive/DERİNMODEL/01_veri_seti/islenmis_veri/test/kusursuz/Class6_Test_0439.PNG,0,kusursuz,0.28783885,0,kusursuz,dogru_kusursuz
/content/drive/MyDrive/DERİNMODEL/01_veri_seti/islenmis_veri/test/kusursuz/Class6_Test_0440.PNG,0,kusursuz,0.18550888,0,kusursuz,dogru_kusursuz
/content/drive/MyDrive/DERİNMODEL/01_veri_seti/islenmis_veri/test/kusursuz/Class6_Test_0442.PNG,0,kusursuz,0.29924238,0,kusursuz,dogru_kusursuz
/content/drive/MyDrive/DERİNMODEL/01_veri_seti/islenmis_veri/test/kusursuz/Class6_Test_0444.PNG,0,kusursuz,0.21559559,0,kusursuz,dogru_kusursuz
/content/drive/MyDrive/DERİNMODEL/01_veri_seti/islenmis_veri/test/kusursuz/Class6_Test_0445.PNG,0,kusursuz,0.2621433,0,kusursuz,dogru_kusursuz
/content/drive/MyDrive/DERİNMODEL/01_veri_seti/islenmis_veri/test/kusursuz/Class6_Test_0446.PNG,0,kusursuz,0.19050743,0,kusursuz,dogru_kusursuz
/content/drive/MyDrive/DERİNMODEL/01_veri_seti/islenmis_veri/test/kusursuz/Class6_Test_0448.PNG,0,kusursuz,0.12566109,0,kusursuz,dogru_kusursuz
/content/drive/MyDrive/DERİNMODEL/01_veri_seti/islenmis_veri/test/kusursuz/Class6_Test_0449.PNG,0,kusursuz,0.21038507,0,kusursuz,dogru_kusursuz
/content/drive/MyDrive/DERİNMODEL/01_veri_seti/islenmis_veri/test/kusursuz/Class6_Test_0450.PNG,0,kusursuz,0.15876293,0,kusursuz,dogru_kusursuz
/content/drive/MyDrive/DERİNMODEL/01_veri_seti/islenmis_veri/test/kusursuz/Class6_Test_0452.PNG,0,kusursuz,0.33313757,0,kusursuz,dogru_kusursuz
/content/drive/MyDrive/DERİNMODEL/01_veri_seti/islenmis_veri/test/kusursuz/Class6_Test_0453.PNG,0,kusursuz,0.23496993,0,kusursuz,dogru_kusursuz
/content/drive/MyDrive/DERİNMODEL/01_veri_seti/islenmis_veri/test/kusursuz/Class6_Test_0454.PNG,0,kusursuz,0.16175357,0,kusursuz,dogru_kusursuz
/content/drive/MyDrive/DERİNMODEL/01_veri_seti/islenmis_veri/test/kusursuz/Class6_Test_0455.PNG,0,kusursuz,0.4668165,0,kusursuz,dogru_kusursuz
/content/drive/MyDrive/DERİNMODEL/01_veri_seti/islenmis_veri/test/kusursuz/Class6_Test_0456.PNG,0,kusursuz,0.1722551,0,kusursuz,dogru_kusursuz
/content/drive/MyDrive/DERİNMODEL/01_veri_seti/islenmis_veri/test/kusursuz/Class6_Test_0457.PNG,0,kusursuz,0.22867858,0,kusursuz,dogru_kusursuz
/content/drive/MyDrive/DERİNMODEL/01_veri_seti/islenmis_veri/test/kusursuz/Class6_Test_0458.PNG,0,kusursuz,0.2507025,0,kusursuz,dogru_kusursuz
/content/drive/MyDrive/DERİNMODEL/01_veri_seti/islenmis_veri/test/kusursuz/Class6_Test_0459.PNG,0,kusursuz,0.20734042,0,kusursuz,dogru_kusursuz
/content/drive/MyDrive/DERİNMODEL/01_veri_seti/islenmis_veri/test/kusursuz/Class6_Test_0460.PNG,0,kusursuz,0.19009556,0,kusursuz,dogru_kusursuz
/content/drive/MyDrive/DERİNMODEL/01_veri_seti/islenmis_veri/test/kusursuz/Class6_Test_0461.PNG,0,kusursuz,0.17479673,0,kusursuz,dogru_kusursuz
/content/drive/MyDrive/DERİNMODEL/01_veri_seti/islenmis_veri/test/kusursuz/Class6_Test_0462.PNG,0,kusursuz,0.240667,0,kusursuz,dogru_kusursuz
/content/drive/MyDrive/DERİNMODEL/01_veri_seti/islenmis_veri/test/kusursuz/Class6_Test_0463.PNG,0,kusursuz,0.23404184,0,kusursuz,dogru_kusursuz
/content/drive/MyDrive/DERİNMODEL/01_veri_seti/islenmis_veri/test/kusursuz/Class6_Test_0464.PNG,0,kusursuz,0.33904752,0,kusursuz,dogru_kusursuz
/content/drive/MyDrive/DERİNMODEL/01_veri_seti/islenmis_veri/test/kusursuz/Class6_Test_0465.PNG,0,kusursuz,0.17176868,0,kusursuz,dogru_kusursuz
/content/drive/MyDrive/DERİNMODEL/01_veri_seti/islenmis_veri/test/kusursuz/Class6_Test_0466.PNG,0,kusursuz,0.22403471,0,kusursuz,dogru_kusursuz
/content/drive/MyDrive/DERİNMODEL/01_veri_seti/islenmis_veri/test/kusursuz/Class6_Test_0467.PNG,0,kusursuz,0.24646892,0,kusursuz,dogru_kusursuz
/content/drive/MyDrive/DERİNMODEL/01_veri_seti/islenmis_veri/test/kusursuz/Class6_Test_0468.PNG,0,kusursuz,0.19416393,0,kusursuz,dogru_kusursuz
/content/drive/MyDrive/DERİNMODEL/01_veri_seti/islenmis_veri/test/kusursuz/Class6_Test_0469.PNG,0,kusursuz,0.19470966,0,kusursuz,dogru_kusursuz
/content/drive/MyDrive/DERİNMODEL/01_veri_seti/islenmis_veri/test/kusursuz/Class6_Test_0470.PNG,0,kusursuz,0.16654228,0,kusursuz,dogru_kusursuz
/content/drive/MyDrive/DERİNMODEL/01_veri_seti/islenmis_veri/test/kusursuz/Class6_Test_0471.PNG,0,kusursuz,0.34847856,0,kusursuz,dogru_kusursuz
/content/drive/MyDrive/DERİNMODEL/01_veri_seti/islenmis_veri/test/kusursuz/Class6_Test_0473.PNG,0,kusursuz,0.18707871,0,kusursuz,dogru_kusursuz
/content/drive/MyDrive/DERİNMODEL/01_veri_seti/islenmis_veri/test/kusursuz/Class6_Test_0474.PNG,0,kusursuz,0.13205469,0,kusursuz,dogru_kusursuz
/content/drive/MyDrive/DERİNMODEL/01_veri_seti/islenmis_veri/test/kusursuz/Class6_Test_0475.PNG,0,kusursuz,0.25852877,0,kusursuz,dogru_kusursuz
/content/drive/MyDrive/DERİNMODEL/01_veri_seti/islenmis_veri/test/kusursuz/Class6_Test_0476.PNG,0,kusursuz,0.27732038,0,kusursuz,dogru_kusursuz
/content/drive/MyDrive/DERİNMODEL/01_veri_seti/islenmis_veri/test/kusursuz/Class6_Test_0477.PNG,0,kusursuz,0.38678086,0,kusursuz,dogru_kusursuz
/content/drive/MyDrive/DERİNMODEL/01_veri_seti/islenmis_veri/test/kusursuz/Class6_Test_0479.PNG,0,kusursuz,0.17760754,0,kusursuz,dogru_kusursuz
/content/drive/MyDrive/DERİNMODEL/01_veri_seti/islenmis_veri/test/kusursuz/Class6_Test_0480.PNG,0,kusursuz,0.2758383,0,kusursuz,dogru_kusursuz
/content/drive/MyDrive/DERİNMODEL/01_veri_seti/islenmis_veri/test/kusursuz/Class6_Test_0482.PNG,0,kusursuz,0.21456783,0,kusursuz,dogru_kusursuz
/content/drive/MyDrive/DERİNMODEL/01_veri_seti/islenmis_veri/test/kusursuz/Class6_Test_0483.PNG,0,kusursuz,0.18634142,0,kusursuz,dogru_kusursuz
/content/drive/MyDrive/DERİNMODEL/01_veri_seti/islenmis_veri/test/kusursuz/Class6_Test_0484.PNG,0,kusursuz,0.2560545,0,kusursuz,dogru_kusursuz
/content/drive/MyDrive/DERİNMODEL/01_veri_seti/islenmis_veri/test/kusursuz/Class6_Test_0486.PNG,0,kusursuz,0.22579914,0,kusursuz,dogru_kusursuz
/content/drive/MyDrive/DERİNMODEL/01_veri_seti/islenmis_veri/test/kusursuz/Class6_Test_0487.PNG,0,kusursuz,0.2640908,0,kusursuz,dogru_kusursuz
/content/drive/MyDrive/DERİNMODEL/01_veri_seti/islenmis_veri/test/kusursuz/Class6_Test_0488.PNG,0,kusursuz,0.20147881,0,kusursuz,dogru_kusursuz
/content/drive/MyDrive/DERİNMODEL/01_veri_seti/islenmis_veri/test/kusursuz/Class6_Test_0489.PNG,0,kusursuz,0.11925798,0,kusursuz,dogru_kusursuz
/content/drive/MyDrive/DERİNMODEL/01_veri_seti/islenmis_veri/test/kusursuz/Class6_Test_0490.PNG,0,kusursuz,0.1960373,0,kusursuz,dogru_kusursuz
/content/drive/MyDrive/DERİNMODEL/01_veri_seti/islenmis_veri/test/kusursuz/Class6_Test_0491.PNG,0,kusursuz,0.3364052,0,kusursuz,dogru_kusursuz
/content/drive/MyDrive/DERİNMODEL/01_veri_seti/islenmis_veri/test/kusursuz/Class6_Test_0493.PNG,0,kusursuz,0.22320937,0,kusursuz,dogru_kusursuz
/content/drive/MyDrive/DERİNMODEL/01_veri_seti/islenmis_veri/test/kusursuz/Class6_Test_0494.PNG,0,kusursuz,0.14196056,0,kusursuz,dogru_kusursuz
/content/drive/MyDrive/DERİNMODEL/01_veri_seti/islenmis_veri/test/kusursuz/Class6_Test_0496.PNG,0,kusursuz,0.29148743,0,kusursuz,dogru_kusursuz
/content/drive/MyDrive/DERİNMODEL/01_veri_seti/islenmis_veri/test/kusursuz/Class6_Test_0497.PNG,0,kusursuz,0.24051943,0,kusursuz,dogru_kusursuz
/content/drive/MyDrive/DERİNMODEL/01_veri_seti/islenmis_veri/test/kusursuz/Class6_Test_0498.PNG,0,kusursuz,0.20512736,0,kusursuz,dogru_kusursuz
/content/drive/MyDrive/DERİNMODEL/01_veri_seti/islenmis_veri/test/kusursuz/Class6_Test_0499.PNG,0,kusursuz,0.24208985,0,kusursuz,dogru_kusursuz
/content/drive/MyDrive/DERİNMODEL/01_veri_seti/islenmis_veri/test/kusursuz/Class6_Test_0500.PNG,0,kusursuz,0.17132308,0,kusursuz,dogru_kusursuz
/content/drive/MyDrive/DERİNMODEL/01_veri_seti/islenmis_veri/test/kusursuz/Class6_Test_0501.PNG,0,kusursuz,0.22646065,0,kusursuz,dogru_kusursuz
/content/drive/MyDrive/DERİNMODEL/01_veri_seti/islenmis_veri/test/kusursuz/Class6_Test_0502.PNG,0,kusursuz,0.15890507,0,kusursuz,dogru_kusursuz
/content/drive/MyDrive/DERİNMODEL/01_veri_seti/islenmis_veri/test/kusursuz/Class6_Test_0503.PNG,0,kusursuz,0.25034615,0,kusursuz,dogru_kusursuz
/content/drive/MyDrive/DERİNMODEL/01_veri_seti/islenmis_veri/test/kusursuz/Class6_Test_0504.PNG,0,kusursuz,0.19648735,0,kusursuz,dogru_kusursuz
/content/drive/MyDrive/DERİNMODEL/01_veri_seti/islenmis_veri/test/kusursuz/Class6_Test_0505.PNG,0,kusursuz,0.31451124,0,kusursuz,dogru_kusursuz
/content/drive/MyDrive/DERİNMODEL/01_veri_seti/islenmis_veri/test/kusursuz/Class6_Test_0506.PNG,0,kusursuz,0.23177677,0,kusursuz,dogru_kusursuz
/content/drive/MyDrive/DERİNMODEL/01_veri_seti/islenmis_veri/test/kusursuz/Class6_Test_0507.PNG,0,kusursuz,0.19034383,0,kusursuz,dogru_kusursuz
/content/drive/MyDrive/DERİNMODEL/01_veri_seti/islenmis_veri/test/kusursuz/Class6_Test_0508.PNG,0,kusursuz,0.24295498,0,kusursuz,dogru_kusursuz
/content/drive/MyDrive/DERİNMODEL/01_veri_seti/islenmis_veri/test/kusursuz/Class6_Test_0509.PNG,0,kusursuz,0.2720739,0,kusursuz,dogru_kusursuz
/content/drive/MyDrive/DERİNMODEL/01_veri_seti/islenmis_veri/test/kusursuz/Class6_Test_0510.PNG,0,kusursuz,0.16386417,0,kusursuz,dogru_kusursuz
/content/drive/MyDrive/DERİNMODEL/01_veri_seti/islenmis_veri/test/kusursuz/Class6_Test_0511.PNG,0,kusursuz,0.25958863,0,kusursuz,dogru_kusursuz
/content/drive/MyDrive/DERİNMODEL/01_veri_seti/islenmis_veri/test/kusursuz/Class6_Test_0512.PNG,0,kusursuz,0.19239525,0,kusursuz,dogru_kusursuz
/content/drive/MyDrive/DERİNMODEL/01_veri_seti/islenmis_veri/test/kusursuz/Class6_Test_0513.PNG,0,kusursuz,0.19424762,0,kusursuz,dogru_kusursuz
/content/drive/MyDrive/DERİNMODEL/01_veri_seti/islenmis_veri/test/kusursuz/Class6_Test_0514.PNG,0,kusursuz,0.2659563,0,kusursuz,dogru_kusursuz
/content/drive/MyDrive/DERİNMODEL/01_veri_seti/islenmis_veri/test/kusursuz/Class6_Test_0515.PNG,0,kusursuz,0.2175531,0,kusursuz,dogru_kusursuz
/content/drive/MyDrive/DERİNMODEL/01_veri_seti/islenmis_veri/test/kusursuz/Class6_Test_0516.PNG,0,kusursuz,0.15518017,0,kusursuz,dogru_kusursuz
/content/drive/MyDrive/DERİNMODEL/01_veri_seti/islenmis_veri/test/kusursuz/Class6_Test_0517.PNG,0,kusursuz,0.2595581,0,kusursuz,dogru_kusursuz
/content/drive/MyDrive/DERİNMODEL/01_veri_seti/islenmis_veri/test/kusursuz/Class6_Test_0518.PNG,0,kusursuz,0.28069782,0,kusursuz,dogru_kusursuz
/content/drive/MyDrive/DERİNMODEL/01_veri_seti/islenmis_veri/test/kusursuz/Class6_Test_0519.PNG,0,kusursuz,0.2059722,0,kusursuz,dogru_kusursuz
/content/drive/MyDrive/DERİNMODEL/01_veri_seti/islenmis_veri/test/kusursuz/Class6_Test_0520.PNG,0,kusursuz,0.15412872,0,kusursuz,dogru_kusursuz
/content/drive/MyDrive/DERİNMODEL/01_veri_seti/islenmis_veri/test/kusursuz/Class6_Test_0521.PNG,0,kusursuz,0.2048029,0,kusursuz,dogru_kusursuz
/content/drive/MyDrive/DERİNMODEL/01_veri_seti/islenmis_veri/test/kusursuz/Class6_Test_0522.PNG,0,kusursuz,0.31683403,0,kusursuz,dogru_kusursuz
/content/drive/MyDrive/DERİNMODEL/01_veri_seti/islenmis_veri/test/kusursuz/Class6_Test_0523.PNG,0,kusursuz,0.2743178,0,kusursuz,dogru_kusursuz
/content/drive/MyDrive/DERİNMODEL/01_veri_seti/islenmis_veri/test/kusursuz/Class6_Test_0524.PNG,0,kusursuz,0.29086044,0,kusursuz,dogru_kusursuz
/content/drive/MyDrive/DERİNMODEL/01_veri_seti/islenmis_veri/test/kusursuz/Class6_Test_0525.PNG,0,kusursuz,0.23943073,0,kusursuz,dogru_kusursuz
/content/drive/MyDrive/DERİNMODEL/01_veri_seti/islenmis_veri/test/kusursuz/Class6_Test_0526.PNG,0,kusursuz,0.14113657,0,kusursuz,dogru_kusursuz
/content/drive/MyDrive/DERİNMODEL/01_veri_seti/islenmis_veri/test/kusursuz/Class6_Test_0528.PNG,0,kusursuz,0.22796296,0,kusursuz,dogru_kusursuz
/content/drive/MyDrive/DERİNMODEL/01_veri_seti/islenmis_veri/test/kusursuz/Class6_Test_0529.PNG,0,kusursuz,0.20570591,0,kusursuz,dogru_kusursuz
/content/drive/MyDrive/DERİNMODEL/01_veri_seti/islenmis_veri/test/kusursuz/Class6_Test_0530.PNG,0,kusursuz,0.4295573,0,kusursuz,dogru_kusursuz
/content/drive/MyDrive/DERİNMODEL/01_veri_seti/islenmis_veri/test/kusursuz/Class6_Test_0531.PNG,0,kusursuz,0.29079124,0,kusursuz,dogru_kusursuz
/content/drive/MyDrive/DERİNMODEL/01_veri_seti/islenmis_veri/test/kusursuz/Class6_Test_0532.PNG,0,kusursuz,0.2805276,0,kusursuz,dogru_kusursuz
/content/drive/MyDrive/DERİNMODEL/01_veri_seti/islenmis_veri/test/kusursuz/Class6_Test_0533.PNG,0,kusursuz,0.3065906,0,kusursuz,dogru_kusursuz
/content/drive/MyDrive/DERİNMODEL/01_veri_seti/islenmis_veri/test/kusursuz/Class6_Test_0534.PNG,0,kusursuz,0.22207618,0,kusursuz,dogru_kusursuz
/content/drive/MyDrive/DERİNMODEL/01_veri_seti/islenmis_veri/test/kusursuz/Class6_Test_0535.PNG,0,kusursuz,0.1521134,0,kusursuz,dogru_kusursuz
/content/drive/MyDrive/DERİNMODEL/01_veri_seti/islenmis_veri/test/kusursuz/Class6_Test_0536.PNG,0,kusursuz,0.14411287,0,kusursuz,dogru_kusursuz
/content/drive/MyDrive/DERİNMODEL/01_veri_seti/islenmis_veri/test/kusursuz/Class6_Test_0538.PNG,0,kusursuz,0.19991499,0,kusursuz,dogru_kusursuz
/content/drive/MyDrive/DERİNMODEL/01_veri_seti/islenmis_veri/test/kusursuz/Class6_Test_0539.PNG,0,kusursuz,0.27079406,0,kusursuz,dogru_kusursuz
/content/drive/MyDrive/DERİNMODEL/01_veri_seti/islenmis_veri/test/kusursuz/Class6_Test_0541.PNG,0,kusursuz,0.31461,0,kusursuz,dogru_kusursuz
/content/drive/MyDrive/DERİNMODEL/01_veri_seti/islenmis_veri/test/kusursuz/Class6_Test_0542.PNG,0,kusursuz,0.14607151,0,kusursuz,dogru_kusursuz
/content/drive/MyDrive/DERİNMODEL/01_veri_seti/islenmis_veri/test/kusursuz/Class6_Test_0543.PNG,0,kusursuz,0.22188267,0,kusursuz,dogru_kusursuz
/content/drive/MyDrive/DERİNMODEL/01_veri_seti/islenmis_veri/test/kusursuz/Class6_Test_0544.PNG,0,kusursuz,0.26448867,0,kusursuz,dogru_kusursuz
/content/drive/MyDrive/DERİNMODEL/01_veri_seti/islenmis_veri/test/kusursuz/Class6_Test_0545.PNG,0,kusursuz,0.2959055,0,kusursuz,dogru_kusursuz
/content/drive/MyDrive/DERİNMODEL/01_veri_seti/islenmis_veri/test/kusursuz/Class6_Test_0547.PNG,0,kusursuz,0.2539803,0,kusursuz,dogru_kusursuz
/content/drive/MyDrive/DERİNMODEL/01_veri_seti/islenmis_veri/test/kusursuz/Class6_Test_0548.PNG,0,kusursuz,0.17229176,0,kusursuz,dogru_kusursuz
/content/drive/MyDrive/DERİNMODEL/01_veri_seti/islenmis_veri/test/kusursuz/Class6_Test_0549.PNG,0,kusursuz,0.14828236,0,kusursuz,dogru_kusursuz
/content/drive/MyDrive/DERİNMODEL/01_veri_seti/islenmis_veri/test/kusursuz/Class6_Test_0550.PNG,0,kusursuz,0.36011282,0,kusursuz,dogru_kusursuz
/content/drive/MyDrive/DERİNMODEL/01_veri_seti/islenmis_veri/test/kusursuz/Class6_Test_0552.PNG,0,kusursuz,0.2847408,0,kusursuz,dogru_kusursuz
/content/drive/MyDrive/DERİNMODEL/01_veri_seti/islenmis_veri/test/kusursuz/Class6_Test_0553.PNG,0,kusursuz,0.3015776,0,kusursuz,dogru_kusursuz
/content/drive/MyDrive/DERİNMODEL/01_veri_seti/islenmis_veri/test/kusursuz/Class6_Test_0554.PNG,0,kusursuz,0.16292766,0,kusursuz,dogru_kusursuz
/content/drive/MyDrive/DERİNMODEL/01_veri_seti/islenmis_veri/test/kusursuz/Class6_Test_0555.PNG,0,kusursuz,0.23003331,0,kusursuz,dogru_kusursuz
/content/drive/MyDrive/DERİNMODEL/01_veri_seti/islenmis_veri/test/kusursuz/Class6_Test_0556.PNG,0,kusursuz,0.21052805,0,kusursuz,dogru_kusursuz
/content/drive/MyDrive/DERİNMODEL/01_veri_seti/islenmis_veri/test/kusursuz/Class6_Test_0557.PNG,0,kusursuz,0.20188582,0,kusursuz,dogru_kusursuz
/content/drive/MyDrive/DERİNMODEL/01_veri_seti/islenmis_veri/test/kusursuz/Class6_Test_0558.PNG,0,kusursuz,0.23664753,0,kusursuz,dogru_kusursuz
/content/drive/MyDrive/DERİNMODEL/01_veri_seti/islenmis_veri/test/kusursuz/Class6_Test_0559.PNG,0,kusursuz,0.19830443,0,kusursuz,dogru_kusursuz
/content/drive/MyDrive/DERİNMODEL/01_veri_seti/islenmis_veri/test/kusursuz/Class6_Test_0560.PNG,0,kusursuz,0.3254647,0,kusursuz,dogru_kusursuz
/content/drive/MyDrive/DERİNMODEL/01_veri_seti/islenmis_veri/test/kusursuz/Class6_Test_0561.PNG,0,kusursuz,0.2602806,0,kusursuz,dogru_kusursuz
/content/drive/MyDrive/DERİNMODEL/01_veri_seti/islenmis_veri/test/kusursuz/Class6_Test_0562.PNG,0,kusursuz,0.22684671,0,kusursuz,dogru_kusursuz
/content/drive/MyDrive/DERİNMODEL/01_veri_seti/islenmis_veri/test/kusursuz/Class6_Test_0564.PNG,0,kusursuz,0.29887486,0,kusursuz,dogru_kusursuz
/content/drive/MyDrive/DERİNMODEL/01_veri_seti/islenmis_veri/test/kusursuz/Class6_Test_0565.PNG,0,kusursuz,0.26390418,0,kusursuz,dogru_kusursuz
/content/drive/MyDrive/DERİNMODEL/01_veri_seti/islenmis_veri/test/kusursuz/Class6_Test_0566.PNG,0,kusursuz,0.19591458,0,kusursuz,dogru_kusursuz
/content/drive/MyDrive/DERİNMODEL/01_veri_seti/islenmis_veri/test/kusursuz/Class6_Test_0567.PNG,0,kusursuz,0.35052386,0,kusursuz,dogru_kusursuz
/content/drive/MyDrive/DERİNMODEL/01_veri_seti/islenmis_veri/test/kusursuz/Class6_Test_0568.PNG,0,kusursuz,0.18334854,0,kusursuz,dogru_kusursuz
/content/drive/MyDrive/DERİNMODEL/01_veri_seti/islenmis_veri/test/kusursuz/Class6_Test_0569.PNG,0,kusursuz,0.21594362,0,kusursuz,dogru_kusursuz
/content/drive/MyDrive/DERİNMODEL/01_veri_seti/islenmis_veri/test/kusursuz/Class6_Test_0570.PNG,0,kusursuz,0.16829455,0,kusursuz,dogru_kusursuz
/content/drive/MyDrive/DERİNMODEL/01_veri_seti/islenmis_veri/test/kusursuz/Class6_Test_0571.PNG,0,kusursuz,0.21327062,0,kusursuz,dogru_kusursuz
/content/drive/MyDrive/DERİNMODEL/01_veri_seti/islenmis_veri/test/kusursuz/Class6_Test_0572.PNG,0,kusursuz,0.23305358,0,kusursuz,dogru_kusursuz
/content/drive/MyDrive/DERİNMODEL/01_veri_seti/islenmis_veri/test/kusursuz/Class6_Test_0573.PNG,0,kusursuz,0.2935941,0,kusursuz,dogru_kusursuz
/content/drive/MyDrive/DERİNMODEL/01_veri_seti/islenmis_veri/test/kusursuz/Class6_Test_0574.PNG,0,kusursuz,0.3500412,0,kusursuz,dogru_kusursuz
/content/drive/MyDrive/DERİNMODEL/01_veri_seti/islenmis_veri/test/kusursuz/Class6_Test_0575.PNG,0,kusursuz,0.19594805,0,kusursuz,dogru_kusursuz
